0,83,93,103,113,123,133,143,153,163,173,183,193,203,213,223,233,243,253,263,273,283,293,298
3.878878878878879,-0.03959999999999996,0.027018181818181792,-0.046654545454545455,0.054327272727272696,0.028945454545454535,0.04581818181818178,0.1252727272727272,0.033999999999999996,0.062109090909090885,0.08985454545454546,0.052218181818181775,0.05610909090909088,0.07567272727272724,0.09207272727272722,0.0829818181818181,-0.011563636363636373,0.06538181818181817,0.10970909090909085,0.0030909090909091237,0.08614545454545451,0.03701818181818182,0.11959999999999996,0.091090909090909
3.872579637726421,-0.030933333333333295,0.04176969696969696,-0.024509090909090907,0.0565212121212121,0.04375757575757575,0.05336969696969694,0.12534545454545448,0.04986666666666666,0.06475151515151512,0.09530909090909091,0.06470303030303026,0.06368484848484844,0.08614545454545453,0.09707878787878783,0.08423030303030295,0.016072727272727266,0.06903030303030301,0.11048484848484841,0.02124848484848487,0.08975757575757572,0.043769696969696965,0.12053333333333327,0.09391515151515144
3.8661802762448163,-0.02226666666666664,0.056521212121212104,-0.0023636363636363603,0.05871515151515149,0.058569696969696966,0.06092121212121209,0.12541818181818176,0.06573333333333332,0.06739393939393937,0.10076363636363635,0.07718787878787875,0.07126060606060604,0.0966181818181818,0.10208484848484846,0.08547878787878779,0.0437090909090909,0.07267878787878786,0.11126060606060599,0.03940606060606062,0.09336969696969695,0.050521212121212106,0.12146666666666663,0.09673939393939386
3.859922178988327,-0.013599999999999977,0.07127272727272725,0.01978181818181818,0.060909090909090885,0.07338181818181817,0.06847272727272724,0.12549090909090904,0.08159999999999999,0.0700363636363636,0.10621818181818181,0.08967272727272722,0.07883636363636362,0.10709090909090908,0.10709090909090907,0.08672727272727267,0.07134545454545455,0.07632727272727272,0.11203636363636357,0.05756363636363637,0.09698181818181814,0.057272727272727274,0.12239999999999994,0.09956363636363631
3.853684308667682,-0.004933333333333316,0.0860242424242424,0.04192727272727274,0.06310303030303029,0.0881939393939394,0.0760242424242424,0.12556363636363632,0.09746666666666666,0.07267878787878784,0.11167272727272724,0.10215757575757571,0.0864121212121212,0.11756363636363636,0.11209696969696968,0.08797575757575753,0.09898181818181818,0.07997575757575756,0.11281212121212116,0.07572121212121212,0.10059393939393936,0.06402424242424241,0.12333333333333328,0.10238787878787872
3.8473471920570894,0.016400000000000005,0.10499999999999998,0.0832,0.0878,0.1092,0.0928,0.12739999999999999,0.121,0.085,0.11359999999999999,0.1202,0.09979999999999999,0.128,0.10959999999999999,0.1038,0.1456,0.083,0.12179999999999999,0.09680000000000001,0.106,0.07859999999999999,0.1392,0.12940000000000002
3.8411498667988355,0.0208,0.10739999999999998,0.1016,0.0882,0.10959999999999999,0.09479999999999998,0.1176,0.12,0.08940000000000001,0.1212,0.1296,0.106,0.11839999999999998,0.10800000000000001,0.1144,0.1522,0.097,0.1254,0.1066,0.10020000000000001,0.09340000000000001,0.1372,0.1446
3.8348538735116744,0.018800000000000004,0.10740000000000001,0.1128,0.09620000000000001,0.1044,0.075,0.122,0.12499999999999999,0.09240000000000001,0.1146,0.1346,0.1124,0.09999999999999999,0.11820000000000001,0.11120000000000001,0.15380000000000002,0.09899999999999999,0.11839999999999998,0.11259999999999999,0.0798,0.111,0.12919999999999998,0.138
3.828696699292926,0.026600000000000006,0.13040000000000002,0.12320000000000002,0.10859999999999999,0.11620000000000001,0.0756,0.123,0.13839999999999997,0.10259999999999998,0.114,0.1378,0.10879999999999998,0.0922,0.12320000000000002,0.1128,0.16599999999999998,0.10479999999999999,0.1192,0.1358,0.0932,0.12079999999999999,0.12140000000000001,0.12359999999999999
3.8225592650821545,0.022,0.13040000000000002,0.13119999999999998,0.0848,0.10480000000000002,0.0746,0.0984,0.13739999999999997,0.1004,0.11120000000000001,0.1288,0.09720000000000001,0.08319999999999997,0.10600000000000001,0.112,0.1478,0.1046,0.10119999999999997,0.13,0.07519999999999998,0.1128,0.09939999999999997,0.11059999999999999
3.8163240182198694,0.017,0.11059999999999999,0.12059999999999998,0.09100000000000001,0.09440000000000001,0.0684,0.0798,0.1286,0.09839999999999997,0.09480000000000001,0.12040000000000001,0.0872,0.0714,0.10640000000000002,0.1114,0.13179999999999997,0.09240000000000001,0.0996,0.1276,0.07119999999999997,0.0942,0.0772,0.09479999999999998
3.8102261553588987,-0.0001999999999999992,0.09820000000000001,0.108,0.0902,0.09040000000000001,0.071,0.07859999999999999,0.14359999999999998,0.1062,0.1024,0.11779999999999999,0.09199999999999998,0.08220000000000001,0.1044,0.10899999999999999,0.12599999999999997,0.09359999999999999,0.09240000000000001,0.1274,0.0662,0.1008,0.065,0.0886
3.8041477481899624,-0.0020000000000000005,0.078,0.0942,0.09140000000000001,0.0854,0.0648,0.0854,0.13979999999999995,0.10540000000000001,0.10960000000000002,0.11979999999999999,0.0994,0.0772,0.099,0.10479999999999998,0.1248,0.088,0.09820000000000001,0.1368,0.0684,0.11120000000000001,0.0682,0.0762
3.797972372813869,0.03500000000000002,0.087,0.12340000000000002,0.1056,0.099,0.0874,0.11780000000000002,0.14979999999999996,0.1304,0.11960000000000003,0.13579999999999998,0.10719999999999998,0.0892,0.13440000000000002,0.13340000000000002,0.137,0.11000000000000001,0.1196,0.14500000000000002,0.09059999999999999,0.149,0.08799999999999998,0.1024
3.791932968410752,0.026,0.06999999999999998,0.126,0.0928,0.0948,0.0848,0.1144,0.12879999999999997,0.11320000000000001,0.1072,0.10639999999999998,0.09659999999999998,0.0696,0.1286,0.11439999999999997,0.1252,0.09620000000000002,0.103,0.1166,0.0728,0.139,0.06999999999999998,0.08399999999999999
3.7857971545460094,0.011199999999999998,0.07199999999999998,0.12840000000000001,0.09820000000000001,0.11320000000000001,0.0834,0.1262,0.1316,0.1142,0.09820000000000001,0.1102,0.0964,0.08800000000000001,0.1518,0.11379999999999998,0.12539999999999998,0.0916,0.1026,0.1262,0.0742,0.13539999999999996,0.071,0.06679999999999998
3.7797963787112114,-0.004000000000000004,0.0732,0.13140000000000002,0.103,0.1272,0.0832,0.13240000000000002,0.1328,0.1208,0.1036,0.10880000000000001,0.094,0.09720000000000001,0.15799999999999997,0.10779999999999999,0.1274,0.08780000000000002,0.102,0.1358,0.07740000000000001,0.128,0.06919999999999998,0.0514
3.7738145961409706,-0.008800000000000004,0.0522,0.1154,0.09259999999999999,0.1192,0.09359999999999999,0.12400000000000001,0.115,0.105,0.1154,0.098,0.0756,0.09679999999999998,0.147,0.0964,0.11220000000000001,0.0742,0.0932,0.1326,0.0814,0.09659999999999999,0.05579999999999999,0.0342
3.767737230713135,-0.011999999999999997,0.038200000000000005,0.097,0.07440000000000001,0.11359999999999999,0.09720000000000001,0.1164,0.1012,0.0906,0.1012,0.0896,0.0696,0.09340000000000001,0.1416,0.0906,0.087,0.0574,0.0804,0.1232,0.07640000000000001,0.09380000000000001,0.045399999999999996,0.030199999999999998
3.76179352607469,-0.02540000000000001,0.029399999999999992,0.0756,0.0642,0.09459999999999999,0.0884,0.10299999999999998,0.07799999999999999,0.088,0.07299999999999998,0.06719999999999998,0.05319999999999999,0.0898,0.1374,0.06999999999999998,0.063,0.0422,0.0688,0.11119999999999998,0.06979999999999999,0.0866,0.028799999999999982,0.025
3.7558685446009394,-0.030600000000000002,0.028800000000000003,0.07379999999999999,0.0516,0.1006,0.082,0.1034,0.09100000000000001,0.09940000000000002,0.07840000000000001,0.0834,0.0432,0.102,0.1358,0.07780000000000001,0.08259999999999999,0.0514,0.0682,0.09699999999999999,0.0694,0.08400000000000002,0.03519999999999999,0.0272
3.7498487964194993,-0.026,0.0508,0.0846,0.0654,0.1006,0.09880000000000001,0.12080000000000003,0.10800000000000003,0.108,0.09079999999999999,0.11180000000000001,0.0518,0.11700000000000003,0.1458,0.09520000000000002,0.09620000000000001,0.0506,0.081,0.104,0.08300000000000002,0.09940000000000002,0.0434,0.0308
3.743961352657005,-0.012399999999999994,0.08280000000000001,0.09400000000000001,0.07579999999999998,0.10080000000000001,0.1052,0.1156,0.10959999999999999,0.1254,0.1114,0.125,0.049600000000000005,0.12359999999999999,0.15,0.10700000000000001,0.09140000000000001,0.055,0.07759999999999999,0.086,0.0856,0.11100000000000002,0.0378,0.046
3.7380923670565536,-0.0426,0.08080000000000001,0.0762,0.0664,0.0876,0.0862,0.07959999999999999,0.0862,0.11779999999999999,0.0882,0.10959999999999999,0.02359999999999999,0.09759999999999999,0.1184,0.0852,0.0664,0.0422,0.0522,0.0642,0.0706,0.08159999999999999,0.019600000000000003,0.027600000000000003
3.7322417529496748,-0.073,0.06459999999999999,0.052599999999999994,0.060399999999999995,0.05719999999999999,0.06699999999999999,0.055,0.06899999999999999,0.09799999999999999,0.06319999999999999,0.10959999999999999,0.014199999999999996,0.07499999999999998,0.10079999999999999,0.0722,0.03259999999999999,0.030199999999999994,0.039999999999999994,0.05579999999999998,0.04639999999999998,0.06759999999999998,0.012599999999999997,0.011999999999999993
3.7262974426781263,-0.077,0.053399999999999996,0.01799999999999999,0.0364,0.02559999999999999,0.0574,0.0364,0.0494,0.06899999999999999,0.0652,0.09459999999999999,0.004199999999999997,0.0588,0.07440000000000001,0.04959999999999999,0.011999999999999997,0.0304,0.023600000000000003,0.02519999999999999,0.020999999999999994,0.0516,0.0030000000000000022,-0.013800000000000012
3.7204836628761737,-0.0588,0.048799999999999996,0.012,0.0264,0.02380000000000001,0.05220000000000001,0.026999999999999996,0.036599999999999994,0.0572,0.0692,0.0858,-0.0009999999999999966,0.06060000000000001,0.06559999999999999,0.035399999999999994,0.017599999999999998,0.03960000000000001,0.0132,0.01680000000000001,0.0066,0.0628,0.003000000000000004,-0.027800000000000005
3.7146879961654835,-0.051,0.062400000000000004,0.007399999999999997,0.01799999999999999,0.0298,0.05040000000000001,0.016599999999999993,0.041,0.0688,0.06219999999999999,0.09259999999999999,0.008000000000000002,0.0742,0.0694,0.0446,0.0348,0.0598,0.019600000000000003,0.0212,0.011999999999999997,0.07159999999999998,0.010200000000000002,-0.017799999999999996
3.708799425734283,-0.0636,0.05800000000000001,0.0004000000000000002,0.0182,0.004999999999999993,0.0432,0.008799999999999994,0.044,0.05759999999999998,0.0596,0.07640000000000001,0.0005999999999999978,0.062,0.053200000000000004,0.036,0.0338,0.0528,0.013999999999999997,0.0004000000000000012,0.006799999999999998,0.06719999999999998,0.0128,-0.013799999999999996
3.7030400764498594,-0.056799999999999996,0.05179999999999999,0.0011999999999999992,0.022199999999999994,0.00879999999999999,0.036,0.021399999999999995,0.0516,0.0476,0.0718,0.0814,0.0049999999999999975,0.05019999999999999,0.0484,0.03779999999999999,0.04919999999999999,0.0474,0.02159999999999999,0.009800000000000003,0.027400000000000008,0.07579999999999999,0.0394,-0.012399999999999998
3.6972985866777983,-0.057,0.0348,-0.0010000000000000018,0.027799999999999995,-0.011000000000000005,0.036400000000000016,0.016799999999999992,0.023999999999999994,0.02639999999999999,0.0584,0.051,0.006,0.0286,0.0356,0.007799999999999996,0.031,0.0378,0.010399999999999998,0.014800000000000008,0.027800000000000002,0.081,0.040600000000000004,-0.022800000000000004
3.6915748734742486,-0.0522,0.03780000000000002,-0.0003999999999999942,0.035800000000000005,-0.023399999999999997,0.02500000000000001,0.008600000000000005,0.008800000000000004,0.023199999999999995,0.05220000000000001,0.034600000000000006,-0.0001999999999999946,0.014200000000000006,0.038000000000000006,0.002600000000000007,0.027200000000000005,0.047400000000000005,0.017800000000000003,0.008800000000000004,0.032400000000000005,0.07100000000000001,0.0394,-0.0228
3.68575929613887,-0.051,0.029800000000000004,0.004600000000000009,0.0316,-0.025799999999999993,0.03720000000000001,0.008000000000000005,0.007200000000000003,0.01780000000000001,0.054400000000000004,0.030800000000000004,0.011400000000000009,0.026000000000000002,0.04860000000000001,0.012800000000000016,0.0454,0.0582,0.02900000000000001,0.029800000000000004,0.0376,0.0742,0.051,-0.01939999999999999
3.680071227185042,-0.030799999999999994,0.034,0.010199999999999999,0.040799999999999996,-0.015399999999999992,0.0432,0.025600000000000008,0.014600000000000002,0.014200000000000003,0.08120000000000001,0.04240000000000001,0.04560000000000001,0.0526,0.0582,0.023399999999999997,0.0634,0.0716,0.0418,0.045,0.039200000000000006,0.085,0.060399999999999995,-0.0075999999999999904
3.6744006874685153,-0.007,0.0598,0.025799999999999993,0.0598,0.02040000000000001,0.07579999999999999,0.0518,0.04000000000000001,0.046800000000000015,0.1222,0.0658,0.079,0.0862,0.08,0.0496,0.1024,0.0994,0.0596,0.0798,0.075,0.1146,0.08020000000000001,0.031200000000000006
3.668639053254438,-0.005000000000000002,0.08020000000000001,0.04979999999999999,0.0736,0.025800000000000003,0.09659999999999999,0.0666,0.0512,0.06960000000000001,0.1256,0.08220000000000001,0.08220000000000001,0.1148,0.0994,0.0736,0.1232,0.11280000000000001,0.07579999999999998,0.111,0.10379999999999999,0.13439999999999996,0.1038,0.0694
3.6630036630036633,-0.0034000000000000002,0.078,0.0546,0.07740000000000001,0.016000000000000004,0.09980000000000001,0.0714,0.060200000000000004,0.07759999999999999,0.12359999999999999,0.0922,0.08799999999999998,0.1206,0.10859999999999999,0.0862,0.1194,0.1102,0.0788,0.1046,0.1164,0.1226,0.111,0.0874
3.65738555922605,0.006400000000000004,0.0832,0.07659999999999999,0.0844,0.0202,0.1066,0.0836,0.0648,0.0792,0.1268,0.0854,0.09299999999999999,0.12379999999999998,0.11979999999999999,0.0876,0.1254,0.10959999999999999,0.08159999999999998,0.0992,0.113,0.1252,0.11799999999999998,0.09659999999999999
3.6517846625044172,0.010799999999999994,0.0912,0.07899999999999999,0.0808,0.039,0.1202,0.09540000000000001,0.055600000000000004,0.0836,0.1324,0.0882,0.09899999999999999,0.1324,0.11419999999999997,0.0916,0.1306,0.10940000000000001,0.08679999999999999,0.10779999999999998,0.1142,0.1102,0.1192,0.1022
3.646093681084419,0.0188,0.1038,0.07299999999999998,0.0778,0.0518,0.12479999999999998,0.0952,0.055600000000000004,0.09300000000000001,0.1392,0.0872,0.09739999999999997,0.13459999999999997,0.11139999999999997,0.09540000000000001,0.12940000000000002,0.11580000000000001,0.08959999999999997,0.1172,0.11259999999999999,0.09040000000000001,0.1114,0.0996
3.640527289275124,0.029199999999999997,0.1266,0.0886,0.0832,0.06880000000000001,0.13079999999999997,0.1148,0.0864,0.1052,0.1584,0.1036,0.11159999999999999,0.1502,0.11679999999999997,0.11820000000000001,0.14139999999999997,0.12,0.09879999999999997,0.11979999999999996,0.11359999999999999,0.09759999999999999,0.12199999999999998,0.1184
3.63497786767508,0.02,0.1056,0.0858,0.07360000000000003,0.07119999999999999,0.1318,0.107,0.08940000000000001,0.09559999999999999,0.15339999999999998,0.0928,0.1178,0.1406,0.08499999999999999,0.1092,0.13439999999999996,0.1026,0.076,0.11099999999999999,0.09279999999999998,0.0854,0.12479999999999998,0.13500000000000004
3.629445338797015,0.0037999999999999996,0.07499999999999998,0.06039999999999998,0.0642,0.06620000000000001,0.10879999999999998,0.0896,0.08380000000000001,0.0808,0.12079999999999999,0.08259999999999999,0.09559999999999999,0.11699999999999995,0.05319999999999999,0.0856,0.109,0.08279999999999998,0.055799999999999995,0.0852,0.07740000000000001,0.056399999999999985,0.09820000000000001,0.123
3.6239296256246893,-0.018600000000000005,0.0628,0.0458,0.053,0.063,0.0884,0.0756,0.079,0.07900000000000001,0.11080000000000001,0.085,0.0824,0.0888,0.0496,0.07640000000000001,0.09779999999999998,0.0654,0.054799999999999995,0.07440000000000001,0.08220000000000001,0.0432,0.07079999999999999,0.1044
3.618325065655092,-0.032,0.0504,0.032199999999999986,0.030399999999999996,0.05700000000000001,0.0574,0.0504,0.06459999999999999,0.058,0.084,0.0674,0.058,0.0684,0.0246,0.048399999999999985,0.0876,0.038400000000000004,0.03619999999999999,0.0422,0.0678,0.021799999999999993,0.0528,0.07379999999999999
3.6128430744129125,-0.031,0.02359999999999999,0.01419999999999999,0.0136,0.059,0.030599999999999992,0.0366,0.06,0.0508,0.07840000000000001,0.0526,0.0546,0.02859999999999999,0.0029999999999999983,0.033400000000000006,0.06559999999999999,0.02840000000000001,0.019799999999999995,0.015600000000000001,0.0598,0.012800000000000002,0.0252,0.053
3.6073776691685575,-0.037399999999999996,0.024,0.004199999999999997,0.008800000000000002,0.0614,0.0354,0.048,0.061200000000000004,0.051,0.0698,0.0564,0.044,0.0075999999999999965,0.0034000000000000037,0.0224,0.054,0.016399999999999998,0.0208,0.014600000000000002,0.06,0.016399999999999998,0.014199999999999999,0.0446
3.6019287747632602,-0.0428,0.022600000000000002,0.003200000000000006,0.015600000000000003,0.0638,0.0296,0.056799999999999996,0.056600000000000004,0.06520000000000001,0.06620000000000001,0.0734,0.032,-0.0013999999999999996,0.0014000000000000056,0.0182,0.0416,0.0094,0.009999999999999997,0.012999999999999998,0.0554,0.0344,0.0028,0.0386
3.596496316491676,-0.02459999999999999,0.04,0.035,0.04340000000000001,0.0918,0.0314,0.0748,0.0742,0.09459999999999999,0.0772,0.0882,0.045200000000000004,0.010800000000000004,0.033800000000000004,0.030199999999999998,0.06220000000000001,0.019600000000000003,0.03440000000000001,0.032000000000000015,0.0708,0.063,0.011800000000000005,0.052
3.590976224262257,-0.038000000000000006,0.052,0.058,0.0616,0.095,0.04,0.08159999999999999,0.08,0.0788,0.06959999999999998,0.09799999999999999,0.0562,0.033400000000000006,0.0522,0.034,0.07740000000000001,0.0248,0.04760000000000001,0.016599999999999993,0.0644,0.07119999999999999,0.009999999999999997,0.06520000000000001
3.5855767284503948,-0.031999999999999994,0.0482,0.0464,0.062200000000000005,0.09440000000000001,0.044,0.0788,0.0756,0.08359999999999998,0.067,0.1128,0.053200000000000004,0.0454,0.062000000000000006,0.0466,0.08400000000000003,0.032,0.0574,0.014200000000000003,0.0608,0.0716,0.0228,0.048799999999999996
3.5801934459361915,-0.016199999999999992,0.0588,0.0396,0.0706,0.10280000000000002,0.0428,0.07979999999999998,0.0686,0.1004,0.0676,0.1268,0.04440000000000001,0.0632,0.078,0.0638,0.0996,0.042,0.07620000000000002,0.017400000000000002,0.061399999999999996,0.0842,0.027400000000000008,0.0434
3.574826303802577,-0.0082,0.0882,0.06280000000000002,0.0886,0.119,0.061200000000000004,0.1052,0.0808,0.1272,0.0842,0.1412,0.06620000000000002,0.07959999999999999,0.101,0.08059999999999999,0.1252,0.060399999999999995,0.0916,0.0466,0.08100000000000002,0.1088,0.0522,0.0616
3.5694752295690724,0.002399999999999993,0.09659999999999999,0.072,0.096,0.1124,0.073,0.12459999999999999,0.0716,0.12140000000000001,0.07859999999999999,0.1434,0.0632,0.101,0.1128,0.0832,0.1262,0.075,0.0884,0.0626,0.0798,0.10279999999999999,0.0688,0.06999999999999998
3.564037709818349,0.017799999999999996,0.11,0.08159999999999999,0.11380000000000001,0.1004,0.0876,0.1462,0.06659999999999999,0.13,0.07759999999999999,0.1498,0.069,0.1226,0.1296,0.0988,0.1216,0.0808,0.121,0.0742,0.0834,0.10840000000000001,0.08940000000000001,0.082
3.5587188612099645,0.0216,0.10799999999999998,0.09759999999999999,0.1198,0.1032,0.103,0.1484,0.0704,0.1348,0.0852,0.1472,0.0842,0.1334,0.14919999999999997,0.1098,0.127,0.08420000000000001,0.13699999999999998,0.08159999999999999,0.07940000000000001,0.11,0.10640000000000001,0.0866
3.5534158642824396,0.010599999999999993,0.0998,0.11059999999999998,0.11,0.0932,0.1026,0.12919999999999998,0.0626,0.13219999999999998,0.07899999999999999,0.1276,0.08940000000000001,0.13379999999999997,0.15499999999999997,0.116,0.1232,0.09420000000000002,0.1316,0.0834,0.07659999999999999,0.109,0.1046,0.0832
3.548128648277441,0.0088,0.09559999999999999,0.10979999999999998,0.1108,0.08780000000000002,0.1056,0.1254,0.069,0.12879999999999997,0.0852,0.12179999999999999,0.08519999999999997,0.13219999999999998,0.14179999999999998,0.12179999999999999,0.12739999999999999,0.09520000000000002,0.13799999999999998,0.10020000000000001,0.08020000000000001,0.099,0.108,0.0842
3.5428571428571427,-0.012800000000000004,0.06479999999999998,0.0892,0.0874,0.0586,0.09240000000000001,0.1102,0.047200000000000006,0.1114,0.0718,0.12359999999999999,0.07440000000000001,0.12279999999999999,0.1276,0.1252,0.11,0.08740000000000002,0.11179999999999998,0.08059999999999999,0.0554,0.08220000000000001,0.0876,0.06559999999999999
3.537601278101107,-0.014600000000000009,0.04339999999999999,0.0836,0.07959999999999999,0.056799999999999996,0.078,0.10799999999999998,0.0384,0.11280000000000001,0.0732,0.1226,0.07159999999999998,0.1102,0.10879999999999998,0.10819999999999998,0.09639999999999997,0.07540000000000001,0.0862,0.0762,0.0512,0.07579999999999998,0.09040000000000001,0.06520000000000001
3.5323609845031902,-0.029800000000000004,0.0364,0.0916,0.0662,0.0594,0.06580000000000001,0.095,0.0344,0.10200000000000001,0.0706,0.11079999999999998,0.06219999999999999,0.09359999999999999,0.08299999999999999,0.0844,0.0842,0.06919999999999998,0.0742,0.07620000000000002,0.0438,0.0544,0.0724,0.06919999999999998
3.5270358676792672,-0.0358,0.047799999999999995,0.0964,0.06719999999999998,0.07,0.08840000000000002,0.093,0.052000000000000005,0.09200000000000001,0.08120000000000002,0.0988,0.073,0.09559999999999999,0.0788,0.0874,0.07959999999999999,0.074,0.0834,0.09860000000000002,0.0522,0.048799999999999996,0.0734,0.07940000000000001
3.521826805646284,-0.01739999999999999,0.0454,0.1,0.0704,0.0762,0.0834,0.08960000000000003,0.057,0.0868,0.087,0.09620000000000002,0.0742,0.10880000000000001,0.07440000000000001,0.09359999999999999,0.07540000000000001,0.0842,0.0964,0.10100000000000002,0.06220000000000001,0.052000000000000005,0.081,0.0746
3.5166331073991093,-0.010799999999999997,0.051000000000000004,0.11300000000000002,0.0782,0.07940000000000001,0.0888,0.09240000000000002,0.07579999999999999,0.0986,0.0864,0.0986,0.0872,0.11059999999999999,0.068,0.1024,0.0876,0.0842,0.1174,0.1018,0.0722,0.0632,0.10100000000000002,0.08079999999999998
3.511454705066123,-0.017,0.0376,0.1142,0.08159999999999999,0.07940000000000001,0.0862,0.0862,0.0916,0.09820000000000001,0.0832,0.098,0.0886,0.1032,0.06179999999999998,0.10880000000000001,0.0882,0.092,0.09279999999999998,0.10479999999999998,0.0652,0.056600000000000004,0.0824,0.07479999999999998
3.506291531174891,-0.009799999999999996,0.055,0.1114,0.0814,0.07440000000000001,0.0834,0.092,0.1024,0.0932,0.08099999999999999,0.11259999999999998,0.09540000000000001,0.1046,0.06559999999999999,0.10459999999999998,0.09599999999999999,0.0868,0.0852,0.1004,0.0704,0.0514,0.07659999999999999,0.08259999999999999
3.501143518649236,0.008400000000000003,0.0736,0.114,0.10399999999999998,0.08940000000000002,0.08220000000000001,0.1142,0.12099999999999998,0.09259999999999999,0.0862,0.12479999999999998,0.09820000000000001,0.1134,0.06920000000000001,0.1102,0.109,0.08059999999999999,0.091,0.1044,0.072,0.055799999999999995,0.09400000000000001,0.09559999999999998
3.496010600806338,0.012,0.07640000000000001,0.09999999999999999,0.1124,0.08320000000000002,0.0932,0.1202,0.11320000000000001,0.0884,0.08459999999999998,0.1256,0.11320000000000001,0.12240000000000001,0.0792,0.10679999999999999,0.12199999999999998,0.08080000000000001,0.09759999999999999,0.1026,0.083,0.053399999999999996,0.09620000000000001,0.10579999999999998
3.490892711353847,0.0286,0.079,0.0862,0.10999999999999999,0.0752,0.0902,0.10639999999999998,0.115,0.08259999999999999,0.08679999999999999,0.1196,0.10679999999999998,0.122,0.0768,0.08379999999999999,0.12039999999999998,0.08280000000000001,0.09820000000000001,0.1002,0.0942,0.0572,0.1066,0.1052
3.485789784387035,0.0512,0.09340000000000001,0.087,0.11359999999999999,0.08280000000000003,0.11700000000000003,0.11159999999999998,0.14279999999999998,0.09199999999999998,0.10379999999999999,0.13119999999999998,0.1188,0.1336,0.10740000000000002,0.10679999999999998,0.13179999999999997,0.11080000000000001,0.1242,0.1206,0.1158,0.07900000000000001,0.1174,0.1018
3.480604053219559,0.07,0.11860000000000002,0.0986,0.13699999999999998,0.09200000000000003,0.1496,0.1298,0.16059999999999997,0.11499999999999999,0.12279999999999999,0.15319999999999998,0.1426,0.1514,0.1402,0.1326,0.14839999999999998,0.1258,0.1514,0.1322,0.16019999999999998,0.09220000000000002,0.1336,0.11659999999999998
3.4755311396378725,0.06299999999999999,0.1034,0.1052,0.13460000000000003,0.08580000000000002,0.14160000000000003,0.144,0.161,0.12599999999999997,0.12940000000000002,0.1706,0.14079999999999998,0.14959999999999998,0.1538,0.13319999999999999,0.1538,0.129,0.1564,0.1298,0.1772,0.099,0.1392,0.11040000000000001
3.4704729918835713,0.0404,0.0824,0.07879999999999998,0.1206,0.0736,0.1252,0.12159999999999999,0.14579999999999999,0.111,0.12,0.15439999999999998,0.1184,0.11619999999999997,0.1482,0.1028,0.1348,0.1006,0.1296,0.111,0.1634,0.0884,0.10659999999999999,0.1012
3.4654295455815776,0.0404,0.056799999999999996,0.06399999999999999,0.1102,0.06420000000000001,0.118,0.09499999999999999,0.1306,0.09759999999999999,0.1148,0.1366,0.10520000000000002,0.0882,0.1392,0.0922,0.103,0.09739999999999997,0.1044,0.09479999999999998,0.1376,0.0884,0.0902,0.1002
3.4604007367304797,0.03619999999999999,0.0586,0.0584,0.117,0.0716,0.12799999999999997,0.10039999999999998,0.10719999999999998,0.101,0.1176,0.1366,0.1034,0.0844,0.13159999999999997,0.0872,0.10699999999999998,0.09820000000000001,0.1188,0.1052,0.1248,0.09720000000000001,0.09379999999999998,0.1232
3.4553865016998273,0.032799999999999996,0.035399999999999994,0.06259999999999999,0.111,0.08059999999999999,0.1174,0.09659999999999999,0.08499999999999999,0.10280000000000002,0.09379999999999998,0.13179999999999997,0.09440000000000001,0.07599999999999998,0.1062,0.0902,0.09959999999999998,0.10419999999999997,0.11259999999999999,0.1092,0.1168,0.08220000000000001,0.08359999999999998,0.1076
3.4503867772274472,0.0324,0.022,0.0484,0.09179999999999998,0.0732,0.1182,0.09179999999999998,0.0742,0.107,0.0932,0.11939999999999998,0.093,0.07999999999999999,0.09620000000000001,0.09440000000000001,0.0932,0.10599999999999998,0.10759999999999997,0.10919999999999998,0.1072,0.0734,0.07159999999999998,0.0948
3.4454015004167826,0.03319999999999999,0.012400000000000001,0.0632,0.0752,0.091,0.11299999999999999,0.088,0.08,0.11220000000000001,0.09259999999999999,0.12359999999999999,0.086,0.08019999999999998,0.09240000000000001,0.1032,0.079,0.10299999999999998,0.09340000000000001,0.1072,0.08659999999999998,0.07220000000000001,0.0708,0.078
3.440430608734254,0.03540000000000001,0.02140000000000001,0.08499999999999999,0.07719999999999998,0.1192,0.1174,0.11120000000000001,0.091,0.1274,0.10059999999999998,0.13279999999999997,0.1036,0.0824,0.10959999999999999,0.1318,0.0846,0.1152,0.1108,0.1202,0.0874,0.08140000000000001,0.08159999999999999,0.0912
3.4354740400066492,0.019599999999999992,0.0134,0.0856,0.08199999999999999,0.1274,0.09779999999999998,0.10899999999999999,0.07740000000000001,0.127,0.0884,0.12459999999999997,0.0882,0.06199999999999999,0.0978,0.133,0.082,0.09179999999999999,0.10480000000000002,0.10099999999999999,0.06539999999999997,0.0798,0.0736,0.0844
3.430531732418525,0.016800000000000006,0.002200000000000009,0.0768,0.08020000000000001,0.1254,0.077,0.10640000000000001,0.071,0.1154,0.0526,0.10540000000000001,0.07479999999999999,0.048,0.07399999999999998,0.12420000000000002,0.0572,0.0834,0.0886,0.09359999999999999,0.046,0.08979999999999999,0.05199999999999999,0.0726
3.425603624509641,0.015799999999999998,-0.003399999999999995,0.0726,0.0726,0.1114,0.044599999999999994,0.0948,0.0466,0.09540000000000001,0.037000000000000005,0.09260000000000003,0.06119999999999999,0.0364,0.05059999999999999,0.1078,0.0354,0.0726,0.06899999999999999,0.07279999999999999,0.026199999999999998,0.08420000000000001,0.0436,0.0586
3.420689655172414,0.013199999999999996,-0.006399999999999997,0.0814,0.07759999999999999,0.0974,0.0528,0.1028,0.0456,0.09199999999999998,0.0314,0.0986,0.0728,0.0562,0.042,0.1194,0.0344,0.0804,0.0722,0.072,0.015400000000000004,0.075,0.05859999999999999,0.044
3.4157897636493857,0.0258,0.019200000000000005,0.09379999999999998,0.0938,0.11260000000000002,0.076,0.1212,0.06520000000000001,0.09499999999999999,0.047400000000000005,0.11480000000000001,0.083,0.08080000000000001,0.0514,0.12680000000000002,0.0726,0.0836,0.0874,0.09339999999999998,0.047200000000000006,0.082,0.06999999999999998,0.0512
3.4109038895307253,0.032799999999999996,0.04140000000000001,0.116,0.08220000000000001,0.1318,0.0836,0.136,0.08620000000000001,0.1154,0.0692,0.127,0.1028,0.0898,0.06620000000000001,0.13660000000000003,0.0712,0.0892,0.0848,0.0948,0.07,0.093,0.08199999999999999,0.043
3.406031972751744,0.0342,0.07120000000000001,0.12479999999999998,0.092,0.14660000000000004,0.0968,0.1526,0.105,0.1256,0.092,0.12979999999999997,0.11279999999999998,0.10579999999999999,0.087,0.12979999999999997,0.09580000000000001,0.09,0.0948,0.1052,0.0768,0.1138,0.0862,0.0666
3.401173953590433,0.02039999999999999,0.068,0.13759999999999997,0.1014,0.1678,0.09659999999999999,0.14539999999999997,0.1062,0.13179999999999997,0.094,0.14579999999999999,0.12040000000000001,0.10540000000000001,0.0886,0.1072,0.106,0.0874,0.09199999999999998,0.09820000000000001,0.0658,0.10640000000000001,0.0768,0.07940000000000001
3.3963297726650232,-0.0028000000000000078,0.0792,0.1316,0.1076,0.1534,0.0882,0.1534,0.1002,0.1394,0.09480000000000001,0.14,0.1268,0.11479999999999999,0.0912,0.09540000000000001,0.10879999999999998,0.0884,0.10479999999999998,0.09640000000000001,0.07099999999999998,0.1062,0.0884,0.0792
3.391499370931568,-0.0031999999999999993,0.0994,0.1354,0.127,0.1412,0.10659999999999999,0.15619999999999998,0.1056,0.14959999999999998,0.10740000000000001,0.1434,0.13820000000000002,0.1316,0.0896,0.10019999999999997,0.1216,0.09040000000000001,0.1148,0.11080000000000002,0.0852,0.12179999999999999,0.0902,0.0832
3.3866826896815425,0.017,0.12199999999999998,0.14880000000000002,0.146,0.1416,0.12440000000000001,0.155,0.11279999999999998,0.16440000000000002,0.129,0.163,0.16,0.14859999999999998,0.0974,0.10259999999999998,0.1258,0.0974,0.122,0.13620000000000002,0.1174,0.121,0.10959999999999999,0.11040000000000001
3.381879670539464,0.014599999999999998,0.11939999999999998,0.14699999999999996,0.15339999999999998,0.14560000000000003,0.1182,0.14699999999999996,0.1004,0.175,0.16079999999999997,0.1656,0.163,0.1534,0.1152,0.0912,0.145,0.09780000000000001,0.114,0.13920000000000002,0.1026,0.11520000000000001,0.13,0.12340000000000001
3.377090255460537,0.010999999999999994,0.12339999999999998,0.14759999999999995,0.15359999999999996,0.1618,0.1444,0.1406,0.111,0.1812,0.1676,0.17139999999999997,0.17139999999999997,0.16440000000000002,0.129,0.08439999999999998,0.1482,0.11159999999999999,0.11059999999999999,0.1492,0.106,0.1108,0.1326,0.12799999999999997
3.3723143867283114,0.005199999999999994,0.13799999999999998,0.15199999999999997,0.15480000000000002,0.16579999999999998,0.15919999999999998,0.15119999999999997,0.11779999999999999,0.1802,0.1742,0.17679999999999996,0.16099999999999998,0.16440000000000002,0.13779999999999998,0.0832,0.1534,0.119,0.1,0.1576,0.1056,0.119,0.1466,0.146
3.3675520069523652,-0.027000000000000007,0.121,0.1338,0.13279999999999997,0.1478,0.1242,0.12479999999999998,0.09039999999999998,0.17360000000000003,0.1508,0.15919999999999998,0.14379999999999998,0.14579999999999999,0.12039999999999998,0.0664,0.11819999999999997,0.10039999999999998,0.06339999999999998,0.12879999999999997,0.07279999999999999,0.10779999999999999,0.13119999999999998,0.12840000000000001
3.3628030590660085,-0.013199999999999996,0.109,0.13240000000000002,0.1376,0.14,0.1134,0.11039999999999997,0.0922,0.17300000000000001,0.1426,0.14439999999999997,0.134,0.153,0.12459999999999999,0.06020000000000001,0.12419999999999998,0.09779999999999998,0.0716,0.1274,0.0824,0.09620000000000001,0.133,0.12720000000000004
3.3580674863239994,-0.0202,0.09759999999999999,0.1212,0.1392,0.1184,0.10579999999999999,0.10139999999999998,0.0788,0.1586,0.141,0.129,0.119,0.1552,0.12,0.0554,0.10479999999999999,0.09259999999999997,0.06719999999999998,0.116,0.08679999999999999,0.0884,0.12940000000000002,0.1114
3.353345232300287,-0.0072000000000000015,0.10479999999999999,0.106,0.13259999999999997,0.0964,0.10360000000000003,0.10219999999999996,0.08220000000000001,0.149,0.14940000000000003,0.11259999999999999,0.1142,0.1512,0.1128,0.052,0.089,0.10079999999999999,0.072,0.131,0.1092,0.1098,0.14,0.10479999999999999
3.348636240885768,0.02640000000000001,0.09659999999999999,0.1078,0.13559999999999997,0.10300000000000001,0.10660000000000003,0.0932,0.095,0.14620000000000002,0.14620000000000002,0.11159999999999999,0.1102,0.14279999999999998,0.11280000000000001,0.054799999999999995,0.091,0.10779999999999998,0.06960000000000001,0.1366,0.1238,0.124,0.1298,0.118
3.343940456286069,0.015799999999999998,0.06119999999999999,0.08659999999999998,0.1164,0.0906,0.08999999999999998,0.07379999999999999,0.0716,0.1208,0.1186,0.09580000000000001,0.0792,0.1238,0.08279999999999998,0.0332,0.07640000000000001,0.0886,0.038,0.1028,0.1052,0.09179999999999999,0.10940000000000001,0.09559999999999999
3.3392578230193357,0.0092,0.03719999999999999,0.0762,0.1102,0.09040000000000001,0.07599999999999998,0.073,0.0638,0.1162,0.10480000000000002,0.08960000000000003,0.07940000000000001,0.117,0.062200000000000005,0.0362,0.07840000000000001,0.1016,0.0298,0.09340000000000001,0.0854,0.08220000000000001,0.0952,0.07540000000000001
3.3345882859140534,0.009000000000000001,0.0358,0.0788,0.1016,0.0688,0.086,0.0748,0.065,0.1012,0.09220000000000002,0.09340000000000001,0.0756,0.1156,0.054200000000000005,0.04900000000000001,0.06620000000000001,0.11680000000000001,0.0376,0.0916,0.0846,0.069,0.0886,0.07179999999999999
3.32993179010688,0.016599999999999997,0.0394,0.0544,0.09659999999999999,0.05379999999999999,0.07800000000000001,0.0804,0.0632,0.085,0.0824,0.07859999999999999,0.057399999999999986,0.095,0.05319999999999999,0.056,0.06720000000000001,0.1,0.040600000000000004,0.0906,0.07859999999999999,0.0666,0.08120000000000001,0.0676
3.3252882810404936,0.0374,0.0442,0.0544,0.08220000000000001,0.0746,0.0684,0.0854,0.0724,0.09140000000000001,0.09,0.08,0.0644,0.0952,0.0676,0.060200000000000004,0.0814,0.1034,0.0572,0.09379999999999998,0.088,0.06680000000000001,0.0762,0.067
3.320657704461464,0.061,0.0494,0.0606,0.09140000000000001,0.0928,0.08159999999999999,0.09659999999999999,0.09499999999999999,0.1,0.10359999999999998,0.0986,0.07019999999999998,0.10499999999999998,0.08059999999999999,0.0752,0.099,0.12,0.08,0.11959999999999998,0.1018,0.0586,0.092,0.0752
3.316040006418142,0.0494,0.0498,0.059,0.08,0.078,0.0714,0.08419999999999997,0.08979999999999998,0.0772,0.0892,0.088,0.0572,0.08159999999999999,0.0676,0.07659999999999999,0.091,0.1198,0.06499999999999999,0.1028,0.0772,0.0576,0.08159999999999999,0.057
3.311435133258559,0.0414,0.0498,0.07659999999999999,0.0724,0.08500000000000002,0.0762,0.0792,0.10059999999999998,0.0792,0.0874,0.08539999999999998,0.0616,0.06759999999999998,0.065,0.0814,0.08940000000000001,0.1266,0.05279999999999999,0.106,0.0684,0.076,0.0898,0.051
3.3068430316283535,0.012199999999999985,0.032799999999999996,0.0866,0.06659999999999999,0.08220000000000001,0.0662,0.078,0.09499999999999999,0.0748,0.08159999999999998,0.08499999999999999,0.0502,0.0598,0.06,0.08799999999999998,0.09040000000000001,0.11079999999999998,0.0418,0.0884,0.045599999999999995,0.0664,0.0732,0.03239999999999999
3.3023515939172814,-0.016800000000000006,0.03960000000000001,0.0762,0.059,0.074,0.0578,0.07540000000000001,0.08940000000000001,0.0596,0.07959999999999999,0.0852,0.048600000000000004,0.04700000000000001,0.059,0.09459999999999999,0.0872,0.10840000000000001,0.048,0.07099999999999998,0.038200000000000005,0.0564,0.07720000000000002,0.026
3.29778463338741,-0.0152,0.0598,0.09200000000000001,0.0594,0.07119999999999999,0.0544,0.0818,0.10740000000000001,0.0726,0.09440000000000001,0.06799999999999998,0.0588,0.051000000000000004,0.0742,0.10099999999999999,0.08419999999999997,0.12459999999999999,0.055200000000000006,0.0678,0.048,0.061399999999999996,0.08039999999999997,0.03420000000000001
3.293230287095318,-0.027000000000000003,0.07800000000000001,0.08579999999999999,0.0364,0.05499999999999999,0.0538,0.08159999999999999,0.11280000000000001,0.05819999999999999,0.1014,0.0496,0.030399999999999996,0.0484,0.08020000000000001,0.0992,0.062,0.1062,0.0554,0.0654,0.0444,0.0504,0.06459999999999999,0.0384
3.288688502851081,-0.0414,0.0694,0.07379999999999999,0.030600000000000002,0.05379999999999999,0.0338,0.0634,0.1076,0.05679999999999998,0.09380000000000001,0.030599999999999992,0.0198,0.0344,0.07199999999999998,0.08899999999999998,0.054200000000000005,0.07579999999999999,0.0416,0.0514,0.048600000000000004,0.05,0.055799999999999995,0.0286
3.2841592287522845,-0.039200000000000006,0.0666,0.08059999999999999,0.0282,0.0546,0.0242,0.0512,0.0986,0.0662,0.0958,0.02359999999999999,0.0338,0.048400000000000006,0.055199999999999985,0.084,0.059,0.0808,0.0354,0.0586,0.0582,0.0498,0.046200000000000005,0.0192
3.2796424131820467,-0.04619999999999999,0.0632,0.0778,0.042,0.03219999999999999,0.026800000000000004,0.0434,0.092,0.0778,0.09720000000000001,0.022800000000000004,0.038200000000000005,0.046000000000000006,0.046400000000000004,0.0874,0.045200000000000004,0.07540000000000001,0.022,0.0582,0.061,0.052000000000000005,0.0518,0.017800000000000003
3.275138004807057,-0.04499999999999999,0.0636,0.08700000000000001,0.0396,0.0222,0.033800000000000004,0.051,0.09,0.0792,0.089,0.0158,0.0402,0.05,0.05360000000000001,0.07579999999999998,0.038,0.0698,0.0238,0.043,0.0664,0.062400000000000004,0.0506,0.019000000000000003
3.2706459525756335,-0.0386,0.0596,0.0874,0.048799999999999996,0.027600000000000003,0.042,0.0642,0.09499999999999999,0.0814,0.0902,0.03720000000000001,0.037200000000000004,0.0728,0.058,0.0678,0.024999999999999998,0.0638,0.028399999999999998,0.040199999999999986,0.0736,0.0494,0.0574,0.033800000000000004
3.266166205715791,-0.02339999999999999,0.07980000000000001,0.10640000000000002,0.064,0.0376,0.06580000000000001,0.07760000000000002,0.1102,0.09359999999999999,0.1066,0.0674,0.0456,0.10920000000000002,0.0734,0.0778,0.03840000000000002,0.0722,0.061,0.0564,0.10540000000000001,0.05300000000000001,0.0636,0.06580000000000001
3.2617845117845117,0.0025999999999999986,0.1012,0.118,0.0834,0.056400000000000006,0.0874,0.07840000000000001,0.1076,0.109,0.11620000000000001,0.0788,0.061200000000000004,0.1216,0.0854,0.0968,0.0396,0.0856,0.078,0.0726,0.1432,0.05740000000000001,0.0814,0.1046
3.257328990228013,0.016999999999999998,0.1198,0.13079999999999997,0.0916,0.075,0.09720000000000001,0.0752,0.1032,0.1216,0.12199999999999998,0.10000000000000002,0.07540000000000001,0.1346,0.08159999999999999,0.0856,0.0512,0.0778,0.0638,0.0852,0.14599999999999996,0.072,0.08259999999999999,0.12140000000000001
3.2528856243441764,0.0206,0.11499999999999999,0.132,0.09359999999999997,0.07440000000000001,0.0922,0.05519999999999998,0.1,0.11159999999999999,0.102,0.1206,0.0732,0.12440000000000001,0.0798,0.0772,0.0458,0.0632,0.0678,0.09359999999999999,0.13939999999999997,0.0752,0.07199999999999998,0.1232
3.248454364455622,0.03319999999999999,0.10940000000000001,0.141,0.0994,0.07780000000000001,0.1008,0.05219999999999999,0.09459999999999998,0.11179999999999998,0.083,0.1202,0.09400000000000001,0.13100000000000003,0.0792,0.0636,0.06139999999999998,0.0646,0.0732,0.09340000000000001,0.13440000000000002,0.0916,0.075,0.1198
3.244035161155295,0.063,0.133,0.1732,0.1024,0.1146,0.12359999999999999,0.07759999999999999,0.11459999999999998,0.1176,0.10400000000000001,0.14360000000000003,0.116,0.15500000000000003,0.0906,0.08,0.08920000000000002,0.08480000000000001,0.0886,0.11259999999999999,0.1384,0.12000000000000001,0.09400000000000001,0.1374
3.2396279653046296,0.05979999999999999,0.1254,0.18719999999999998,0.1102,0.13620000000000002,0.1292,0.0818,0.13559999999999997,0.1216,0.11040000000000003,0.15480000000000002,0.1162,0.1548,0.1186,0.08899999999999998,0.0906,0.07119999999999999,0.1044,0.0996,0.1326,0.13779999999999998,0.1056,0.156
3.2352327280317263,0.046799999999999994,0.13040000000000002,0.1956,0.1052,0.14759999999999998,0.116,0.08259999999999999,0.12799999999999997,0.118,0.10540000000000001,0.1472,0.109,0.14959999999999998,0.1154,0.0808,0.09079999999999998,0.0598,0.1066,0.09620000000000001,0.1358,0.14620000000000002,0.0874,0.1652
3.2309335834701267,0.0338,0.13820000000000002,0.2052,0.1148,0.1556,0.1068,0.0876,0.1226,0.127,0.1088,0.15139999999999998,0.11359999999999999,0.14379999999999998,0.11320000000000001,0.0996,0.10499999999999998,0.06720000000000001,0.113,0.107,0.1406,0.1504,0.0718,0.174
3.2265618901407715,0.015799999999999995,0.1456,0.1946,0.1144,0.159,0.10959999999999999,0.08259999999999999,0.12279999999999999,0.1326,0.10979999999999998,0.15459999999999996,0.11359999999999999,0.13660000000000003,0.1098,0.1052,0.1146,0.0684,0.1242,0.10939999999999998,0.1464,0.16679999999999998,0.055,0.1712
3.222202011277707,-0.017000000000000008,0.10179999999999997,0.1352,0.0808,0.1316,0.0594,0.04679999999999999,0.0864,0.10600000000000001,0.07979999999999998,0.116,0.07619999999999998,0.08220000000000001,0.0726,0.083,0.0824,0.04319999999999999,0.0922,0.06479999999999998,0.09599999999999999,0.1436,0.019199999999999988,0.12479999999999998
3.217853899052809,-0.0318,0.09139999999999998,0.09699999999999999,0.055,0.10299999999999998,0.042600000000000006,0.03319999999999999,0.06639999999999997,0.0732,0.053399999999999996,0.104,0.05499999999999998,0.06620000000000001,0.05019999999999999,0.057399999999999986,0.0716,0.01639999999999999,0.07959999999999998,0.0404,0.065,0.1272,-0.0022000000000000027,0.08279999999999998
3.213517505895768,-0.036,0.07519999999999998,0.089,0.056000000000000015,0.0888,0.046200000000000005,0.023999999999999997,0.04579999999999998,0.0584,0.0432,0.0664,0.042,0.0466,0.05279999999999999,0.052399999999999995,0.0584,0.007400000000000002,0.0782,0.030599999999999992,0.054200000000000005,0.1142,-0.013799999999999996,0.0636
3.209275842434909,-0.0416,0.07839999999999998,0.09220000000000002,0.06459999999999999,0.10740000000000001,0.052400000000000016,0.0414,0.05360000000000001,0.07020000000000001,0.06420000000000001,0.06780000000000003,0.045399999999999996,0.0656,0.06459999999999999,0.06700000000000002,0.0734,0.0188,0.0792,0.046400000000000004,0.059000000000000004,0.1194,0.01420000000000001,0.062399999999999976
3.2049625226156633,-0.05040000000000001,0.07879999999999998,0.1018,0.07740000000000001,0.11380000000000001,0.0502,0.04519999999999999,0.072,0.07640000000000001,0.06999999999999998,0.0736,0.0394,0.06659999999999999,0.0742,0.08180000000000001,0.078,0.027800000000000002,0.08400000000000002,0.048,0.063,0.1252,0.03140000000000001,0.06479999999999998
3.200660781580713,-0.0762,0.064,0.08120000000000001,0.079,0.07740000000000001,0.031799999999999995,0.036,0.0676,0.0598,0.0466,0.04979999999999998,0.027600000000000003,0.044,0.0724,0.06599999999999999,0.0658,0.015,0.07279999999999999,0.04360000000000001,0.054799999999999995,0.10579999999999998,0.01,0.0414
3.196370572768985,-0.091,0.0638,0.0696,0.07640000000000001,0.0508,0.0338,0.048400000000000006,0.056,0.053,0.0228,0.04699999999999999,0.0246,0.029999999999999995,0.0598,0.05979999999999999,0.055,0.025800000000000003,0.0648,0.039,0.055400000000000005,0.0902,0.009400000000000004,0.0232
3.1920918498687123,-0.09359999999999999,0.05920000000000001,0.053599999999999995,0.0752,0.0338,0.04440000000000001,0.0422,0.053399999999999996,0.05200000000000001,0.008,0.0384,0.0248,0.026999999999999996,0.0448,0.053599999999999995,0.0496,0.024199999999999996,0.0664,0.037,0.0544,0.07940000000000001,0.014000000000000005,0.008599999999999998
3.187906522353909,-0.07959999999999999,0.0666,0.056400000000000006,0.0814,0.0354,0.06520000000000001,0.041,0.0638,0.05960000000000001,0.020000000000000004,0.0366,0.02940000000000001,0.0362,0.054,0.0504,0.0528,0.02440000000000001,0.072,0.0298,0.0546,0.08080000000000001,0.04060000000000001,0.00900000000000001
3.183650414644792,-0.06520000000000001,0.064,0.068,0.082,0.0384,0.0668,0.0434,0.0594,0.06800000000000002,0.0296,0.0318,0.04240000000000001,0.028800000000000003,0.0738,0.054,0.0668,0.0312,0.07940000000000001,0.033800000000000004,0.053200000000000004,0.0868,0.06340000000000001,0.019000000000000006
3.179405656265224,-0.03599999999999998,0.098,0.11220000000000001,0.1146,0.0414,0.096,0.0674,0.07299999999999998,0.09079999999999999,0.0386,0.046200000000000005,0.0772,0.058,0.0988,0.07759999999999999,0.093,0.048799999999999996,0.10080000000000001,0.056799999999999996,0.07859999999999999,0.11020000000000002,0.09559999999999999,0.0474
3.1751722018794974,-0.019,0.10779999999999999,0.1546,0.148,0.0606,0.10179999999999999,0.09240000000000001,0.10479999999999999,0.128,0.061799999999999994,0.056600000000000004,0.1036,0.06659999999999999,0.12040000000000001,0.105,0.11320000000000001,0.078,0.115,0.0756,0.08779999999999999,0.1348,0.12359999999999999,0.0898
3.1709500063930443,-0.012599999999999998,0.1176,0.16219999999999998,0.14759999999999998,0.06559999999999999,0.1134,0.09659999999999999,0.1356,0.14859999999999998,0.0854,0.0772,0.11479999999999999,0.08940000000000001,0.13219999999999998,0.1268,0.122,0.1076,0.1412,0.09440000000000001,0.10480000000000002,0.1374,0.1376,0.1058
3.166819899887629,0.0012000000000000042,0.12379999999999998,0.16340000000000002,0.1604,0.0734,0.1356,0.10940000000000001,0.1452,0.1646,0.1016,0.0884,0.129,0.0916,0.1356,0.12459999999999999,0.1318,0.1222,0.1574,0.0964,0.1134,0.147,0.15480000000000002,0.114
3.1626198734952053,0.010800000000000004,0.12179999999999999,0.14539999999999997,0.1694,0.083,0.145,0.1102,0.14139999999999997,0.1784,0.10479999999999998,0.09139999999999998,0.12399999999999999,0.0988,0.13340000000000002,0.118,0.1356,0.12440000000000001,0.152,0.0938,0.12400000000000001,0.149,0.168,0.122
3.158430973000509,0.03680000000000002,0.12919999999999998,0.14199999999999996,0.185,0.1008,0.1774,0.11159999999999999,0.1356,0.2024,0.119,0.11299999999999999,0.13440000000000002,0.13820000000000002,0.1366,0.12979999999999997,0.1418,0.1318,0.162,0.0988,0.1414,0.16679999999999998,0.1794,0.1444
3.154253154253154,0.039200000000000006,0.1258,0.13599999999999998,0.16519999999999999,0.08879999999999998,0.15999999999999998,0.0932,0.127,0.19559999999999997,0.1194,0.09359999999999997,0.1396,0.14459999999999998,0.13099999999999998,0.12340000000000001,0.1382,0.10399999999999998,0.14099999999999996,0.09140000000000001,0.11839999999999998,0.1634,0.16519999999999999,0.1306
3.1501663999187053,0.03359999999999999,0.10859999999999997,0.1504,0.15220000000000003,0.08279999999999998,0.1422,0.07740000000000001,0.12079999999999998,0.17579999999999998,0.11220000000000001,0.08459999999999998,0.129,0.13140000000000002,0.13399999999999998,0.1258,0.13559999999999997,0.1026,0.13319999999999996,0.075,0.09079999999999998,0.155,0.1534,0.11099999999999999
3.1460104021311683,0.02,0.102,0.13699999999999998,0.14840000000000003,0.08259999999999999,0.1364,0.07780000000000001,0.1176,0.15239999999999998,0.1098,0.07940000000000001,0.1276,0.1278,0.13579999999999998,0.133,0.12579999999999997,0.10680000000000002,0.14039999999999997,0.0736,0.08159999999999999,0.15780000000000002,0.1348,0.11000000000000001
3.1418653558669267,0.03160000000000001,0.09980000000000001,0.1366,0.16180000000000003,0.08999999999999998,0.14360000000000003,0.0762,0.12819999999999998,0.14959999999999996,0.11560000000000002,0.085,0.13060000000000002,0.14400000000000002,0.1332,0.1372,0.12539999999999998,0.11520000000000001,0.1392,0.086,0.08979999999999999,0.1732,0.133,0.1082
3.1377312178951895,0.0416,0.0952,0.1256,0.1658,0.10579999999999998,0.1412,0.07440000000000001,0.142,0.156,0.12560000000000002,0.0866,0.1274,0.146,0.1398,0.13379999999999997,0.1304,0.114,0.134,0.10740000000000001,0.0846,0.1784,0.13439999999999996,0.0958
3.1336871367197374,0.046799999999999994,0.087,0.1056,0.15819999999999998,0.09399999999999999,0.13779999999999998,0.06480000000000001,0.1462,0.1416,0.11359999999999999,0.08599999999999998,0.1042,0.16839999999999997,0.139,0.11959999999999998,0.13539999999999996,0.11359999999999999,0.1268,0.11040000000000001,0.0912,0.1662,0.1202,0.07540000000000001
3.129574478824895,0.038,0.08340000000000002,0.09040000000000001,0.1498,0.08279999999999998,0.12440000000000001,0.0728,0.1384,0.128,0.10980000000000001,0.0782,0.09459999999999999,0.1686,0.14279999999999998,0.1186,0.13419999999999999,0.0964,0.1172,0.09759999999999999,0.0852,0.16040000000000001,0.10899999999999999,0.0668
3.1254726017038865,0.013799999999999995,0.0718,0.0718,0.11559999999999998,0.0616,0.10459999999999998,0.0444,0.1118,0.0886,0.08779999999999999,0.05299999999999999,0.071,0.1414,0.1266,0.10599999999999998,0.1016,0.0732,0.09359999999999999,0.0818,0.0556,0.13879999999999998,0.05439999999999998,0.054
3.121460037759597,0.0078,0.069,0.06600000000000002,0.0922,0.060200000000000004,0.0884,0.0424,0.0922,0.0836,0.08120000000000001,0.0522,0.07,0.1264,0.12079999999999999,0.0892,0.103,0.0722,0.09540000000000001,0.0818,0.0386,0.1188,0.024199999999999996,0.046200000000000005
3.1173793900998064,-0.006799999999999995,0.061200000000000004,0.0554,0.078,0.0604,0.0592,0.0396,0.09099999999999998,0.0846,0.08020000000000001,0.057600000000000005,0.047200000000000006,0.09800000000000002,0.1196,0.089,0.0986,0.0866,0.096,0.073,0.023600000000000003,0.09759999999999999,0.03040000000000001,0.039799999999999995
3.1133093976750605,0.004,0.06480000000000001,0.06139999999999998,0.0728,0.08059999999999999,0.05819999999999999,0.0504,0.08999999999999998,0.0932,0.07439999999999998,0.0718,0.02539999999999999,0.09040000000000001,0.11199999999999999,0.089,0.0872,0.10859999999999999,0.1174,0.06599999999999999,0.028,0.0882,0.0416,0.05819999999999999
3.1093279839518555,0.013199999999999991,0.07399999999999998,0.05179999999999999,0.08059999999999999,0.0854,0.05299999999999999,0.06319999999999999,0.09659999999999998,0.0958,0.0746,0.0752,0.0296,0.0968,0.1134,0.094,0.0854,0.114,0.1252,0.06679999999999997,0.024,0.092,0.0464,0.07079999999999999
3.1052789742562354,0.021799999999999993,0.07859999999999999,0.0538,0.08220000000000001,0.09040000000000001,0.05,0.0606,0.09639999999999997,0.1016,0.078,0.07160000000000001,0.012599999999999997,0.10120000000000001,0.1108,0.08880000000000002,0.09040000000000001,0.10940000000000001,0.12099999999999998,0.078,0.016599999999999993,0.094,0.0646,0.062200000000000005
3.1012404961984794,-0.0002000000000000046,0.0758,0.0458,0.061200000000000004,0.08259999999999999,0.0348,0.055600000000000004,0.0882,0.0728,0.0606,0.0536,-0.0058000000000000005,0.08220000000000001,0.1032,0.07019999999999998,0.0726,0.09440000000000001,0.11040000000000001,0.0708,-0.009200000000000003,0.0674,0.056799999999999996,0.0498
3.0972898713625576,-0.024000000000000004,0.07,0.032,0.039799999999999995,0.08599999999999998,0.0428,0.046799999999999994,0.06880000000000001,0.058600000000000006,0.060399999999999995,0.061399999999999996,-0.0065999999999999965,0.0716,0.0964,0.06479999999999998,0.0658,0.0834,0.11539999999999997,0.045399999999999996,-0.006599999999999994,0.046799999999999994,0.046200000000000005,0.06259999999999999
3.0932721331104847,-0.047799999999999995,0.0586,0.03500000000000001,0.0218,0.09140000000000001,0.031799999999999995,0.0352,0.0504,0.0512,0.055600000000000004,0.0546,-0.006400000000000002,0.045399999999999996,0.07859999999999998,0.051799999999999985,0.0546,0.061,0.114,0.0348,-0.0188,0.0386,0.037200000000000004,0.0638
3.0892648048033085,-0.030399999999999993,0.0604,0.05940000000000001,0.034000000000000016,0.1198,0.050600000000000006,0.050200000000000015,0.06860000000000002,0.06960000000000001,0.06720000000000001,0.066,0.0002000000000000046,0.0578,0.0712,0.055799999999999995,0.0626,0.08059999999999999,0.1172,0.040799999999999996,0.005200000000000021,0.0536,0.063,0.08
3.085344613087833,-0.0031999999999999963,0.0654,0.065,0.052000000000000005,0.13079999999999997,0.062200000000000005,0.0724,0.0762,0.09600000000000002,0.07,0.072,0.015600000000000003,0.069,0.0712,0.0654,0.07379999999999999,0.1004,0.129,0.037,0.0272,0.0576,0.09359999999999999,0.08940000000000001
3.08135778539834,-0.004200000000000005,0.0582,0.0698,0.047200000000000006,0.1216,0.0662,0.07740000000000001,0.0704,0.0876,0.0782,0.067,0.0222,0.0654,0.056399999999999985,0.084,0.066,0.0996,0.12380000000000001,0.027399999999999997,0.0412,0.076,0.095,0.0878
3.077381247828461,0.012000000000000009,0.055600000000000004,0.084,0.0482,0.12079999999999999,0.07440000000000001,0.0836,0.0724,0.0984,0.0906,0.0666,0.0412,0.0808,0.0492,0.0922,0.061,0.09259999999999999,0.13160000000000002,0.03780000000000002,0.05140000000000001,0.08780000000000002,0.091,0.0834
3.073491138926757,0.007799999999999998,0.056,0.08299999999999999,0.06520000000000001,0.1172,0.08159999999999998,0.0834,0.08020000000000001,0.0932,0.11320000000000001,0.072,0.055799999999999995,0.08940000000000001,0.06620000000000001,0.10579999999999999,0.0842,0.09440000000000001,0.1216,0.0588,0.06459999999999999,0.1056,0.0916,0.08220000000000001
3.069534866450479,0.0166,0.06459999999999999,0.09179999999999998,0.0608,0.1326,0.1062,0.09599999999999999,0.0858,0.108,0.13779999999999998,0.08940000000000001,0.064,0.1038,0.0852,0.121,0.1016,0.1028,0.1286,0.0704,0.0912,0.1172,0.1034,0.0912
3.0655887661005217,0.021000000000000005,0.054,0.0866,0.0436,0.1174,0.10379999999999999,0.09299999999999999,0.0814,0.10339999999999998,0.1284,0.08940000000000001,0.0598,0.1036,0.07019999999999998,0.1158,0.0916,0.10479999999999999,0.1172,0.063,0.09440000000000001,0.1114,0.0782,0.072
3.0617283950617282,0.03359999999999999,0.06459999999999999,0.09179999999999999,0.054,0.10479999999999999,0.10139999999999998,0.0886,0.0804,0.11719999999999997,0.1326,0.08639999999999998,0.04979999999999999,0.11220000000000001,0.06919999999999998,0.11359999999999999,0.1014,0.098,0.1114,0.0626,0.1028,0.1144,0.06959999999999998,0.06720000000000001
3.057802327875321,0.0436,0.0712,0.09759999999999999,0.055,0.091,0.0834,0.10199999999999998,0.087,0.1162,0.1268,0.0752,0.048,0.11339999999999997,0.0688,0.10880000000000001,0.092,0.106,0.1024,0.0734,0.094,0.1088,0.07739999999999998,0.06120000000000001
3.053886316619052,0.0752,0.07599999999999998,0.09599999999999999,0.0594,0.0916,0.0868,0.11059999999999998,0.09340000000000001,0.12199999999999998,0.1376,0.07659999999999999,0.0624,0.11839999999999998,0.08059999999999999,0.124,0.0984,0.119,0.1102,0.07179999999999999,0.1046,0.11099999999999999,0.08039999999999997,0.0582
3.0500553437461564,0.07640000000000001,0.0642,0.0858,0.055799999999999995,0.067,0.07500000000000001,0.0952,0.07999999999999999,0.10719999999999998,0.1162,0.081,0.05119999999999999,0.11459999999999998,0.0874,0.127,0.0856,0.104,0.0964,0.0632,0.07740000000000001,0.09659999999999999,0.062,0.05
3.0461591372491217,0.064,0.07540000000000001,0.07859999999999999,0.0534,0.0544,0.0702,0.09479999999999998,0.0828,0.0902,0.12860000000000002,0.08079999999999998,0.0496,0.13099999999999998,0.09459999999999999,0.1332,0.095,0.0834,0.07640000000000001,0.07,0.07400000000000001,0.0968,0.052,0.05
3.042347514598361,0.0684,0.092,0.08299999999999999,0.0586,0.06480000000000001,0.07379999999999999,0.0984,0.1052,0.1024,0.136,0.0832,0.056,0.15239999999999998,0.1146,0.133,0.10139999999999998,0.081,0.08159999999999999,0.07559999999999999,0.0702,0.0974,0.07,0.0492
3.0384709629992646,0.039,0.09079999999999998,0.0746,0.0504,0.055199999999999985,0.05059999999999999,0.09720000000000002,0.0868,0.08179999999999998,0.12840000000000001,0.0658,0.045399999999999996,0.1254,0.1072,0.1158,0.0942,0.05959999999999999,0.0652,0.0564,0.0588,0.08279999999999998,0.050799999999999984,0.0416
3.034604277813127,0.04300000000000001,0.09159999999999999,0.08259999999999999,0.0564,0.04379999999999999,0.053,0.11180000000000001,0.0864,0.08780000000000002,0.13960000000000003,0.05019999999999999,0.0538,0.1216,0.10479999999999999,0.12140000000000001,0.10059999999999998,0.0664,0.0874,0.053200000000000004,0.07120000000000001,0.0706,0.0546,0.04200000000000001
3.0308214992789577,0.05180000000000002,0.0864,0.0772,0.0694,0.037200000000000004,0.0502,0.10940000000000001,0.0836,0.0932,0.1366,0.051,0.054200000000000005,0.1184,0.10959999999999999,0.12079999999999999,0.1056,0.07340000000000002,0.0912,0.048600000000000004,0.075,0.0592,0.060399999999999995,0.04300000000000001
3.026974246307824,0.054800000000000015,0.0778,0.074,0.07440000000000001,0.05380000000000002,0.055,0.1066,0.0898,0.1014,0.13439999999999996,0.054,0.06520000000000001,0.11159999999999999,0.124,0.11399999999999999,0.10379999999999999,0.06620000000000001,0.0974,0.0514,0.083,0.0438,0.0726,0.061
3.0232104544567973,0.03579999999999999,0.059,0.063,0.0634,0.0508,0.0526,0.10740000000000001,0.0862,0.105,0.1258,0.059000000000000004,0.0746,0.1018,0.12079999999999999,0.10459999999999997,0.09279999999999998,0.062200000000000005,0.091,0.045399999999999996,0.0892,0.0416,0.0718,0.0704
3.019382487581572,0.04620000000000001,0.0576,0.0666,0.0654,0.055800000000000016,0.05439999999999998,0.09899999999999999,0.0968,0.1134,0.12359999999999999,0.0702,0.0818,0.09439999999999998,0.127,0.10999999999999999,0.09420000000000002,0.0598,0.10240000000000002,0.05120000000000001,0.10239999999999998,0.0384,0.07740000000000001,0.0752
3.0155642023346303,0.026399999999999993,0.0634,0.07019999999999998,0.0676,0.0476,0.049399999999999986,0.08999999999999998,0.0958,0.1174,0.11899999999999998,0.081,0.0782,0.09379999999999998,0.1276,0.09939999999999997,0.086,0.05,0.1002,0.0562,0.0932,0.0366,0.0886,0.0712
3.0118287143863403,0.005799999999999995,0.05679999999999999,0.071,0.059,0.0494,0.0396,0.0892,0.0906,0.1176,0.11320000000000001,0.0662,0.08940000000000001,0.0702,0.1102,0.07459999999999999,0.09300000000000001,0.0426,0.09820000000000001,0.055800000000000016,0.0942,0.037200000000000004,0.08119999999999998,0.0564
3.008029498095723,-0.001200000000000003,0.03900000000000001,0.08120000000000001,0.0596,0.05140000000000001,0.039799999999999995,0.06899999999999999,0.09259999999999999,0.118,0.11,0.082,0.08220000000000001,0.05299999999999999,0.1102,0.07199999999999998,0.088,0.0522,0.11040000000000001,0.06340000000000001,0.09620000000000001,0.037200000000000004,0.08099999999999999,0.040799999999999996
3.0043126423414255,-0.007400000000000001,0.0202,0.0772,0.0668,0.022999999999999993,0.038799999999999994,0.05520000000000001,0.0838,0.10579999999999999,0.099,0.0684,0.06819999999999998,0.0364,0.1002,0.0624,0.07799999999999999,0.038,0.0874,0.06459999999999999,0.0852,0.0272,0.05279999999999999,0.032
3.000532352514156,0.015400000000000006,0.030600000000000013,0.0874,0.07859999999999999,0.029600000000000008,0.0736,0.06420000000000001,0.102,0.1162,0.10420000000000001,0.07119999999999999,0.074,0.0596,0.1184,0.0714,0.09099999999999998,0.0514,0.09720000000000001,0.0666,0.0782,0.027,0.06659999999999996,0.0482
2.9968339898977696,0.004799999999999995,0.038200000000000005,0.0788,0.0688,0.038000000000000006,0.07019999999999998,0.040799999999999996,0.10080000000000001,0.10819999999999998,0.089,0.08099999999999999,0.0556,0.062200000000000005,0.1066,0.0496,0.07659999999999999,0.03219999999999999,0.07680000000000001,0.0522,0.047599999999999996,0.019399999999999994,0.057,0.048400000000000006
2.9930724854570467,-0.008399999999999998,0.0422,0.07759999999999999,0.054599999999999996,0.044000000000000004,0.06659999999999999,0.027199999999999995,0.10679999999999999,0.09779999999999998,0.08,0.08020000000000001,0.0406,0.0702,0.095,0.039,0.059,0.026,0.0668,0.0528,0.0366,0.015599999999999998,0.0492,0.057600000000000005
2.9893924783027965,-0.025,0.0422,0.0722,0.0506,0.0312,0.0562,0.027600000000000003,0.11320000000000001,0.08539999999999998,0.07479999999999999,0.07659999999999999,0.0358,0.0714,0.07940000000000001,0.045,0.05779999999999999,0.017799999999999996,0.0516,0.039799999999999995,0.03579999999999999,0.020000000000000004,0.0434,0.053
2.985649619570452,-0.0144,0.047200000000000006,0.0808,0.045799999999999993,0.03960000000000001,0.0574,0.0458,0.11259999999999999,0.07679999999999997,0.0858,0.07940000000000001,0.0522,0.0852,0.0762,0.0642,0.0718,0.0346,0.0546,0.0378,0.037399999999999996,0.028399999999999998,0.047200000000000006,0.04979999999999999
2.9819161215852255,-0.0057999999999999935,0.061,0.09179999999999998,0.052,0.0518,0.08220000000000001,0.06520000000000001,0.11359999999999999,0.07239999999999998,0.1146,0.1082,0.0654,0.1036,0.0864,0.09600000000000002,0.09700000000000003,0.06100000000000001,0.06780000000000001,0.03920000000000001,0.0498,0.04300000000000001,0.0518,0.06420000000000001
2.978263480244986,-0.001,0.061399999999999996,0.086,0.0544,0.06340000000000001,0.0996,0.07899999999999999,0.1022,0.0708,0.1286,0.106,0.074,0.09359999999999999,0.093,0.1182,0.1066,0.0804,0.07859999999999999,0.0418,0.0562,0.0578,0.044,0.0642
2.974548420370859,-0.002200000000000004,0.061,0.0792,0.0628,0.07100000000000001,0.09880000000000001,0.08120000000000001,0.1012,0.075,0.12919999999999998,0.10540000000000001,0.071,0.0892,0.091,0.127,0.0948,0.0984,0.08220000000000001,0.0448,0.053200000000000004,0.055600000000000004,0.0464,0.0636
2.970913795581964,-0.002000000000000002,0.0714,0.0734,0.06,0.0804,0.0958,0.09259999999999999,0.0922,0.0854,0.11499999999999999,0.09820000000000001,0.08159999999999999,0.09399999999999999,0.0872,0.1286,0.09259999999999999,0.1008,0.09079999999999998,0.034,0.040600000000000004,0.053,0.03359999999999999,0.0708
2.9672170375687967,-0.004600000000000003,0.08499999999999999,0.0714,0.0514,0.098,0.09759999999999999,0.10799999999999998,0.0844,0.0882,0.1134,0.1198,0.09239999999999998,0.09879999999999999,0.10320000000000001,0.13379999999999997,0.09440000000000001,0.1192,0.111,0.037200000000000004,0.0352,0.043,0.0492,0.07659999999999999
2.9636002963600294,-0.0256,0.076,0.062400000000000004,0.0396,0.09199999999999998,0.07459999999999999,0.09579999999999998,0.08059999999999999,0.083,0.09720000000000001,0.13219999999999998,0.08940000000000001,0.07680000000000001,0.09459999999999999,0.1254,0.08540000000000002,0.12140000000000001,0.1062,0.0358,0.0528,0.05700000000000001,0.05360000000000001,0.06879999999999999
2.9599217052968276,-0.023399999999999997,0.0742,0.06420000000000001,0.0354,0.1002,0.07099999999999998,0.09559999999999999,0.07479999999999998,0.09259999999999997,0.09620000000000001,0.1336,0.09739999999999997,0.078,0.1176,0.14279999999999998,0.08780000000000002,0.14139999999999997,0.1134,0.0526,0.061799999999999994,0.074,0.0626,0.06720000000000001
2.9563227160022887,-0.0312,0.072,0.07100000000000001,0.035,0.09079999999999999,0.0648,0.0992,0.055600000000000004,0.0952,0.11120000000000001,0.129,0.10459999999999998,0.062,0.1168,0.1382,0.0862,0.12699999999999997,0.12,0.05500000000000001,0.0534,0.06720000000000001,0.05719999999999999,0.0476
2.952662158300791,-0.023399999999999997,0.0762,0.074,0.040600000000000004,0.0922,0.06459999999999999,0.104,0.0432,0.10199999999999998,0.1108,0.12499999999999999,0.10899999999999999,0.0588,0.1272,0.1396,0.09320000000000002,0.13119999999999998,0.1286,0.0546,0.055400000000000005,0.0676,0.0576,0.0512
2.949080790543915,-0.0218,0.07540000000000001,0.065,0.0466,0.0984,0.07540000000000001,0.098,0.0664,0.10940000000000001,0.1108,0.12140000000000001,0.0992,0.055600000000000004,0.1278,0.15280000000000002,0.0906,0.12659999999999996,0.1374,0.06480000000000001,0.057,0.05800000000000001,0.0514,0.0562
2.945438133922421,-0.0416,0.0494,0.040600000000000004,0.0358,0.0782,0.055,0.0706,0.05940000000000001,0.09720000000000002,0.07640000000000001,0.0838,0.0702,0.0378,0.0986,0.11259999999999999,0.05899999999999999,0.0992,0.1088,0.047,0.0394,0.038200000000000005,0.0298,0.025999999999999992
2.941874258600237,-0.0418,0.04379999999999999,0.0314,0.0314,0.0718,0.0464,0.05439999999999998,0.0634,0.07,0.055799999999999995,0.072,0.0508,0.0348,0.0856,0.09980000000000001,0.04319999999999999,0.09399999999999999,0.08199999999999999,0.029199999999999997,0.0396,0.018999999999999993,0.023199999999999995,0.026199999999999994
2.9383189971801618,-0.0356,0.05479999999999999,0.0248,0.03400000000000001,0.056,0.0426,0.058600000000000006,0.07180000000000002,0.0572,0.0604,0.0694,0.037200000000000004,0.0434,0.07940000000000001,0.09359999999999999,0.0466,0.085,0.07759999999999999,0.0212,0.038,0.017999999999999995,0.017399999999999995,0.031
2.93470286133529,-0.03640000000000001,0.047,0.014999999999999993,0.027199999999999995,0.036599999999999994,0.023600000000000003,0.0538,0.0652,0.03959999999999998,0.062,0.0554,0.01579999999999999,0.03459999999999999,0.06380000000000002,0.06459999999999999,0.0396,0.07019999999999998,0.061399999999999996,0.007799999999999994,0.034,0.021399999999999992,0.01919999999999999,0.022
2.931164901664145,-0.033999999999999996,0.0536,0.010999999999999994,0.0272,0.051400000000000015,0.011599999999999994,0.0494,0.06459999999999999,0.041,0.05179999999999999,0.045200000000000004,0.006799999999999997,0.033600000000000005,0.05540000000000001,0.0682,0.0412,0.05679999999999999,0.047799999999999995,-0.002400000000000002,0.0378,0.02559999999999999,0.015999999999999997,0.019999999999999993
2.9275663424308243,-0.033999999999999996,0.0528,0.0106,0.0222,0.0574,0.02140000000000001,0.047200000000000006,0.059,0.0374,0.048,0.0264,0.005400000000000002,0.028399999999999995,0.05560000000000001,0.062,0.037200000000000004,0.0546,0.032799999999999996,-0.0017999999999999997,0.018000000000000002,0.006199999999999996,0.005800000000000001,0.0092
2.9240455585162826,-0.0258,0.051,0.02680000000000001,0.037200000000000004,0.0614,0.0396,0.0522,0.08120000000000002,0.033600000000000005,0.0562,0.042200000000000015,0.022600000000000002,0.025199999999999997,0.055400000000000005,0.0616,0.0476,0.0704,0.03400000000000001,-0.005399999999999999,0.030600000000000013,0.019800000000000005,0.004400000000000002,0.018000000000000006
2.9204644480557715,-0.013,0.042,0.008799999999999997,0.047,0.0594,0.0458,0.04879999999999999,0.09940000000000002,0.02240000000000001,0.0448,0.034,0.0222,0.0216,0.056799999999999996,0.0664,0.0554,0.0828,0.0248,-0.0011999999999999984,0.029,0.037200000000000004,0.0025999999999999986,0.027
2.9169607151258528,-0.020399999999999998,0.046799999999999994,-0.0020000000000000018,0.0378,0.048,0.044000000000000004,0.039200000000000006,0.0986,0.022800000000000004,0.0508,0.0362,0.0184,0.026000000000000002,0.0484,0.0616,0.0578,0.0818,0.0198,0.002399999999999999,0.0071999999999999955,0.047400000000000005,-0.0056000000000000025,0.024399999999999998
2.913396926836145,-0.0228,0.0434,-0.005400000000000002,0.034,0.037200000000000004,0.0346,0.0256,0.0828,0.025800000000000007,0.049,0.038200000000000005,0.012599999999999997,0.026199999999999998,0.0476,0.053200000000000004,0.056799999999999996,0.06,-0.0018000000000000026,-0.006800000000000001,-0.0023999999999999985,0.047200000000000006,-0.011600000000000004,0.0242
2.9099101213244785,-0.023000000000000003,0.038799999999999994,-0.0038000000000000017,0.034,0.032999999999999995,0.0368,0.0384,0.07640000000000001,0.023399999999999997,0.053,0.0376,0.001799999999999994,0.027600000000000003,0.0632,0.043,0.0578,0.05399999999999998,-0.0148,-0.012600000000000002,-0.004799999999999997,0.0484,-0.016799999999999995,0.017599999999999994
2.9064316519782487,-0.010799999999999995,0.046799999999999994,0.0046,0.028,0.0418,0.0412,0.0432,0.07739999999999998,0.0404,0.0584,0.048,0.0096,0.040799999999999996,0.0756,0.0362,0.0686,0.05619999999999998,-0.016800000000000006,0.005600000000000002,-0.007599999999999999,0.0648,-0.010399999999999998,0.016399999999999994
2.9028935293566813,0.012400000000000012,0.0464,0.0192,0.021000000000000008,0.055200000000000006,0.0508,0.0356,0.0594,0.046799999999999994,0.0706,0.0502,0.02640000000000001,0.039200000000000006,0.0842,0.038799999999999994,0.0706,0.0586,-0.007599999999999991,0.009400000000000002,-0.002199999999999995,0.0644,-0.004199999999999998,0.015800000000000005
2.8994318048962984,0.0166,0.0508,0.023399999999999997,0.03500000000000001,0.067,0.0686,0.040799999999999996,0.06340000000000001,0.05399999999999999,0.0716,0.0538,0.051000000000000004,0.053399999999999996,0.09179999999999998,0.06280000000000002,0.0872,0.0728,0.007400000000000008,0.031000000000000003,0.018000000000000006,0.0674,0.0128,0.0304
2.8959106938508605,0.014799999999999995,0.04,0.0248,0.039200000000000006,0.042,0.0696,0.034199999999999994,0.052,0.0498,0.07259999999999998,0.047799999999999995,0.0588,0.056600000000000004,0.09079999999999998,0.0644,0.0804,0.08259999999999999,0.004999999999999997,0.0378,0.026600000000000002,0.0598,0.010199999999999997,0.025399999999999995
2.892465593655237,0.0188,0.04420000000000001,0.022,0.03960000000000001,0.030399999999999996,0.0616,0.0404,0.05140000000000001,0.0528,0.06779999999999999,0.053200000000000004,0.06180000000000002,0.07379999999999998,0.08899999999999998,0.0654,0.07840000000000001,0.0778,0.010800000000000004,0.045200000000000004,0.032799999999999996,0.07400000000000001,0.017200000000000003,0.0374
2.88896137179069,0.028199999999999992,0.048600000000000004,0.017,0.04820000000000001,0.0238,0.05740000000000001,0.0502,0.04660000000000001,0.0684,0.05,0.049400000000000006,0.056600000000000004,0.083,0.07940000000000001,0.0576,0.0804,0.0578,0.016600000000000004,0.048400000000000006,0.0364,0.0646,0.023600000000000003,0.0442
2.8855327763944802,0.038200000000000005,0.0632,0.035800000000000005,0.0598,0.03960000000000001,0.0574,0.0684,0.0454,0.074,0.0518,0.06860000000000001,0.0782,0.1012,0.0814,0.048600000000000004,0.0852,0.060399999999999995,0.03180000000000001,0.059000000000000004,0.0516,0.0732,0.0334,0.0578
2.882112309408702,0.0426,0.0504,0.06300000000000001,0.063,0.055200000000000006,0.049,0.077,0.0378,0.0678,0.0582,0.06659999999999999,0.09440000000000001,0.1034,0.0798,0.05960000000000001,0.0852,0.0658,0.0362,0.0746,0.0654,0.0734,0.0466,0.066
2.8786331135667194,0.053399999999999996,0.063,0.07659999999999999,0.0678,0.0636,0.0576,0.09540000000000001,0.030600000000000002,0.0588,0.0752,0.064,0.10699999999999998,0.09780000000000001,0.08299999999999999,0.062200000000000005,0.0862,0.09040000000000001,0.0458,0.0824,0.07119999999999999,0.08,0.0598,0.06599999999999999
2.8752289748881212,0.04619999999999999,0.07540000000000001,0.07659999999999999,0.0714,0.0708,0.05,0.09679999999999998,0.0282,0.0598,0.078,0.056,0.1226,0.09379999999999998,0.0792,0.0676,0.0832,0.08979999999999999,0.0496,0.09559999999999999,0.06699999999999999,0.0938,0.0538,0.0684
2.8718328778544633,0.0412,0.0598,0.0714,0.0858,0.0642,0.05040000000000001,0.10659999999999999,0.0304,0.05600000000000001,0.08059999999999999,0.0652,0.13419999999999999,0.102,0.0742,0.06659999999999999,0.0732,0.088,0.05419999999999999,0.1002,0.056199999999999986,0.08279999999999998,0.061599999999999995,0.06019999999999999
2.8683784408975246,0.0222,0.0528,0.0588,0.085,0.0634,0.0426,0.11039999999999997,0.035800000000000005,0.0536,0.0688,0.0646,0.1438,0.10880000000000001,0.05999999999999999,0.06819999999999998,0.06999999999999998,0.0848,0.06060000000000001,0.1146,0.056199999999999986,0.088,0.0652,0.0516
2.8649984981862713,0.016199999999999996,0.0494,0.06479999999999998,0.0798,0.0722,0.0384,0.0932,0.045,0.0508,0.06019999999999999,0.0678,0.133,0.09459999999999999,0.0562,0.0588,0.071,0.07479999999999999,0.06160000000000001,0.11040000000000001,0.055799999999999995,0.07699999999999999,0.055,0.0368
2.861560473542104,0.030199999999999998,0.0506,0.0866,0.0942,0.0868,0.0496,0.1014,0.0724,0.0586,0.081,0.0888,0.1306,0.1046,0.07160000000000001,0.0646,0.08059999999999999,0.08220000000000001,0.075,0.11600000000000002,0.06,0.09140000000000001,0.06860000000000001,0.057
2.858196570164116,0.01579999999999999,0.03279999999999999,0.0788,0.0912,0.082,0.04319999999999999,0.08020000000000001,0.0706,0.0376,0.07659999999999999,0.07479999999999999,0.10559999999999999,0.08159999999999999,0.056999999999999995,0.058,0.06259999999999998,0.0804,0.0616,0.10099999999999999,0.047200000000000006,0.0638,0.046200000000000005,0.04240000000000001
2.8548405663635315,0.007399999999999999,0.028999999999999998,0.061200000000000004,0.08480000000000001,0.0788,0.03359999999999999,0.0686,0.0608,0.017199999999999997,0.07559999999999999,0.0606,0.0938,0.071,0.04179999999999998,0.0522,0.042,0.073,0.056600000000000004,0.0916,0.027800000000000002,0.05940000000000001,0.030399999999999993,0.027399999999999997
2.851426863200497,-0.017800000000000003,0.015599999999999998,0.038799999999999994,0.0692,0.04279999999999999,0.013999999999999997,0.03199999999999998,0.048600000000000004,0.007,0.05,0.02159999999999999,0.06719999999999998,0.056,0.022399999999999996,0.046799999999999994,0.016399999999999994,0.048,0.0436,0.08100000000000002,0.010399999999999994,0.0268,0.00619999999999999,0.003
2.8480867288345815,-0.0256,0.032,0.0198,0.07659999999999999,0.0466,0.02339999999999999,0.028800000000000003,0.06080000000000002,0.02260000000000001,0.04,0.023000000000000007,0.056600000000000004,0.0424,0.032400000000000005,0.0378,0.0114,0.0526,0.0546,0.0798,0.0001999999999999984,0.023000000000000007,-0.0036000000000000016,-0.0033999999999999976
2.8447544105164146,-0.0366,0.018199999999999997,-0.013200000000000002,0.060799999999999986,0.0418,0.0015999999999999916,0.009199999999999996,0.060200000000000004,0.012799999999999994,0.005999999999999994,0.006399999999999997,0.03819999999999999,0.0376,0.02759999999999999,0.019399999999999997,0.0005999999999999978,0.0418,0.047799999999999995,0.0828,-0.0216,0.0033999999999999985,-0.01840000000000001,-0.016399999999999998
2.8413647716596775,-0.0314,0.006399999999999997,-0.012999999999999994,0.05779999999999998,0.04620000000000001,0.0004000000000000002,0.0048000000000000004,0.0666,0.006399999999999993,0.006800000000000004,0.0065999999999999965,0.035399999999999994,0.03779999999999999,0.0228,0.024999999999999998,0.009999999999999997,0.0446,0.0526,0.096,-0.0242,-0.006799999999999997,-0.0025999999999999977,-0.0013999999999999987
2.838048155268699,-0.0418,0.028199999999999996,0.0002000000000000064,0.048199999999999986,0.0522,0.005600000000000008,0.0050000000000000044,0.0778,0.015399999999999999,0.0128,-0.007399999999999999,0.029000000000000005,0.0282,0.023399999999999997,0.0318,0.023600000000000006,0.045399999999999996,0.0644,0.09920000000000001,-0.012199999999999999,0.0024000000000000067,-0.009200000000000002,0.012600000000000002
2.8347392725693252,-0.0432,0.033800000000000004,0.002400000000000002,0.053,0.051000000000000004,0.006800000000000004,0.0018000000000000034,0.09140000000000001,0.014599999999999998,0.013000000000000003,-0.0019999999999999953,0.0128,0.026,0.0498,0.020399999999999998,0.016999999999999998,0.0394,0.0576,0.0848,-0.021,-0.007199999999999997,-0.0162,0.020399999999999998
2.83137344445713,-0.0482,0.0446,0.012000000000000005,0.053399999999999996,0.05040000000000001,0.013200000000000003,0.016800000000000002,0.102,0.02040000000000001,0.024600000000000004,0.0038000000000000048,0.021800000000000003,0.038799999999999994,0.0596,0.019600000000000003,0.0182,0.045200000000000004,0.0528,0.0942,-0.031999999999999994,0.007200000000000005,-0.002799999999999995,0.031999999999999994
2.8280800985266614,-0.0664,0.0498,0.01240000000000001,0.0456,0.0496,0.023400000000000008,0.0132,0.09759999999999999,0.03320000000000001,0.0252,0.004400000000000009,0.0198,0.04320000000000001,0.05460000000000001,0.019000000000000003,0.0202,0.043,0.0522,0.104,-0.028199999999999992,0.02180000000000001,-0.0007999999999999988,0.027399999999999997
2.8247944050846296,-0.07280000000000002,0.052399999999999995,0.0088,0.047,0.0522,0.0312,0.020199999999999996,0.0994,0.038799999999999994,0.023999999999999997,0.014199999999999999,0.034,0.0516,0.0608,0.0246,0.0394,0.0432,0.0482,0.11039999999999997,-0.0248,0.030199999999999994,0.004999999999999997,0.01639999999999999
2.8215163374897605,-0.0792,0.029999999999999995,0.0218,0.021999999999999992,0.030799999999999994,0.023599999999999986,-0.00020000000000000857,0.0698,0.0354,0.0252,-0.006000000000000008,0.030199999999999994,0.03119999999999998,0.0682,0.0053999999999999925,0.03559999999999999,0.018799999999999983,0.010599999999999991,0.0932,-0.020999999999999998,0.0216,-0.016000000000000004,-0.0036000000000000103
2.8181818181818183,-0.0746,0.0031999999999999832,0.047799999999999995,-0.007600000000000016,0.018799999999999983,0.008199999999999983,-0.02100000000000002,0.037399999999999975,0.055799999999999995,0.0422,-0.012600000000000012,0.0518,0.03640000000000001,0.0906,-0.009200000000000007,0.023999999999999994,-0.00640000000000002,-0.031200000000000006,0.04779999999999998,0.010600000000000014,0.047000000000000014,-0.048400000000000006,-0.031000000000000017
2.8149190710767065,-0.0644,0.0008000000000000148,0.0436,0.00020000000000000277,0.010200000000000002,0.018200000000000008,-0.02039999999999999,0.0292,0.0476,0.041,-0.0216,0.044,0.036599999999999994,0.08699999999999998,-0.015599999999999994,0.012999999999999992,-0.007799999999999998,-0.0544,0.04179999999999999,0.031200000000000006,0.0376,-0.0484,-0.033999999999999996
2.811663870119269,-0.06399999999999999,0.01840000000000001,0.0616,0.0212,0.009600000000000001,0.03660000000000001,-0.022600000000000002,0.026000000000000006,0.0606,0.065,-0.004200000000000004,0.054,0.037599999999999995,0.1024,-0.005199999999999996,0.023000000000000003,0.001600000000000005,-0.048,0.0402,0.0438,0.0484,-0.03719999999999999,-0.029799999999999993
2.8083525841373373,-0.052599999999999994,0.02459999999999999,0.08479999999999999,0.042,0.009600000000000001,0.0466,-0.03559999999999999,0.013400000000000006,0.07840000000000001,0.06620000000000001,0.0036000000000000016,0.0592,0.0502,0.1108,-0.0011999999999999984,0.029200000000000007,0.011400000000000004,-0.022799999999999983,0.023999999999999997,0.048799999999999996,0.051000000000000004,-0.03419999999999999,-0.03339999999999999
2.8051125438298836,-0.041999999999999996,0.014799999999999997,0.09079999999999998,0.0616,0.015400000000000004,0.0344,-0.0424,0.0040000000000000036,0.077,0.061200000000000004,0.008400000000000003,0.0684,0.05840000000000001,0.10940000000000001,0.005000000000000008,0.028399999999999998,0.011800000000000005,-0.019799999999999995,0.004599999999999995,0.053000000000000005,0.040799999999999996,-0.026999999999999993,-0.0448
2.801879971077368,-0.03679999999999999,0.0128,0.08799999999999998,0.056,0.012399999999999998,0.0312,-0.045,-0.0166,0.082,0.0594,0.013000000000000001,0.06879999999999999,0.060200000000000004,0.0932,0.011000000000000003,0.037,0.02,-0.011999999999999993,0.011000000000000005,0.053200000000000004,0.0496,-0.032199999999999986,-0.04879999999999999
2.7986548400929876,-0.037399999999999996,-0.012399999999999994,0.061599999999999995,0.0434,-0.012000000000000004,0.007799999999999998,-0.05240000000000001,-0.058,0.0752,0.0458,-0.0001999999999999974,0.03979999999999999,0.03579999999999999,0.07359999999999998,-0.0025999999999999994,0.015199999999999995,0.007799999999999998,-0.022000000000000002,-0.009800000000000008,0.03339999999999999,0.02759999999999999,-0.060399999999999995,-0.0658
2.79537410672017,-0.0448,-0.02659999999999999,0.039,0.02140000000000001,-0.0316,-0.0142,-0.062200000000000005,-0.0762,0.0578,0.019999999999999993,-0.031,0.038400000000000004,0.016800000000000002,0.0464,-0.0248,-0.010200000000000002,-0.0011999999999999932,-0.0394,-0.030999999999999996,0.010799999999999997,-0.008400000000000006,-0.07679999999999998,-0.08159999999999999
2.7921639270434584,-0.020399999999999998,-0.015999999999999997,0.06340000000000001,0.021800000000000007,-0.01799999999999999,-0.011199999999999995,-0.0614,-0.06479999999999998,0.085,0.04660000000000001,-0.014799999999999987,0.0594,0.024800000000000003,0.0698,-0.01399999999999999,-0.0025999999999999977,0.019800000000000012,-0.01639999999999999,-0.0019999999999999935,0.03800000000000001,0.008400000000000008,-0.05519999999999997,-0.051799999999999985
2.788961111985785,-0.009199999999999996,-0.0030000000000000022,0.0688,0.0412,0.0018000000000000026,0.014600000000000009,-0.03960000000000001,-0.0298,0.09499999999999999,0.0582,0.014200000000000008,0.0678,0.047200000000000006,0.0852,0.009000000000000003,0.012799999999999997,0.061200000000000004,0.009800000000000005,0.026199999999999998,0.046799999999999994,0.016200000000000003,-0.024799999999999992,-0.024799999999999992
2.785765636232926,-0.0028000000000000017,0.024999999999999998,0.060399999999999995,0.061200000000000004,0.0334,0.051000000000000004,0.008000000000000005,0.0078,0.08159999999999999,0.0632,0.0446,0.059,0.0396,0.0644,0.030600000000000002,0.045200000000000004,0.1028,0.0466,0.0686,0.026,-0.0006000000000000004,0.017599999999999998,0.015000000000000003
2.7825150345570417,-0.0001999999999999986,0.0232,0.076,0.039400000000000004,0.0352,0.041,0.0044,-0.006800000000000009,0.0762,0.07000000000000002,0.0554,0.056999999999999995,0.05000000000000001,0.06340000000000001,0.028999999999999998,0.052399999999999995,0.09,0.046799999999999994,0.0586,0.012199999999999999,0.009200000000000003,0.0047999999999999935,0.018
2.779334304606074,0.004600000000000002,0.022200000000000008,0.0824,0.038200000000000005,0.039200000000000006,0.0458,0.0172,-0.0102,0.08680000000000002,0.07320000000000002,0.065,0.068,0.0466,0.05740000000000001,0.03760000000000001,0.052,0.0874,0.054000000000000006,0.05360000000000001,0.021,0.021000000000000005,-0.0024000000000000037,0.031000000000000003
2.776160838221466,-0.0072,0.03440000000000001,0.06479999999999998,0.006399999999999996,0.034600000000000006,0.029399999999999992,0.01859999999999999,-0.002400000000000002,0.0808,0.0734,0.0664,0.05379999999999999,0.0368,0.047799999999999995,0.040600000000000004,0.04340000000000001,0.0834,0.05600000000000002,0.061799999999999994,0.0376,0.03760000000000001,0.005800000000000004,0.0402
2.772994610550797,-0.009999999999999993,0.0576,0.0742,0.0006000000000000068,0.033400000000000006,0.047799999999999995,0.030199999999999998,0.006000000000000004,0.0938,0.08059999999999999,0.069,0.044,0.0434,0.053200000000000004,0.0432,0.0498,0.09580000000000001,0.07280000000000002,0.11780000000000002,0.0804,0.08820000000000001,0.04520000000000002,0.08780000000000002
2.769773727355983,-0.002599999999999993,0.0814,0.0998,0.017400000000000006,0.05600000000000001,0.07959999999999999,0.04900000000000001,0.0322,0.1024,0.09999999999999999,0.0862,0.0626,0.0626,0.07180000000000002,0.06960000000000002,0.0756,0.11800000000000001,0.10240000000000002,0.16900000000000004,0.15300000000000002,0.1424,0.09620000000000002,0.146
2.7666220437304774,0.0126,0.1166,0.1252,0.039,0.0896,0.1146,0.063,0.0842,0.1276,0.1134,0.1118,0.0932,0.082,0.12300000000000001,0.0984,0.1102,0.1414,0.1434,0.205,0.2,0.1884,0.13179999999999997,0.19440000000000002
2.7634775244590046,0.03499999999999999,0.141,0.1352,0.069,0.13019999999999998,0.12819999999999998,0.0716,0.1146,0.14539999999999997,0.13759999999999997,0.1524,0.1016,0.086,0.162,0.11320000000000001,0.139,0.1492,0.1744,0.2266,0.2174,0.22119999999999998,0.15319999999999998,0.2142
2.7603401451404657,0.02859999999999999,0.14379999999999998,0.124,0.0696,0.14320000000000002,0.11879999999999999,0.08020000000000002,0.1056,0.1298,0.11899999999999998,0.13499999999999998,0.09179999999999998,0.09359999999999999,0.146,0.11240000000000001,0.13539999999999996,0.1274,0.16779999999999998,0.2066,0.2164,0.21780000000000002,0.1382,0.20619999999999997
2.757209881484446,0.03440000000000001,0.17539999999999997,0.1356,0.07640000000000001,0.15960000000000002,0.11280000000000001,0.10020000000000001,0.10979999999999998,0.13439999999999996,0.11259999999999996,0.13539999999999996,0.10540000000000001,0.1034,0.1518,0.1338,0.13939999999999997,0.1272,0.19,0.21880000000000002,0.232,0.21919999999999998,0.14040000000000002,0.219
2.754025541365908,0.031199999999999995,0.188,0.1444,0.09759999999999999,0.1522,0.10859999999999999,0.09580000000000001,0.1128,0.13979999999999998,0.11879999999999999,0.14499999999999996,0.10499999999999998,0.1166,0.1648,0.139,0.134,0.132,0.2144,0.2302,0.23259999999999997,0.22540000000000002,0.1536,0.22359999999999997
2.7509095749401014,0.0342,0.183,0.13779999999999998,0.10940000000000001,0.1492,0.10579999999999999,0.10820000000000002,0.1386,0.15059999999999998,0.11779999999999999,0.15339999999999998,0.1294,0.1148,0.165,0.15259999999999999,0.1406,0.1446,0.24580000000000002,0.242,0.23959999999999998,0.2314,0.18180000000000002,0.23079999999999995
2.747800651494671,0.03159999999999999,0.17379999999999998,0.13739999999999997,0.11059999999999999,0.14980000000000002,0.09959999999999998,0.1194,0.1594,0.13539999999999996,0.1012,0.1314,0.13219999999999998,0.12340000000000001,0.1628,0.14520000000000002,0.148,0.14780000000000001,0.25659999999999994,0.2378,0.23779999999999996,0.22240000000000001,0.188,0.211
2.74469874717783,0.046,0.19119999999999998,0.15439999999999998,0.1514,0.1736,0.135,0.15520000000000003,0.1772,0.15860000000000002,0.1082,0.1382,0.17579999999999998,0.15360000000000001,0.1812,0.15600000000000003,0.185,0.16060000000000002,0.263,0.2464,0.23319999999999996,0.2184,0.1904,0.21959999999999996
2.7416038382453736,0.043,0.17899999999999996,0.139,0.16119999999999998,0.17659999999999998,0.13319999999999999,0.15940000000000001,0.18880000000000002,0.16440000000000002,0.10180000000000002,0.14379999999999998,0.17579999999999998,0.1524,0.17820000000000003,0.15880000000000002,0.19080000000000003,0.1578,0.2526,0.2102,0.1998,0.18259999999999998,0.16019999999999998,0.2018
2.7385159010600706,0.03660000000000001,0.15919999999999998,0.12079999999999998,0.15159999999999998,0.15519999999999998,0.1098,0.13879999999999998,0.1804,0.15439999999999998,0.08880000000000002,0.13419999999999999,0.16059999999999997,0.1432,0.1782,0.14039999999999997,0.1698,0.1422,0.221,0.1676,0.149,0.1328,0.12819999999999998,0.1564
2.7353745698402894,0.04000000000000001,0.14859999999999998,0.1252,0.14039999999999997,0.1482,0.1052,0.1382,0.161,0.139,0.0922,0.1364,0.15619999999999998,0.15159999999999998,0.15739999999999998,0.1294,0.1636,0.139,0.20159999999999997,0.154,0.14759999999999998,0.102,0.1266,0.12680000000000002
2.7323006412092634,0.027800000000000002,0.12259999999999996,0.1356,0.1198,0.12399999999999999,0.1046,0.13259999999999997,0.1566,0.14100000000000004,0.0952,0.1276,0.16540000000000002,0.1578,0.1362,0.131,0.1594,0.13579999999999998,0.19859999999999997,0.14339999999999997,0.15739999999999998,0.09340000000000001,0.1184,0.1186
2.7292336135933444,0.03239999999999999,0.12119999999999997,0.14699999999999996,0.1256,0.1208,0.132,0.145,0.16440000000000002,0.15719999999999998,0.1186,0.1422,0.16839999999999997,0.1616,0.14959999999999998,0.1346,0.1722,0.1622,0.21279999999999996,0.15399999999999997,0.1608,0.09979999999999999,0.1338,0.1276
2.7261734637792676,0.0208,0.0932,0.14,0.124,0.1158,0.12879999999999997,0.13119999999999998,0.1592,0.15259999999999999,0.1254,0.13219999999999998,0.155,0.15239999999999998,0.1352,0.12480000000000001,0.16219999999999998,0.15639999999999998,0.2039999999999999,0.1534,0.13879999999999998,0.09799999999999999,0.13879999999999998,0.1052
2.7231201686577653,0.0358,0.09499999999999999,0.1424,0.1264,0.14,0.1388,0.13179999999999997,0.17,0.1548,0.1288,0.14039999999999997,0.1614,0.1598,0.142,0.13579999999999998,0.17059999999999997,0.1752,0.1948,0.1618,0.1436,0.1042,0.14679999999999999,0.11
2.72007370522298,0.037,0.107,0.1518,0.1446,0.14179999999999998,0.148,0.13279999999999997,0.17720000000000002,0.1616,0.1446,0.143,0.1504,0.1698,0.159,0.1362,0.1682,0.18780000000000002,0.197,0.17860000000000004,0.1566,0.1162,0.14579999999999999,0.12040000000000001
2.716974517408357,0.026999999999999993,0.09240000000000001,0.1576,0.13539999999999996,0.12479999999999998,0.1364,0.11659999999999998,0.16479999999999997,0.16899999999999998,0.15699999999999997,0.1492,0.11759999999999998,0.1696,0.1432,0.1306,0.1548,0.19340000000000002,0.1804,0.17880000000000001,0.14699999999999996,0.1196,0.13719999999999996,0.1376
2.71394178157146,0.009399999999999999,0.0586,0.1478,0.1072,0.10359999999999997,0.1102,0.08659999999999997,0.14859999999999998,0.1492,0.151,0.1444,0.08259999999999999,0.14079999999999998,0.12300000000000001,0.12300000000000001,0.1286,0.1814,0.1544,0.1632,0.14359999999999998,0.1148,0.12099999999999998,0.1242
2.7109158085743643,-0.002400000000000001,0.0514,0.13579999999999998,0.08499999999999999,0.09539999999999997,0.10939999999999998,0.0588,0.131,0.12780000000000002,0.1392,0.13,0.07819999999999998,0.1278,0.10599999999999998,0.10940000000000001,0.10219999999999997,0.16979999999999998,0.14780000000000001,0.14660000000000004,0.12039999999999998,0.11159999999999999,0.10640000000000001,0.1014
2.707896575821104,-0.02500000000000001,0.02959999999999999,0.12779999999999997,0.07159999999999998,0.08579999999999999,0.1042,0.054,0.1194,0.11680000000000001,0.1202,0.1056,0.06879999999999999,0.10579999999999998,0.0874,0.09340000000000001,0.08699999999999998,0.15299999999999997,0.1388,0.1354,0.10479999999999998,0.1034,0.09379999999999998,0.07459999999999999
2.7048840608162643,-0.050600000000000006,-7.105427357601002e-18,0.11539999999999997,0.0662,0.0606,0.08059999999999999,0.0376,0.1134,0.1114,0.09939999999999997,0.0756,0.06339999999999998,0.08159999999999998,0.0664,0.0824,0.06079999999999999,0.13219999999999998,0.10499999999999998,0.11399999999999999,0.07599999999999998,0.1082,0.0696,0.0742
2.7018782411644224,-0.060200000000000004,-0.0004000000000000038,0.09339999999999997,0.05919999999999999,0.03599999999999999,0.072,0.02059999999999999,0.0916,0.09340000000000001,0.07740000000000001,0.0546,0.0502,0.0686,0.053200000000000004,0.07940000000000001,0.0424,0.11019999999999998,0.0804,0.1046,0.0576,0.1032,0.05379999999999999,0.07959999999999999
2.698879094569594,-0.0772,-0.0031999999999999906,0.07440000000000001,0.04679999999999999,0.011799999999999998,0.04119999999999999,0.0108,0.0792,0.08700000000000001,0.0564,0.0446,0.0426,0.0466,0.032799999999999996,0.0664,0.0254,0.07759999999999997,0.0716,0.0916,0.035,0.1018,0.046799999999999994,0.0762
2.695886598834681,-0.0718,0.0008000000000000096,0.067,0.0446,0.020400000000000012,0.0378,0.0264,0.0842,0.09720000000000001,0.07100000000000001,0.048,0.054200000000000005,0.04480000000000002,0.0238,0.059000000000000004,0.028600000000000004,0.07019999999999997,0.06580000000000001,0.07159999999999998,0.04760000000000001,0.09540000000000001,0.0402,0.08639999999999998
2.6929007318609246,-0.0788,-0.0005999999999999952,0.06119999999999999,0.053,0.021200000000000007,0.032400000000000005,0.033800000000000004,0.0824,0.1042,0.07960000000000002,0.033800000000000004,0.06280000000000002,0.03500000000000001,0.0156,0.05560000000000001,0.03860000000000001,0.05740000000000001,0.06760000000000001,0.0674,0.057400000000000014,0.0992,0.04860000000000001,0.0912
2.68992147164736,-0.0792,-0.003599999999999996,0.06520000000000001,0.048799999999999996,0.03040000000000001,0.0216,0.03420000000000001,0.0718,0.11159999999999999,0.08,0.0272,0.0706,0.030600000000000002,-0.0007999999999999961,0.053,0.046200000000000005,0.0592,0.0494,0.061799999999999994,0.0438,0.09520000000000002,0.043,0.0896
2.6868905742145177,-0.07540000000000001,0.014000000000000002,0.0638,0.04079999999999999,0.0432,0.015399999999999994,0.046799999999999994,0.07,0.10540000000000001,0.0726,0.028,0.08639999999999998,0.0292,0.003400000000000001,0.049,0.040199999999999986,0.051,0.052000000000000005,0.0666,0.06,0.09480000000000001,0.0582,0.092
2.6839245903768316,-0.07119999999999999,0.0132,0.0464,0.03579999999999999,0.042,0.009199999999999995,0.03419999999999999,0.0606,0.09240000000000001,0.05919999999999998,0.024,0.07779999999999998,0.0286,-0.008600000000000007,0.0362,0.0264,0.039799999999999995,0.0446,0.0646,0.0608,0.08979999999999999,0.06,0.09479999999999998
2.680965147453083,-0.055,0.02760000000000001,0.063,0.05740000000000001,0.051,0.004000000000000001,0.051,0.07859999999999999,0.1072,0.07540000000000001,0.0362,0.0876,0.0374,0.01860000000000001,0.047400000000000005,0.05800000000000001,0.0492,0.05240000000000001,0.08560000000000002,0.085,0.0992,0.068,0.113
2.6780122238299895,-0.032199999999999986,0.0578,0.08080000000000001,0.0736,0.0698,0.0,0.065,0.092,0.1088,0.09459999999999999,0.0534,0.1032,0.0492,0.033600000000000005,0.0682,0.07659999999999999,0.065,0.0726,0.10620000000000002,0.0988,0.10679999999999998,0.0676,0.15619999999999998
2.6750657979893857,-0.024799999999999992,0.09260000000000003,0.07940000000000001,0.0838,0.0916,0.0025999999999999955,0.07680000000000001,0.1034,0.1014,0.1098,0.0592,0.1076,0.07080000000000002,0.053,0.0854,0.08899999999999998,0.0818,0.11159999999999999,0.12359999999999999,0.11220000000000001,0.11259999999999996,0.0798,0.16399999999999998
2.672125848507704,-0.024399999999999998,0.107,0.08459999999999998,0.1036,0.112,0.005000000000000002,0.09440000000000001,0.10379999999999999,0.0968,0.12179999999999999,0.0644,0.10779999999999999,0.0742,0.0686,0.087,0.1154,0.09359999999999999,0.1306,0.141,0.13419999999999999,0.1212,0.08799999999999998,0.1574
2.6691923540554505,-0.015599999999999998,0.10159999999999998,0.09599999999999999,0.1172,0.10839999999999998,0.009799999999999998,0.08159999999999999,0.099,0.08940000000000001,0.1216,0.052,0.09620000000000001,0.0868,0.0632,0.08179999999999998,0.12399999999999999,0.10139999999999998,0.1406,0.14539999999999997,0.15,0.1334,0.086,0.15320000000000003
2.666265293396693,-0.015199999999999993,0.10459999999999998,0.09399999999999999,0.11379999999999998,0.09699999999999999,0.020600000000000004,0.0626,0.0818,0.0762,0.1068,0.059,0.0882,0.09820000000000001,0.0852,0.08,0.12699999999999997,0.1146,0.14959999999999998,0.1616,0.1634,0.1564,0.089,0.17140000000000002
2.663344645388548,-0.00959999999999999,0.11599999999999999,0.09779999999999998,0.10999999999999999,0.107,0.030800000000000004,0.0596,0.078,0.07900000000000001,0.09459999999999999,0.0678,0.06980000000000001,0.1016,0.1036,0.0772,0.1208,0.1238,0.1498,0.1618,0.16760000000000003,0.17339999999999997,0.0836,0.17660000000000003
2.6604303889806693,-0.011199999999999991,0.1196,0.09620000000000001,0.11220000000000001,0.115,0.0314,0.043,0.07440000000000001,0.0606,0.07959999999999999,0.062200000000000005,0.0418,0.10700000000000001,0.10640000000000001,0.079,0.13100000000000003,0.1144,0.14539999999999997,0.15319999999999998,0.18740000000000004,0.191,0.09540000000000001,0.17839999999999998
2.6575225032147447,0.0052000000000000084,0.12199999999999998,0.1056,0.13639999999999997,0.1268,0.0616,0.0436,0.0878,0.0724,0.08259999999999999,0.08140000000000001,0.0528,0.12179999999999999,0.11999999999999998,0.1012,0.15440000000000004,0.1382,0.16639999999999996,0.1636,0.2112,0.21480000000000002,0.1216,0.1876
2.654620967223994,0.018000000000000006,0.13019999999999998,0.1298,0.15760000000000002,0.1284,0.07479999999999999,0.0756,0.1056,0.10000000000000002,0.08940000000000001,0.08840000000000002,0.066,0.13079999999999997,0.1394,0.11059999999999999,0.16579999999999998,0.1644,0.18459999999999996,0.1936,0.22919999999999996,0.2414,0.1534,0.2064
2.6517257602326674,0.02360000000000001,0.132,0.13119999999999998,0.15819999999999998,0.133,0.0854,0.08479999999999999,0.09699999999999999,0.1034,0.1034,0.09240000000000001,0.0756,0.13119999999999998,0.14420000000000002,0.11860000000000002,0.16379999999999997,0.1768,0.1874,0.211,0.25980000000000003,0.2596,0.18480000000000002,0.219
2.6488368615555506,0.0057999999999999935,0.12399999999999999,0.12639999999999998,0.156,0.1232,0.092,0.0716,0.0864,0.103,0.0942,0.1014,0.0682,0.13379999999999997,0.1522,0.11040000000000001,0.1606,0.1706,0.17540000000000003,0.212,0.26880000000000004,0.2778,0.2194,0.2068
2.6459542505974736,0.0192,0.12040000000000001,0.138,0.1596,0.113,0.1118,0.0732,0.0716,0.10659999999999999,0.0974,0.11080000000000001,0.0724,0.144,0.1446,0.1154,0.1694,0.17479999999999998,0.162,0.2318,0.28459999999999996,0.29240000000000005,0.2336,0.2088
2.643077906852819,0.034,0.125,0.1484,0.15719999999999998,0.124,0.1318,0.0778,0.0866,0.10959999999999998,0.1072,0.12140000000000001,0.086,0.15159999999999998,0.149,0.1274,0.163,0.19080000000000003,0.16760000000000003,0.247,0.29960000000000003,0.31539999999999996,0.26459999999999995,0.23140000000000002
2.6402078099050375,0.042,0.1416,0.1492,0.1662,0.161,0.15039999999999998,0.1014,0.1178,0.108,0.1296,0.1498,0.1072,0.16079999999999994,0.167,0.16140000000000002,0.16999999999999998,0.212,0.17980000000000002,0.2768,0.32259999999999994,0.3406,0.2974,0.2552
2.637343939426165,0.029799999999999993,0.13879999999999998,0.14479999999999998,0.16219999999999998,0.15719999999999998,0.1432,0.1026,0.12079999999999998,0.10279999999999999,0.139,0.1336,0.1028,0.15399999999999997,0.15159999999999996,0.16179999999999997,0.17539999999999997,0.2004,0.17839999999999998,0.2836,0.31260000000000004,0.35379999999999995,0.31239999999999996,0.252
2.6344862751763407,0.019000000000000003,0.1346,0.1458,0.1452,0.1492,0.13659999999999997,0.10080000000000001,0.11959999999999998,0.1026,0.13160000000000002,0.1276,0.11000000000000001,0.15259999999999999,0.14279999999999998,0.15899999999999997,0.175,0.20019999999999996,0.1772,0.29660000000000003,0.3178,0.346,0.323,0.2528
2.631634797003332,0.013599999999999998,0.1308,0.14379999999999998,0.12999999999999998,0.1412,0.139,0.113,0.12440000000000001,0.1194,0.1356,0.14500000000000002,0.14279999999999998,0.15580000000000002,0.147,0.16199999999999998,0.174,0.20579999999999996,0.18280000000000002,0.314,0.3282,0.3298,0.3322,0.2538
2.6287894848420605,0.011600000000000006,0.1382,0.13459999999999997,0.13319999999999999,0.13460000000000003,0.13319999999999999,0.11,0.1212,0.119,0.1424,0.1456,0.156,0.15759999999999996,0.1466,0.1606,0.1662,0.1895999999999999,0.17620000000000005,0.332,0.3236,0.3274,0.32099999999999995,0.25680000000000003
2.6259503187141315,0.0072,0.16099999999999998,0.1392,0.13479999999999998,0.1504,0.139,0.1034,0.1252,0.1162,0.15519999999999998,0.1482,0.16319999999999998,0.16040000000000001,0.1466,0.1778,0.17159999999999997,0.184,0.18619999999999998,0.3406,0.32859999999999995,0.318,0.31839999999999996,0.25620000000000004
2.623117278727365,-0.009600000000000001,0.14759999999999998,0.139,0.11539999999999997,0.1372,0.1316,0.09399999999999999,0.1268,0.106,0.1266,0.15080000000000002,0.14720000000000003,0.15759999999999996,0.1254,0.15940000000000001,0.15699999999999997,0.15259999999999999,0.1824,0.326,0.30179999999999996,0.296,0.2962,0.24359999999999998
2.6202903450753334,-0.000400000000000002,0.1666,0.137,0.11179999999999998,0.1256,0.13479999999999998,0.1082,0.1294,0.12300000000000001,0.12940000000000002,0.15419999999999998,0.15400000000000003,0.15139999999999998,0.10379999999999999,0.1714,0.16240000000000002,0.1502,0.18719999999999998,0.30660000000000004,0.2978,0.2878,0.286,0.24159999999999998
2.6174694980368978,0.008600000000000003,0.17,0.14160000000000003,0.1258,0.1272,0.13739999999999997,0.10959999999999999,0.13799999999999998,0.14220000000000002,0.1424,0.16540000000000002,0.16840000000000002,0.131,0.12440000000000001,0.1822,0.1638,0.15919999999999998,0.2014,0.309,0.29719999999999996,0.2924,0.30599999999999994,0.25
2.614654717975751,0.023399999999999997,0.184,0.15460000000000002,0.136,0.13140000000000002,0.141,0.1288,0.15619999999999995,0.15760000000000002,0.15680000000000002,0.18480000000000002,0.17779999999999999,0.1474,0.1414,0.2022,0.16879999999999995,0.16759999999999997,0.21219999999999997,0.32280000000000003,0.3008,0.30160000000000003,0.3076,0.25939999999999996
2.6118459853399614,0.017999999999999995,0.1706,0.154,0.12479999999999998,0.105,0.142,0.10779999999999999,0.1426,0.1606,0.14639999999999997,0.1742,0.176,0.1396,0.1426,0.18080000000000002,0.15979999999999997,0.1512,0.20980000000000001,0.30639999999999995,0.2836,0.27179999999999993,0.2772,0.24159999999999995
2.6090432806615187,0.015999999999999993,0.1688,0.15439999999999998,0.1256,0.09259999999999999,0.1258,0.102,0.15299999999999997,0.17019999999999996,0.13,0.1814,0.173,0.13340000000000002,0.1504,0.18380000000000002,0.15419999999999998,0.14679999999999999,0.20459999999999998,0.30319999999999997,0.2758,0.26380000000000003,0.2662,0.2206
2.6062465845558873,0.0252,0.1704,0.15499999999999997,0.14739999999999998,0.09140000000000001,0.1276,0.1152,0.16379999999999997,0.15680000000000002,0.139,0.193,0.1764,0.1448,0.1468,0.191,0.15319999999999998,0.1394,0.2206,0.293,0.269,0.26559999999999995,0.2504,0.2082
2.603455877721556,0.012399999999999994,0.16219999999999998,0.1434,0.14959999999999998,0.07640000000000001,0.1186,0.1156,0.15,0.1402,0.1272,0.18259999999999998,0.15739999999999998,0.1196,0.1212,0.18080000000000002,0.13699999999999998,0.13119999999999998,0.22019999999999998,0.285,0.2359999999999999,0.2496,0.2308,0.201
2.600671140939597,0.0052,0.17560000000000003,0.1566,0.14179999999999998,0.082,0.11620000000000001,0.128,0.1546,0.1454,0.13240000000000002,0.1884,0.1518,0.0984,0.1274,0.19140000000000001,0.14279999999999998,0.13620000000000002,0.21980000000000002,0.27099999999999996,0.22419999999999995,0.2586,0.232,0.208
2.5978923550732227,0.003600000000000004,0.1768,0.14780000000000001,0.13639999999999997,0.07579999999999999,0.1124,0.13319999999999999,0.15680000000000002,0.12539999999999998,0.12779999999999997,0.19140000000000001,0.15580000000000002,0.08940000000000001,0.132,0.1814,0.1392,0.12940000000000002,0.2134,0.24919999999999998,0.20079999999999995,0.2646,0.22619999999999998,0.205
2.5951738138590654,-0.004400000000000004,0.186,0.1328,0.14139999999999997,0.072,0.09999999999999999,0.143,0.14579999999999999,0.11839999999999998,0.1266,0.1866,0.15680000000000002,0.08099999999999999,0.1356,0.18879999999999997,0.13539999999999996,0.1524,0.20980000000000001,0.23079999999999995,0.18519999999999998,0.2696,0.21819999999999998,0.19219999999999998
2.592406756982773,0.004799999999999999,0.1734,0.14580000000000004,0.14959999999999996,0.09659999999999999,0.1052,0.1494,0.15619999999999998,0.1124,0.13639999999999997,0.17700000000000002,0.15020000000000003,0.08999999999999998,0.15200000000000002,0.19,0.12599999999999997,0.15919999999999998,0.2054,0.246,0.18880000000000002,0.273,0.21559999999999999,0.1972
2.5896455944698538,0.0,0.17339999999999997,0.15440000000000004,0.149,0.11479999999999999,0.116,0.15719999999999998,0.1692,0.111,0.1324,0.177,0.15360000000000001,0.1076,0.1496,0.1864,0.1286,0.15120000000000003,0.21159999999999998,0.238,0.18919999999999998,0.268,0.209,0.21259999999999998
2.5868903075061542,-0.013,0.1568,0.1348,0.1386,0.0906,0.0986,0.1306,0.1334,0.09140000000000001,0.10479999999999998,0.1502,0.13539999999999996,0.0862,0.13119999999999998,0.1556,0.12240000000000001,0.1398,0.1938,0.21559999999999996,0.16540000000000002,0.23640000000000003,0.18079999999999996,0.1876
2.5841408773575076,-0.0182,0.16040000000000001,0.1374,0.1474,0.078,0.0874,0.13419999999999999,0.11039999999999997,0.0836,0.0932,0.14639999999999997,0.1398,0.0732,0.1252,0.1564,0.133,0.1366,0.17959999999999998,0.21159999999999995,0.1584,0.22640000000000002,0.1886,0.18919999999999998
2.5813972853693063,-0.020399999999999998,0.1618,0.1402,0.1518,0.0734,0.0942,0.1368,0.10599999999999998,0.0804,0.0824,0.1384,0.1494,0.0694,0.12179999999999999,0.14579999999999999,0.1376,0.1412,0.17959999999999995,0.2046,0.15919999999999998,0.21819999999999998,0.1844,0.2052
2.578659512966082,-0.018199999999999997,0.16419999999999998,0.1316,0.15259999999999999,0.0706,0.08859999999999998,0.1456,0.106,0.09459999999999999,0.074,0.13999999999999996,0.1652,0.06420000000000001,0.1258,0.1394,0.14780000000000001,0.1428,0.17479999999999998,0.218,0.1714,0.2236,0.1976,0.2086
2.5759275416510863,-0.0034000000000000002,0.1696,0.1324,0.15580000000000002,0.0752,0.09319999999999998,0.14220000000000002,0.11859999999999998,0.0942,0.0834,0.12499999999999999,0.17,0.0734,0.1336,0.1382,0.1446,0.143,0.184,0.2122,0.1844,0.231,0.206,0.2006
2.5732013530058726,0.0032000000000000006,0.14459999999999998,0.11899999999999998,0.145,0.06600000000000002,0.08499999999999999,0.1258,0.11639999999999998,0.0832,0.076,0.1146,0.16099999999999998,0.07640000000000001,0.11800000000000001,0.12599999999999997,0.13059999999999997,0.1358,0.17959999999999998,0.21919999999999998,0.19,0.20879999999999996,0.2014,0.17880000000000001
2.570480928689884,0.0066,0.1188,0.1154,0.1294,0.0626,0.08599999999999998,0.11120000000000001,0.10679999999999999,0.1056,0.0742,0.1206,0.1692,0.07940000000000001,0.108,0.11899999999999998,0.13319999999999999,0.1306,0.15979999999999997,0.2164,0.1992,0.2044,0.19440000000000002,0.1758
2.567819424311452,0.025199999999999997,0.13820000000000002,0.1406,0.141,0.08200000000000002,0.10579999999999998,0.1166,0.1268,0.12479999999999998,0.09820000000000002,0.1268,0.18459999999999996,0.0866,0.11920000000000001,0.12299999999999998,0.14999999999999997,0.1232,0.1536,0.2348,0.2292,0.209,0.2204,0.1978
2.5651103618046793,0.012799999999999992,0.13119999999999998,0.12040000000000001,0.13319999999999999,0.060200000000000004,0.0838,0.1088,0.10499999999999998,0.127,0.08699999999999998,0.115,0.18979999999999994,0.0664,0.1078,0.11159999999999999,0.14699999999999996,0.1174,0.148,0.2088,0.21759999999999996,0.1916,0.21659999999999996,0.1782
2.562407009423045,0.005999999999999998,0.11259999999999999,0.09799999999999999,0.1142,0.047,0.04679999999999999,0.1042,0.08159999999999998,0.107,0.07019999999999998,0.095,0.16599999999999998,0.0434,0.0836,0.07879999999999998,0.12140000000000001,0.0978,0.128,0.1854,0.2034,0.1758,0.2056,0.14079999999999998
2.5597093491319693,0.0023999999999999985,0.1154,0.09259999999999999,0.12140000000000001,0.06160000000000001,0.0368,0.10740000000000001,0.0888,0.108,0.07019999999999998,0.0992,0.15959999999999996,0.03319999999999999,0.074,0.07079999999999999,0.1216,0.09620000000000001,0.12340000000000001,0.17980000000000002,0.20740000000000003,0.184,0.22019999999999998,0.137
2.557017362972739,0.010599999999999998,0.1176,0.0834,0.11320000000000001,0.0814,0.0464,0.11120000000000001,0.10679999999999999,0.10380000000000002,0.073,0.09779999999999998,0.14999999999999997,0.038,0.07900000000000001,0.0714,0.1166,0.10940000000000001,0.1196,0.18680000000000002,0.21780000000000002,0.19040000000000004,0.21780000000000002,0.12499999999999999
2.554331033062107,0.02219999999999999,0.12599999999999997,0.09240000000000001,0.10359999999999998,0.10399999999999998,0.0732,0.122,0.12079999999999999,0.10720000000000002,0.09459999999999999,0.107,0.1472,0.04000000000000001,0.07859999999999999,0.1036,0.1138,0.1252,0.12799999999999997,0.191,0.22920000000000004,0.1822,0.22240000000000001,0.12140000000000001
2.5517028500874575,0.0202,0.11499999999999999,0.0992,0.0974,0.10799999999999998,0.084,0.11380000000000001,0.12179999999999998,0.1044,0.1016,0.0942,0.1264,0.031200000000000006,0.08059999999999999,0.1092,0.1124,0.1274,0.12459999999999999,0.1822,0.218,0.17139999999999997,0.21,0.1206
2.5490276692842166,0.0162,0.11159999999999998,0.09880000000000001,0.09340000000000001,0.1178,0.097,0.1168,0.1202,0.1026,0.10540000000000001,0.1026,0.1252,0.031,0.0964,0.11159999999999999,0.12,0.12240000000000001,0.1076,0.179,0.21380000000000002,0.17420000000000002,0.2124,0.1186
2.5463580918742426,0.014400000000000001,0.10999999999999999,0.09719999999999998,0.101,0.12340000000000001,0.105,0.1176,0.1142,0.1066,0.11120000000000001,0.08940000000000001,0.1272,0.0334,0.1046,0.11460000000000002,0.13140000000000002,0.12079999999999999,0.10099999999999999,0.1662,0.2032,0.173,0.2002,0.1222
2.54369410027078,0.0076,0.1212,0.09240000000000001,0.126,0.12079999999999999,0.12240000000000001,0.11979999999999999,0.1184,0.1062,0.1222,0.0838,0.1206,0.0318,0.11820000000000001,0.1272,0.132,0.119,0.11599999999999999,0.172,0.195,0.16920000000000002,0.17859999999999998,0.12179999999999999
2.5410356769605933,0.0048000000000000004,0.094,0.0728,0.124,0.1072,0.1176,0.1108,0.113,0.09620000000000001,0.10840000000000001,0.069,0.1146,0.0294,0.12220000000000002,0.13,0.12199999999999998,0.113,0.137,0.16219999999999998,0.17539999999999997,0.16240000000000002,0.1588,0.1164
2.5383828045035823,-0.00860000000000001,0.08079999999999998,0.07019999999999998,0.10899999999999999,0.1142,0.1134,0.09999999999999999,0.1186,0.0782,0.10379999999999999,0.0598,0.0978,0.025399999999999995,0.1192,0.12599999999999997,0.12,0.09799999999999999,0.13439999999999996,0.16519999999999999,0.1682,0.1636,0.15580000000000002,0.12039999999999998
2.5357873210633946,-0.0132,0.08279999999999998,0.06779999999999999,0.10540000000000001,0.12139999999999998,0.1192,0.09440000000000001,0.124,0.08259999999999999,0.1062,0.0616,0.097,0.0318,0.119,0.149,0.128,0.10840000000000001,0.1326,0.1774,0.174,0.1644,0.15080000000000002,0.13319999999999999
2.5331453902882473,0.0008000000000000042,0.08179999999999998,0.07679999999999998,0.0996,0.12919999999999998,0.11359999999999999,0.0994,0.12779999999999997,0.08900000000000001,0.11059999999999999,0.062200000000000005,0.09759999999999999,0.04300000000000001,0.12379999999999998,0.1584,0.12979999999999997,0.1162,0.1336,0.18680000000000002,0.16659999999999997,0.1534,0.142,0.1416
2.5305089588180074,-0.001200000000000001,0.0772,0.0814,0.0884,0.11879999999999999,0.0974,0.09899999999999999,0.12479999999999998,0.09240000000000001,0.10680000000000002,0.063,0.09320000000000002,0.05040000000000001,0.1182,0.1536,0.11480000000000001,0.1062,0.1306,0.17339999999999997,0.14420000000000002,0.1418,0.1318,0.1466
2.5278780094999287,0.009800000000000005,0.0664,0.0722,0.0968,0.11300000000000002,0.07700000000000001,0.0942,0.12380000000000001,0.089,0.09320000000000002,0.06,0.09700000000000002,0.057,0.1128,0.13119999999999998,0.1162,0.0912,0.11539999999999997,0.167,0.12859999999999996,0.14039999999999997,0.1302,0.1456
2.525252525252525,0.013800000000000005,0.069,0.0588,0.0844,0.09800000000000002,0.061799999999999994,0.0902,0.11040000000000001,0.0724,0.0836,0.047799999999999995,0.092,0.05780000000000002,0.10059999999999998,0.11979999999999999,0.106,0.08420000000000001,0.10599999999999998,0.15,0.1134,0.12859999999999996,0.1252,0.13859999999999997
2.5226838100663223,0.005999999999999995,0.0714,0.0502,0.0704,0.07840000000000001,0.052,0.08020000000000001,0.09679999999999998,0.0634,0.06599999999999999,0.03239999999999999,0.07319999999999997,0.046,0.09059999999999999,0.1008,0.10080000000000001,0.0768,0.097,0.15099999999999997,0.09659999999999998,0.11459999999999998,0.1072,0.13459999999999997
2.5200690986688343,0.0005999999999999996,0.0928,0.055799999999999995,0.07859999999999999,0.07640000000000001,0.0438,0.07940000000000001,0.09359999999999999,0.068,0.049,0.0396,0.081,0.048,0.0974,0.1004,0.10260000000000002,0.07640000000000001,0.1076,0.1558,0.0938,0.11959999999999998,0.11999999999999998,0.13319999999999999
2.517459801851551,-0.0018000000000000026,0.09259999999999999,0.0572,0.062200000000000005,0.0668,0.0178,0.07639999999999998,0.0844,0.0518,0.03779999999999999,0.029600000000000005,0.0814,0.0426,0.084,0.08979999999999999,0.0896,0.0824,0.09699999999999999,0.15599999999999997,0.099,0.11120000000000001,0.13219999999999998,0.11299999999999999
2.514855902812988,-0.015,0.06819999999999998,0.043,0.0458,0.047200000000000006,-0.01980000000000001,0.0586,0.0582,0.02319999999999999,0.0208,0.012399999999999994,0.060200000000000004,0.02459999999999999,0.0518,0.06319999999999999,0.061399999999999996,0.07700000000000001,0.05919999999999999,0.14839999999999998,0.083,0.08940000000000001,0.11179999999999998,0.0876
2.512308284539174,-0.005600000000000006,0.082,0.038799999999999994,0.0446,0.034,-0.0132,0.05199999999999999,0.06720000000000002,0.020199999999999992,0.018199999999999997,0.019800000000000005,0.0676,0.0326,0.0426,0.0574,0.0514,0.08840000000000002,0.046799999999999994,0.1488,0.074,0.0964,0.10059999999999997,0.077
2.509715025906736,-0.010200000000000006,0.0864,0.0536,0.046,0.029400000000000013,-0.0005999999999999947,0.049,0.09320000000000002,0.026399999999999996,0.028200000000000006,0.0246,0.07160000000000001,0.0378,0.0664,0.0476,0.059000000000000004,0.09259999999999999,0.05380000000000002,0.1492,0.0762,0.1022,0.10099999999999999,0.06700000000000002
2.5071271153885037,-0.042600000000000006,0.0722,0.0428,0.0338,0.011800000000000001,0.016800000000000006,0.03339999999999999,0.093,0.0035999999999999943,0.0218,0.005199999999999997,0.0734,0.02459999999999999,0.059,0.0326,0.04159999999999999,0.086,0.0446,0.12840000000000001,0.0734,0.09159999999999999,0.1034,0.0538
2.5045445364572814,-0.0422,0.07640000000000001,0.0344,0.038799999999999994,0.000399999999999996,0.021,0.0202,0.0824,-0.0013999999999999987,0.013799999999999996,-0.0025999999999999986,0.062,0.011599999999999994,0.0586,0.02759999999999999,0.038,0.0762,0.033999999999999996,0.1142,0.07379999999999998,0.09059999999999999,0.1142,0.05660000000000001
2.5020177562550443,-0.055799999999999995,0.08860000000000003,0.0536,0.0476,0.005200000000000005,0.03300000000000001,0.023999999999999994,0.07959999999999999,5.10702591327572e-18,0.022600000000000006,0.004800000000000001,0.0676,0.022800000000000004,0.0564,0.029199999999999993,0.038200000000000005,0.0884,0.044400000000000016,0.121,0.08780000000000002,0.0942,0.11799999999999998,0.055
2.499445687448348,-0.055600000000000004,0.09560000000000002,0.0778,0.06380000000000002,0.011600000000000004,0.0416,0.024400000000000012,0.09259999999999999,0.006600000000000006,0.028,0.0158,0.07440000000000001,0.024800000000000003,0.06,0.041400000000000006,0.040799999999999996,0.0974,0.0438,0.12799999999999997,0.0882,0.10499999999999998,0.1276,0.061200000000000004
2.4968789013732833,-0.031799999999999995,0.10839999999999998,0.10540000000000001,0.08180000000000001,0.034000000000000016,0.044,0.04220000000000001,0.12060000000000003,0.0282,0.04,0.038200000000000005,0.09359999999999999,0.05660000000000001,0.07540000000000002,0.0678,0.05780000000000002,0.1192,0.0752,0.1326,0.11339999999999997,0.1242,0.1512,0.0808
2.4943173817713675,-0.038200000000000005,0.0992,0.0948,0.069,0.0286,0.0512,0.05040000000000001,0.1264,0.02,0.0536,0.03960000000000001,0.09780000000000001,0.0632,0.064,0.0494,0.056799999999999996,0.1222,0.07859999999999999,0.13200000000000003,0.12440000000000001,0.1138,0.15699999999999997,0.07959999999999999
2.4918111850169806,-0.041,0.1044,0.09620000000000001,0.0864,0.0432,0.0528,0.061799999999999994,0.1354,0.014399999999999996,0.0554,0.04980000000000002,0.0968,0.072,0.077,0.05700000000000001,0.0628,0.129,0.0974,0.1306,0.1318,0.11680000000000001,0.1626,0.0908
2.4892600473762396,-0.021399999999999992,0.1508,0.1264,0.111,0.0868,0.1142,0.09680000000000001,0.16820000000000002,0.049600000000000005,0.09640000000000003,0.0918,0.1326,0.10579999999999999,0.1146,0.1036,0.10220000000000001,0.15120000000000003,0.1352,0.1508,0.16319999999999998,0.1566,0.2018,0.1212
2.4867141281459944,-0.0015999999999999925,0.16659999999999997,0.15940000000000001,0.12919999999999998,0.1254,0.151,0.1152,0.17420000000000002,0.0738,0.123,0.11560000000000002,0.15039999999999998,0.1256,0.138,0.1216,0.125,0.1652,0.17459999999999998,0.16340000000000002,0.193,0.1722,0.23679999999999995,0.147
2.4842231794049887,0.02140000000000001,0.196,0.1662,0.14740000000000003,0.1416,0.171,0.119,0.172,0.09920000000000001,0.1366,0.1458,0.1724,0.15080000000000002,0.1412,0.14780000000000001,0.1414,0.17639999999999997,0.194,0.18259999999999998,0.2014,0.1854,0.24540000000000003,0.16779999999999998
2.4816875475323217,0.05660000000000001,0.22219999999999995,0.1896,0.16960000000000003,0.1586,0.1876,0.15280000000000002,0.19540000000000002,0.1364,0.1512,0.173,0.19080000000000003,0.1796,0.17359999999999998,0.184,0.17779999999999999,0.1926,0.224,0.21159999999999995,0.2248,0.2176,0.26839999999999997,0.19
2.479157086590559,0.0526,0.2302,0.19619999999999999,0.17760000000000004,0.17739999999999997,0.19319999999999998,0.16379999999999997,0.207,0.15,0.16279999999999997,0.17560000000000003,0.2078,0.1926,0.1756,0.1918,0.19140000000000001,0.2072,0.24459999999999998,0.231,0.2414,0.2376,0.27620000000000006,0.18680000000000002
2.4766317807781415,0.045,0.22179999999999994,0.16919999999999996,0.1758,0.1744,0.192,0.1512,0.1994,0.15519999999999998,0.1544,0.16860000000000003,0.2016,0.18159999999999998,0.1682,0.1976,0.18619999999999998,0.204,0.2516,0.23040000000000002,0.2404,0.23059999999999997,0.282,0.1976
2.4741609800869946,0.030999999999999996,0.2078,0.14039999999999997,0.1544,0.1676,0.18480000000000002,0.12139999999999998,0.195,0.15119999999999997,0.1492,0.1682,0.19240000000000002,0.1812,0.17039999999999997,0.184,0.18719999999999998,0.2102,0.26080000000000003,0.2284,0.25079999999999997,0.228,0.2804,0.196
2.471645837070701,0.010199999999999997,0.19,0.1168,0.13379999999999997,0.15900000000000003,0.17959999999999998,0.08939999999999998,0.177,0.137,0.1334,0.15819999999999995,0.18819999999999998,0.15839999999999999,0.1548,0.18380000000000002,0.16219999999999998,0.2074,0.2536,0.219,0.242,0.2248,0.25839999999999996,0.18259999999999998
2.4691358024691357,0.024200000000000006,0.17699999999999996,0.13959999999999997,0.139,0.17560000000000003,0.189,0.0854,0.1748,0.14079999999999998,0.12859999999999996,0.15959999999999996,0.17339999999999997,0.16019999999999998,0.17,0.203,0.15560000000000002,0.21,0.2568,0.222,0.2508,0.24719999999999998,0.2558,0.1982
2.466679928386712,0.03080000000000001,0.17919999999999997,0.139,0.13279999999999997,0.17720000000000005,0.1904,0.083,0.17139999999999994,0.152,0.1286,0.1634,0.1644,0.16540000000000002,0.1626,0.19340000000000002,0.1626,0.21480000000000002,0.25659999999999994,0.2228,0.2558,0.2544,0.25939999999999996,0.1988
2.4641799646270943,0.008599999999999995,0.14239999999999997,0.11580000000000001,0.108,0.15419999999999998,0.14579999999999999,0.0544,0.1478,0.1346,0.09899999999999999,0.14199999999999996,0.134,0.1442,0.1462,0.1628,0.1498,0.20459999999999998,0.245,0.2122,0.23,0.2312,0.2434,0.183
2.4616850631303104,-0.0074,0.12179999999999998,0.09559999999999999,0.107,0.1394,0.1114,0.040799999999999996,0.1384,0.1266,0.0906,0.12919999999999998,0.11800000000000002,0.1436,0.14679999999999999,0.1604,0.157,0.1968,0.2368,0.22,0.219,0.2144,0.22519999999999998,0.1812
2.4592439808020305,-0.0216,0.09439999999999998,0.07699999999999999,0.08499999999999999,0.10840000000000001,0.0722,0.029199999999999993,0.1142,0.09499999999999999,0.07080000000000002,0.1056,0.083,0.1176,0.13019999999999998,0.1494,0.149,0.1784,0.2152,0.2054,0.20980000000000001,0.19240000000000002,0.2174,0.16679999999999998
2.456759059299031,-0.038,0.0852,0.0768,0.0658,0.0988,0.03860000000000001,0.014800000000000004,0.0902,0.088,0.08060000000000002,0.107,0.07320000000000002,0.11059999999999999,0.1114,0.1452,0.1334,0.17980000000000002,0.2088,0.18519999999999998,0.2028,0.18159999999999998,0.197,0.16119999999999998
2.454327731924074,-0.0376,0.07879999999999998,0.08940000000000001,0.06699999999999999,0.0978,0.0374,0.019399999999999997,0.1044,0.0932,0.091,0.12000000000000001,0.09100000000000001,0.1242,0.127,0.16099999999999998,0.15839999999999999,0.19040000000000004,0.2368,0.1926,0.2064,0.18880000000000002,0.1978,0.182
2.4518527306521136,-0.0318,0.0974,0.10840000000000001,0.07160000000000001,0.0978,0.031200000000000006,0.0294,0.1092,0.1046,0.10200000000000001,0.1482,0.10940000000000003,0.1262,0.161,0.1738,0.1814,0.21619999999999998,0.2512,0.209,0.2226,0.2206,0.1988,0.2
2.449382716049383,-0.0288,0.10259999999999998,0.12960000000000002,0.08780000000000002,0.116,0.04260000000000002,0.053399999999999996,0.09759999999999999,0.0984,0.1184,0.1564,0.1308,0.1326,0.1732,0.1998,0.2032,0.22,0.2682,0.2318,0.2278,0.22940000000000002,0.2018,0.2152
2.4469659595461275,-0.032,0.10859999999999999,0.146,0.11200000000000002,0.12919999999999998,0.05540000000000001,0.08079999999999998,0.11059999999999999,0.1144,0.1458,0.1854,0.14679999999999999,0.154,0.18619999999999998,0.211,0.2394,0.24580000000000002,0.291,0.2598,0.2558,0.2502,0.22519999999999998,0.24040000000000003
2.444505776130584,-0.048,0.122,0.1316,0.10899999999999999,0.1166,0.0446,0.0788,0.1024,0.13620000000000002,0.1484,0.19319999999999998,0.16319999999999998,0.15699999999999997,0.19179999999999994,0.2184,0.26039999999999996,0.275,0.3054,0.26680000000000004,0.255,0.24680000000000002,0.236,0.2382
2.4420505346909036,-0.0628,0.117,0.1336,0.1002,0.09959999999999998,0.0474,0.0676,0.10040000000000002,0.139,0.142,0.1768,0.1668,0.1644,0.2023999999999999,0.2372,0.2718,0.283,0.3112,0.272,0.25880000000000003,0.2512,0.2334,0.239
2.439648218466563,-0.04499999999999999,0.12979999999999997,0.14579999999999999,0.11179999999999998,0.09540000000000001,0.06559999999999999,0.07780000000000001,0.12100000000000002,0.147,0.1508,0.19159999999999996,0.1844,0.1938,0.2124,0.26659999999999995,0.2958,0.3246,0.337,0.282,0.2884,0.273,0.23659999999999998,0.2534
2.4372027202327136,-0.0426,0.13040000000000002,0.1412,0.10179999999999999,0.0952,0.0814,0.0874,0.1252,0.1556,0.151,0.20580000000000004,0.191,0.2014,0.21759999999999996,0.29579999999999995,0.3224,0.3648,0.36,0.2922,0.3021999999999999,0.29259999999999997,0.2562,0.25680000000000003
2.434809927741125,-0.04399999999999999,0.12040000000000001,0.14679999999999999,0.1162,0.1248,0.114,0.12360000000000003,0.13240000000000002,0.18819999999999998,0.18059999999999998,0.2250000000000001,0.21579999999999996,0.2454,0.25379999999999997,0.32439999999999997,0.3654,0.4198,0.42619999999999997,0.3196,0.3274,0.33379999999999993,0.294,0.28680000000000005
2.4323741148315974,-0.0502,0.11320000000000001,0.139,0.1264,0.1238,0.1258,0.13,0.14460000000000003,0.18159999999999998,0.17179999999999998,0.21559999999999999,0.22499999999999992,0.2572,0.26959999999999995,0.3362,0.395,0.449,0.4628,0.35479999999999995,0.34440000000000004,0.349,0.307,0.28679999999999994
2.429943170683911,-0.0616,0.1004,0.12079999999999998,0.1044,0.1188,0.12199999999999998,0.123,0.1258,0.16999999999999998,0.1556,0.209,0.2124,0.255,0.26139999999999997,0.3422,0.414,0.4714,0.48119999999999996,0.3548,0.349,0.3442,0.30619999999999997,0.272
2.427564604541895,-0.0494,0.10060000000000002,0.11539999999999997,0.1152,0.1288,0.136,0.12699999999999997,0.1238,0.17499999999999996,0.17479999999999998,0.2134,0.22080000000000002,0.2872,0.2742,0.367,0.45280000000000004,0.5192,0.527,0.3692,0.3628,0.3508,0.3198,0.27140000000000003
2.4251432594707714,-0.054200000000000005,0.1058,0.10199999999999998,0.11059999999999999,0.1146,0.1314,0.1242,0.13440000000000002,0.20019999999999996,0.18080000000000002,0.22180000000000002,0.232,0.31279999999999997,0.29519999999999996,0.3964,0.5014,0.5868,0.5878000000000001,0.3946,0.393,0.3692,0.3504,0.2792
2.4227740763173835,-0.03559999999999999,0.112,0.1062,0.1146,0.118,0.1442,0.1354,0.137,0.21559999999999996,0.2082,0.2376,0.263,0.3368,0.34479999999999994,0.4372,0.561,0.6604,0.66,0.4204,0.4156,0.3862,0.37060000000000004,0.29479999999999995
2.4203622735790127,-0.014999999999999993,0.1166,0.1142,0.1258,0.13779999999999998,0.1636,0.16720000000000002,0.16220000000000004,0.224,0.24840000000000004,0.276,0.28979999999999995,0.37060000000000004,0.38980000000000004,0.4982,0.6456,0.748,0.75,0.4708,0.4562,0.4236000000000001,0.4066,0.31699999999999995
2.4180024180024176,-0.00900000000000001,0.11259999999999999,0.1196,0.12499999999999999,0.16219999999999998,0.17739999999999997,0.1844,0.173,0.249,0.28940000000000005,0.317,0.32639999999999997,0.4036,0.4362,0.5738,0.7474000000000002,0.87,0.8712000000000001,0.5227999999999999,0.4962,0.4634000000000001,0.4388,0.3555999999999999
2.415600101299359,-0.013600000000000001,0.1364,0.1252,0.13960000000000003,0.1958,0.213,0.211,0.1936,0.29040000000000005,0.33379999999999993,0.3582,0.373,0.461,0.514,0.6440000000000001,0.8593999999999999,1.0036,1.0228,0.6032000000000001,0.559,0.5142,0.47880000000000006,0.39339999999999997
2.4132025533239916,-0.001999999999999997,0.1596,0.1352,0.1682,0.22119999999999998,0.2414,0.24659999999999996,0.2266,0.3246,0.36780000000000007,0.40480000000000005,0.452,0.526,0.5986,0.7358000000000002,0.9947999999999999,1.1854,1.1813999999999998,0.6855999999999999,0.6312000000000001,0.569,0.503,0.43119999999999997
2.4108566317999767,0.011800000000000005,0.18359999999999999,0.159,0.1946,0.242,0.2454,0.26739999999999997,0.27940000000000004,0.35159999999999997,0.4020000000000001,0.4502,0.5326000000000002,0.5782,0.6852,0.8670000000000001,1.154,1.4125999999999999,1.3494,0.7634,0.697,0.6116,0.5252,0.4446
2.4084684859667864,0.04300000000000001,0.2052,0.1824,0.2266,0.2946,0.28259999999999996,0.3102,0.3352,0.4294,0.47080000000000005,0.5388000000000001,0.6232000000000001,0.6778,0.8072,1.0426,1.3761999999999999,1.7007999999999999,1.5717999999999996,0.865,0.7918,0.6734,0.5764,0.4914
2.406131755117881,0.0884,0.26139999999999997,0.2322,0.28840000000000005,0.3534,0.3396,0.38980000000000004,0.43139999999999995,0.5262,0.5812,0.638,0.7376,0.8064000000000002,0.98,1.251,1.6487999999999998,2.0432,1.8348,1.0252,0.909,0.7644,0.6414000000000001,0.5638
2.403752956228434,0.11920000000000001,0.2938,0.289,0.32800000000000007,0.42160000000000003,0.4128,0.4864,0.5502,0.6367999999999999,0.695,0.7506,0.8762000000000002,0.9468,1.178,1.4915999999999998,1.9772,2.4154,2.135,1.191,1.041,0.8624000000000002,0.7058000000000001,0.6144
2.401425362150438,0.1564,0.326,0.3454,0.3836,0.5036,0.49439999999999995,0.5948000000000001,0.6634000000000001,0.7686000000000001,0.828,0.8907999999999999,1.0422,1.1134000000000002,1.4106,1.7662,2.3266,2.8366,2.4932,1.3608,1.1847999999999999,0.9684000000000001,0.7577999999999999,0.6537999999999999
2.3990558554375374,0.202,0.39280000000000004,0.4024,0.4662,0.5932000000000001,0.5966,0.7252000000000001,0.8146,0.9214,0.979,1.0668000000000002,1.2334,1.3182,1.6644,2.1040000000000005,2.749,3.3194,2.9194,1.5626000000000002,1.3422,1.0677999999999999,0.831,0.7049999999999998
2.3967373446469646,0.28,0.4808,0.5016,0.584,0.7288,0.745,0.8977999999999999,1.0324,1.1462,1.1976,1.2942000000000002,1.4808000000000001,1.5852,1.9788,2.505400000000001,3.2516,3.8935999999999997,3.411,1.8015999999999999,1.4984000000000002,1.1886,0.9052,0.774
2.3943770757704486,0.402,0.6088,0.643,0.7482000000000002,0.9082,0.9798,1.1566,1.3386,1.454,1.5035999999999998,1.606,1.8088,1.9412,2.392,2.984400000000001,3.8424,4.557200000000001,3.9676,2.1074,1.689,1.328,1.0241999999999998,0.8512000000000001
2.392067595200432,0.563,0.7667999999999999,0.8328,0.9680000000000001,1.1412,1.2899999999999998,1.4654,1.7008,1.8214000000000001,1.887,1.996,2.2098,2.3414,2.8378,3.5356000000000005,4.501600000000001,5.2741999999999996,4.5672,2.4254,1.904,1.477,1.1451999999999998,0.9294
2.389716510243019,0.7764,0.9944000000000002,1.114,1.2674,1.483,1.6728,1.8824,2.1632,2.301,2.3575999999999997,2.471,2.6724,2.835,3.3708,4.1778,5.2534,6.0578,5.2868,2.7622,2.158,1.653,1.2648,1.0144000000000002
2.3874160072392616,1.109,1.3226,1.4796,1.6765999999999999,1.9626,2.2348000000000003,2.4284,2.7418,2.9104,2.9492,3.0464,3.2396000000000003,3.4055999999999997,3.9828,4.9094,6.0778,6.906199999999999,6.0328,3.1616,2.4516,1.8337999999999999,1.404,1.119
2.3850740527024428,1.596,1.8046000000000004,1.988,2.2514000000000003,2.6182,2.948,3.1582,3.4736000000000002,3.64,3.6694,3.7232,3.9086,4.0416,4.6866,5.7134,6.9872,7.8252,6.8428,3.6034,2.7368,2.0596,1.5521999999999998,1.2164000000000001
2.382782475019216,2.3,2.4852,2.7206000000000006,3.0554,3.5061999999999998,3.8638000000000003,4.0864,4.422,4.5556,4.5451999999999995,4.558200000000001,4.6896,4.8092,5.4742,6.628,7.997,8.825599999999998,7.7002,4.0808,3.0665999999999998,2.3192,1.722,1.333
2.3804495978192013,3.2721999999999998,3.4548,3.7245999999999997,4.0882,4.6364,5.017399999999999,5.217800000000001,5.554600000000001,5.6166,5.571,5.501399999999999,5.5584,5.663200000000001,6.333,7.594800000000002,9.0562,9.861,8.574000000000002,4.549,3.4162,2.5548,1.8894000000000002,1.4594
2.378166893615389,4.56,4.732000000000001,5.050400000000001,5.437200000000001,6.0408,6.3968,6.5698,6.8788,6.8628,6.723400000000001,6.548800000000001,6.5032000000000005,6.5772,7.241,8.5882,10.120199999999999,10.933599999999998,9.4322,5.0358,3.7538,2.7678000000000003,2.0372,1.5848
2.3758430410790927,6.288800000000001,6.41,6.7698,7.1526000000000005,7.7794,8.0648,8.196200000000001,8.41,8.280199999999999,7.9968,7.687399999999999,7.515800000000002,7.552000000000001,8.201,9.605,11.1602,11.9786,10.273400000000002,5.5182,4.105,3.0109999999999997,2.1992,1.6973999999999996
2.3735691589142838,8.519200000000001,8.612,8.965599999999998,9.2956,9.818,10.018,10.022,10.082,9.808,9.3574,8.8612,8.5836,8.552800000000001,9.1272,10.613599999999998,12.168,12.9536,11.066600000000003,5.971,4.453200000000001,3.2598000000000003,2.3688000000000002,1.822
2.3712542787753623,11.281400000000001,11.3536,11.607199999999999,11.8174,12.136400000000002,12.151399999999999,11.9888,11.8204,11.3592,10.691799999999999,10.011800000000001,9.605,9.4876,9.9672,11.533400000000002,13.074200000000001,13.8066,11.776,6.357600000000001,4.7592,3.4848000000000003,2.5221999999999998,1.9224
2.3689891676059838,14.6082,14.5806,14.6738,14.586799999999998,14.638399999999999,14.3982,13.9988,13.537,12.866399999999997,11.9506,11.0532,10.5336,10.323600000000003,10.7546,12.342199999999998,13.8796,14.5658,12.3562,6.702999999999999,5.0134,3.6761999999999997,2.6395999999999997,2.0065999999999997
2.366728379745386,18.3492,18.1654,17.936199999999996,17.440399999999997,17.109399999999997,16.5664,15.862199999999998,15.0758,14.130600000000001,13.0198,11.932799999999999,11.28,10.993600000000002,11.358600000000001,12.957400000000002,14.4746,15.103199999999998,12.725799999999998,6.961399999999999,5.208199999999999,3.7958000000000007,2.736,2.0768
2.3644268171764167,22.141200000000005,21.8854,21.147999999999996,20.160799999999995,19.322200000000002,18.429,17.450400000000002,16.3784,15.111600000000001,13.883,12.6234,11.849200000000002,11.5054,11.7918,13.375,14.843,15.434999999999997,12.963999999999997,7.1094,5.3254,3.8948,2.782,2.142
2.362174724730445,25.6378,25.3236,23.999799999999997,22.464,21.0872,19.8808,18.592599999999997,17.3156,15.786599999999996,14.4456,13.049,12.195600000000002,11.8244,12.039399999999999,13.576799999999999,15.0082,15.541199999999996,13.036,7.145,5.398,3.9381999999999997,2.7968,2.191
2.359882005899705,28.482400000000002,28.1114,26.206,24.107,22.269799999999996,20.8116,19.2464,17.746,16.088399999999996,14.633799999999999,13.1564,12.2982,11.866600000000002,12.053400000000002,13.5204,14.882200000000001,15.419199999999996,12.914,7.0618,5.3824000000000005,3.9156,2.8008,2.1926
2.3576385587983646,30.526,30.055400000000002,27.6006,25.0928,22.8312,21.1162,19.375999999999998,17.716,16.010199999999998,14.478999999999997,12.967799999999999,12.1216,11.669599999999999,11.821,13.244,14.5146,15.034399999999998,12.6078,6.9138,5.2642,3.861400000000001,2.7613999999999996,2.1638
2.355354632830604,31.613,31.107599999999998,28.1438,25.357,22.764599999999998,20.900599999999997,19.0126,17.274199999999997,15.511199999999997,14.026399999999999,12.530999999999999,11.7278,11.282599999999999,11.394400000000001,12.7854,13.984399999999997,14.464599999999999,12.1486,6.681,5.099399999999999,3.7952,2.7091999999999996,2.1158
2.3531197813875813,31.687599999999993,31.15359999999999,27.8446,24.826200000000004,22.01599999999999,20.1062,18.112999999999996,16.3742,14.645800000000001,13.2662,11.822999999999999,11.107199999999999,10.694799999999999,10.767600000000002,12.139,13.286599999999998,13.7248,11.542200000000001,6.3591999999999995,4.884600000000001,3.6515999999999997,2.6184000000000003,2.064
2.350889166951048,30.756799999999995,30.219999999999995,26.6764,23.535999999999998,20.64739999999999,18.7462,16.776799999999998,15.108199999999998,13.460799999999999,12.229599999999998,10.911599999999998,10.307799999999997,9.913599999999999,10.017400000000002,11.306599999999998,12.432399999999998,12.840200000000001,10.813,5.983999999999999,4.6254,3.4534,2.4858000000000002,1.9646
2.348618292706025,28.9084,28.3766,24.755599999999998,21.592200000000002,18.766799999999996,16.965999999999998,15.088399999999998,13.5358,12.054199999999998,11.023399999999999,9.8664,9.3774,9.021999999999998,9.1968,10.392399999999999,11.4432,11.856399999999999,9.985999999999999,5.5562,4.3351999999999995,3.2561999999999998,2.3248,1.8692
2.3463962003519594,26.1702,25.738400000000002,22.128799999999995,19.104400000000002,16.453200000000002,14.797599999999997,13.157799999999998,11.792,10.4986,9.695999999999998,8.7156,8.3278,8.0608,8.280599999999998,9.402,10.367999999999999,10.778400000000001,9.122599999999998,5.0813999999999995,4.0014,3.0316000000000005,2.153,1.7498
2.34413399372377,22.7728,22.489,19.037200000000002,16.308799999999998,13.9296,12.517599999999996,11.129400000000002,10.0282,8.9718,8.3876,7.5552,7.3106,7.0792,7.364199999999999,8.3956,9.2884,9.7204,8.2698,4.6228,3.6408,2.8091999999999997,2.001,1.6408
2.34192037470726,19.075400000000002,18.872,15.777,13.435799999999997,11.4436,10.309999999999999,9.1544,8.305599999999998,7.5196000000000005,7.071999999999999,6.416600000000001,6.2993999999999994,6.1138,6.464,7.4156,8.2692,8.686,7.408399999999999,4.167,3.2968,2.5700000000000003,1.8402,1.5261999999999998
2.3397109324880185,15.3936,15.279,12.644200000000001,10.7316,9.148,8.2708,7.382599999999998,6.716,6.1734,5.8676,5.371199999999999,5.338800000000001,5.2332,5.6006,6.472600000000001,7.2534,7.6781999999999995,6.5588,3.7192,2.9471999999999996,2.3261999999999996,1.6773999999999998,1.3971999999999998
2.3374615921129522,12.0674,12.033399999999999,9.86,8.3942,7.156200000000002,6.497400000000001,5.841199999999999,5.3558,4.9676,4.8238,4.444599999999999,4.4734,4.4348,4.8098,5.615199999999999,6.3172,6.737,5.7698,3.306599999999999,2.6258000000000004,2.0878,1.4946,1.2749999999999997
2.335260551046159,9.217,9.2844,7.5538,6.441200000000001,5.4866,5.054600000000001,4.5762,4.2261999999999995,3.9546,3.9202,3.6626,3.7324,3.7365999999999997,4.1132,4.845999999999999,5.4834,5.9134,5.059399999999999,2.9162,2.3451999999999997,1.875,1.3491999999999997,1.1704
2.3330197554092194,6.9668,7.058999999999999,5.7518,4.863,4.1422,3.8821999999999997,3.556599999999999,3.2888,3.1393999999999997,3.1369999999999996,2.987,3.079,3.1052,3.496399999999999,4.134999999999999,4.7326,5.1184,4.409800000000001,2.5483999999999996,2.094,1.6696,1.2246000000000001,1.0997999999999999
2.330827067669173,5.2234,5.3808,4.3586,3.6544,3.1086,2.9418,2.7429999999999994,2.5504,2.4732,2.5023999999999997,2.4190000000000005,2.5271999999999997,2.559400000000001,2.9599999999999995,3.5073999999999996,4.0456,4.3968,3.81,2.2298,1.8519999999999996,1.4993999999999998,1.1149999999999998,1.0178
2.328638497652582,3.9088000000000003,4.126200000000001,3.2908000000000004,2.7208,2.3411999999999993,2.2142,2.0924,1.9525999999999997,1.923,1.9693999999999996,1.9282000000000001,2.0254000000000003,2.1028000000000002,2.498,2.9669999999999996,3.417,3.7678000000000003,3.2726,1.9228,1.6267999999999998,1.3403999999999998,1.0024,0.939
2.3264103862966925,2.9398,3.1888,2.4708000000000006,2.017,1.7578,1.6408000000000003,1.5816000000000001,1.4964,1.4788000000000001,1.5339999999999998,1.5132,1.6139999999999999,1.7104,2.0831999999999997,2.4666,2.8898,3.208,2.8010000000000006,1.6514000000000002,1.4143999999999999,1.17,0.8914,0.866
2.324230098779779,2.2262,2.4932,1.8721999999999996,1.5278000000000003,1.3248000000000002,1.2390000000000003,1.1878,1.1409999999999998,1.1436000000000002,1.1942000000000002,1.2084,1.3135999999999999,1.4012,1.723,2.0612,2.4436000000000004,2.7304,2.3952,1.435,1.2400000000000002,1.0296,0.8114,0.799
2.322053894121833,1.6947999999999996,1.9656,1.4549999999999996,1.182,1.0318,0.9572,0.916,0.8844,0.9113999999999999,0.9376,0.9712000000000001,1.08,1.1822,1.453,1.7274000000000003,2.0744000000000002,2.3343999999999996,2.0422000000000002,1.2502,1.0952,0.9233999999999999,0.7232000000000001,0.7189999999999999
2.319838359649779,1.296,1.5732000000000002,1.1477999999999997,0.92,0.8186,0.749,0.7353999999999999,0.6964,0.7511999999999999,0.7537999999999999,0.8024,0.9007999999999999,1.0259999999999998,1.2329999999999999,1.4459999999999997,1.7555999999999998,1.9782,1.7474,1.1056000000000001,0.991,0.8451999999999998,0.6726,0.6564
2.3176703674628985,1.0164,1.2753999999999999,0.9256,0.7376,0.672,0.6106,0.6006,0.5764,0.6367999999999998,0.6368,0.6848,0.7596,0.8782000000000001,1.0486000000000002,1.2333999999999998,1.513,1.6896,1.5042,0.9982000000000001,0.9047999999999998,0.7833999999999999,0.6416000000000002,0.6254000000000001
2.3155064236629816,0.798,1.0492,0.7534000000000002,0.6042000000000001,0.559,0.5142,0.524,0.49060000000000004,0.5648,0.5534,0.5983999999999998,0.6469999999999999,0.7667999999999999,0.9064,1.0472,1.3086,1.4484000000000001,1.303,0.8932,0.8116,0.735,0.611,0.5814
2.3133033598865738,0.6217999999999999,0.8703999999999998,0.6194,0.4958,0.4752,0.4258,0.4304,0.4102,0.4738,0.463,0.5,0.5394,0.6534,0.7652,0.8701999999999999,1.1003999999999998,1.2194,1.1302,0.7904,0.7148,0.6713999999999999,0.56,0.5296000000000001
2.311147559316348,0.49660000000000004,0.7492000000000001,0.5127999999999999,0.4072,0.413,0.35919999999999996,0.36,0.3538,0.3962,0.4036,0.4194,0.463,0.5669999999999998,0.6562,0.7533999999999998,0.9433999999999999,1.0423999999999998,0.9686,0.7022,0.6353999999999999,0.6227999999999999,0.5164,0.4736
2.3089957730480606,0.39380000000000004,0.6482,0.43139999999999995,0.3498,0.368,0.3246,0.3006,0.3,0.3378,0.35359999999999997,0.35440000000000005,0.4014,0.49160000000000004,0.5795999999999999,0.6408,0.8092,0.9117999999999998,0.8438,0.63,0.558,0.5772,0.4672,0.42060000000000003
2.306805074971165,0.3156,0.5452,0.3732,0.31160000000000004,0.3208,0.2944,0.261,0.26259999999999994,0.2944,0.3101999999999999,0.31980000000000003,0.35819999999999996,0.43060000000000004,0.5062,0.5572,0.7064,0.789,0.7406,0.5722,0.49219999999999997,0.5274,0.43639999999999995,0.37440000000000007
2.3046613634674005,0.2549999999999999,0.4642,0.32880000000000004,0.28159999999999996,0.27279999999999993,0.26459999999999995,0.2336,0.24159999999999998,0.26639999999999997,0.28459999999999996,0.29560000000000003,0.32399999999999995,0.3966,0.4526,0.5092,0.6356,0.7035999999999998,0.6706,0.5268,0.4564,0.4868,0.4134,0.3408
2.3025216325621125,0.2124,0.3942,0.2852,0.2538,0.24259999999999995,0.22719999999999999,0.2046,0.22119999999999998,0.24259999999999998,0.26399999999999996,0.25719999999999993,0.2912,0.35719999999999996,0.4045999999999999,0.459,0.5628,0.6137999999999999,0.5912000000000001,0.46099999999999997,0.4156,0.4432,0.39280000000000004,0.32780000000000004
2.3003858711783916,0.177,0.3499999999999999,0.256,0.21579999999999994,0.2104,0.2012,0.1814,0.2038,0.21580000000000002,0.2409999999999999,0.2312,0.2666,0.316,0.36360000000000003,0.4184000000000001,0.4978,0.5365999999999999,0.5314,0.4108,0.3968,0.4162,0.38680000000000003,0.32380000000000003
2.2982114725233993,0.1394,0.3042,0.2316,0.19139999999999993,0.18180000000000002,0.18259999999999998,0.1636,0.1776,0.18059999999999998,0.2174,0.2042,0.241,0.2736,0.3256,0.37360000000000004,0.44480000000000003,0.4888,0.48560000000000003,0.3624,0.35800000000000004,0.38880000000000003,0.3708,0.2998
2.2960836959540787,0.0938,0.2534,0.2094,0.17239999999999997,0.1456,0.16579999999999998,0.1602,0.14759999999999998,0.15319999999999998,0.17299999999999996,0.1656,0.2318,0.2422,0.2888,0.324,0.3937999999999999,0.4387999999999999,0.43119999999999997,0.3082,0.3226,0.35400000000000004,0.3519999999999999,0.28320000000000006
2.2939598557025254,0.0654,0.22119999999999998,0.1992,0.14759999999999998,0.132,0.1412,0.12940000000000002,0.12919999999999998,0.1332,0.1436,0.14139999999999997,0.209,0.2078,0.2494,0.29259999999999997,0.35879999999999995,0.3798,0.38780000000000003,0.27499999999999997,0.30479999999999996,0.3128,0.31539999999999996,0.2714
2.2917975825231953,0.05160000000000001,0.191,0.19,0.1372,0.126,0.144,0.1366,0.12279999999999998,0.132,0.15439999999999998,0.1452,0.2164,0.1948,0.2318,0.28400000000000003,0.33840000000000003,0.344,0.3598,0.26759999999999995,0.304,0.2876,0.307,0.2636
2.2896816603885073,0.0294,0.18,0.19259999999999997,0.14020000000000002,0.12279999999999999,0.14560000000000003,0.1404,0.11879999999999999,0.14780000000000001,0.16,0.1484,0.21480000000000002,0.2044,0.2238,0.2844,0.30019999999999997,0.3268,0.3444,0.273,0.29619999999999996,0.2782,0.30519999999999997,0.27059999999999995
2.287569641737077,0.0232,0.16419999999999998,0.18419999999999997,0.1286,0.1052,0.1262,0.13779999999999998,0.1188,0.1454,0.15519999999999998,0.144,0.2076,0.2014,0.205,0.27179999999999993,0.2932,0.2962,0.31660000000000005,0.264,0.27599999999999997,0.2616,0.28079999999999994,0.2622
2.2854615157770573,0.0224,0.15799999999999997,0.1782,0.1124,0.09479999999999998,0.12,0.13779999999999998,0.1124,0.1324,0.15,0.13319999999999999,0.20680000000000004,0.18580000000000002,0.1982,0.2378,0.26220000000000004,0.2652,0.2922,0.24559999999999998,0.2672,0.246,0.24619999999999995,0.2522
2.28331522639807,0.021399999999999995,0.13979999999999998,0.17399999999999996,0.09179999999999999,0.087,0.11599999999999999,0.11919999999999997,0.105,0.10639999999999998,0.1362,0.10339999999999998,0.1804,0.164,0.16559999999999997,0.1986,0.2238,0.23019999999999996,0.2508,0.22,0.2442,0.2316,0.22119999999999995,0.22319999999999998
2.2812149309196608,0.0356,0.1398,0.189,0.0986,0.1062,0.1362,0.12759999999999996,0.1206,0.11040000000000001,0.1414,0.11059999999999999,0.178,0.16299999999999998,0.17839999999999998,0.1984,0.22640000000000002,0.2392,0.2538,0.24080000000000001,0.24980000000000002,0.23740000000000003,0.2154,0.21619999999999998
2.2791184957817925,0.03559999999999999,0.13820000000000002,0.18159999999999996,0.1088,0.1232,0.1432,0.13699999999999998,0.1206,0.1124,0.145,0.11220000000000001,0.16279999999999997,0.16879999999999998,0.1846,0.1948,0.2334,0.2292,0.23940000000000003,0.2528,0.24480000000000002,0.2386,0.1928,0.2056
2.277025910351286,0.02619999999999999,0.1406,0.17579999999999996,0.1208,0.127,0.1422,0.13379999999999997,0.1376,0.1266,0.1492,0.1206,0.1454,0.16099999999999998,0.1832,0.1866,0.2236,0.2238,0.23040000000000002,0.2404,0.2329999999999999,0.2324,0.17239999999999997,0.1916
2.274937164033977,0.03019999999999999,0.1508,0.1588,0.12840000000000001,0.1452,0.14359999999999998,0.11699999999999998,0.151,0.1316,0.1732,0.13119999999999998,0.13099999999999998,0.14920000000000003,0.1814,0.19419999999999998,0.21480000000000002,0.2186,0.2330000000000001,0.2364,0.23259999999999997,0.2306,0.1672,0.1784
2.2728105868983466,0.020199999999999992,0.141,0.128,0.1286,0.13999999999999996,0.13219999999999998,0.0952,0.156,0.10299999999999998,0.16660000000000003,0.11159999999999998,0.12699999999999997,0.14,0.15619999999999998,0.17660000000000003,0.209,0.2004,0.2176,0.215,0.2132,0.2174,0.17,0.15919999999999998
2.270729563433929,0.003400000000000001,0.1326,0.111,0.12840000000000001,0.1296,0.10359999999999998,0.08699999999999998,0.158,0.089,0.1534,0.1018,0.1052,0.1338,0.1534,0.157,0.21059999999999998,0.193,0.19640000000000002,0.18719999999999998,0.19119999999999998,0.21680000000000002,0.1446,0.1534
2.268652347323356,0.004399999999999999,0.1114,0.09620000000000001,0.119,0.13100000000000003,0.0922,0.0932,0.15699999999999997,0.0722,0.14579999999999999,0.08940000000000001,0.09480000000000001,0.11220000000000001,0.12359999999999999,0.13839999999999997,0.2176,0.1814,0.191,0.161,0.167,0.2,0.125,0.131
2.266578928127513,0.0030000000000000035,0.114,0.101,0.12340000000000001,0.1414,0.1042,0.1018,0.1478,0.07,0.13979999999999998,0.08220000000000001,0.098,0.111,0.12079999999999999,0.12680000000000002,0.2082,0.17959999999999998,0.18880000000000002,0.15380000000000002,0.1588,0.19440000000000002,0.128,0.1254
2.2644679413429754,0.0102,0.11159999999999999,0.1036,0.139,0.143,0.12580000000000002,0.1034,0.1458,0.0832,0.1462,0.09620000000000001,0.094,0.13040000000000002,0.122,0.1286,0.2314,0.1904,0.18959999999999996,0.16400000000000003,0.17039999999999997,0.2006,0.1438,0.1364
2.2624021602291595,0.0198,0.13019999999999998,0.10380000000000002,0.1524,0.1628,0.1494,0.11880000000000002,0.16060000000000002,0.11399999999999999,0.1634,0.12279999999999999,0.1262,0.1392,0.1448,0.154,0.2612,0.2068,0.21519999999999995,0.186,0.193,0.2166,0.15419999999999998,0.1628
2.260340144734683,0.0116,0.1356,0.099,0.1612,0.1684,0.1604,0.1338,0.16800000000000004,0.1266,0.1646,0.12240000000000001,0.1456,0.13899999999999998,0.146,0.1546,0.2608,0.20259999999999997,0.21919999999999998,0.1812,0.1918,0.2196,0.14739999999999998,0.1626
2.2582818845726567,0.010199999999999997,0.14,0.09240000000000001,0.151,0.15719999999999998,0.1542,0.1256,0.17239999999999997,0.12140000000000001,0.16920000000000002,0.12879999999999997,0.1508,0.1376,0.1372,0.1514,0.25079999999999997,0.2062,0.21619999999999998,0.16879999999999998,0.17499999999999996,0.1984,0.158,0.166
2.2562273694936223,0.012399999999999996,0.137,0.0902,0.12440000000000001,0.14799999999999996,0.1314,0.11220000000000001,0.1586,0.105,0.16379999999999997,0.1172,0.1408,0.1324,0.1296,0.147,0.24979999999999997,0.18279999999999996,0.202,0.1708,0.1588,0.183,0.154,0.16099999999999998
2.2541765892853896,0.014200000000000003,0.13839999999999997,0.08999999999999998,0.1158,0.1216,0.10799999999999998,0.1138,0.15,0.09240000000000001,0.13779999999999998,0.1142,0.148,0.1266,0.11979999999999999,0.14179999999999998,0.2434,0.17299999999999996,0.1866,0.16720000000000002,0.1506,0.1608,0.13119999999999998,0.14599999999999996
2.2520886305848165,0.0438,0.16479999999999997,0.1282,0.1406,0.15,0.13800000000000004,0.1508,0.14920000000000003,0.112,0.1456,0.1456,0.1604,0.1544,0.15020000000000003,0.157,0.244,0.18680000000000002,0.2018,0.184,0.17160000000000003,0.17620000000000002,0.1416,0.16879999999999998
2.2500453638178186,0.053,0.17139999999999997,0.15239999999999998,0.1326,0.15159999999999998,0.161,0.1468,0.148,0.126,0.12840000000000004,0.156,0.1628,0.16040000000000001,0.15759999999999996,0.1596,0.2348,0.1968,0.20819999999999997,0.1832,0.18220000000000006,0.17980000000000002,0.1514,0.1692
2.2480058013052937,0.032799999999999996,0.185,0.1512,0.1254,0.14880000000000002,0.161,0.12500000000000003,0.1356,0.133,0.1192,0.15199999999999997,0.1554,0.16699999999999998,0.17199999999999996,0.13779999999999998,0.2154,0.19159999999999996,0.1904,0.17599999999999996,0.19340000000000002,0.1726,0.1452,0.1674
2.2459699329831553,0.022600000000000002,0.1832,0.1382,0.11780000000000002,0.13240000000000002,0.151,0.1146,0.13059999999999997,0.1258,0.09559999999999998,0.16,0.14,0.15959999999999996,0.156,0.1258,0.1976,0.1834,0.18039999999999992,0.16819999999999996,0.19240000000000002,0.1666,0.14379999999999998,0.167
2.2439377488237424,0.016799999999999995,0.189,0.1256,0.11,0.123,0.134,0.12340000000000001,0.1212,0.1164,0.08759999999999998,0.1458,0.1346,0.1362,0.1484,0.1286,0.1792,0.1648,0.16799999999999998,0.15919999999999995,0.17239999999999997,0.1592,0.1326,0.1546
2.2419092388356536,0.0052,0.18780000000000002,0.11959999999999998,0.1088,0.1102,0.1208,0.1256,0.10880000000000001,0.1102,0.08059999999999998,0.12859999999999996,0.12319999999999998,0.129,0.13639999999999997,0.1042,0.1534,0.153,0.1442,0.143,0.15940000000000001,0.1432,0.13539999999999996,0.1356
2.239884393063584,-0.002600000000000004,0.1742,0.09199999999999998,0.08099999999999999,0.08699999999999998,0.086,0.09720000000000001,0.069,0.0848,0.0686,0.12,0.0916,0.11359999999999999,0.11659999999999997,0.06979999999999999,0.1388,0.13419999999999999,0.117,0.1124,0.14339999999999997,0.1294,0.11559999999999998,0.11079999999999998
2.2378228149645376,-0.0008000000000000024,0.1678,0.0942,0.0798,0.0958,0.08940000000000001,0.097,0.0656,0.0912,0.0734,0.1202,0.0778,0.1222,0.1124,0.0696,0.14260000000000003,0.12240000000000001,0.1168,0.1138,0.1586,0.1434,0.10459999999999998,0.0952
2.235805340689854,0.010800000000000006,0.167,0.0834,0.10740000000000002,0.108,0.1226,0.1176,0.0742,0.1142,0.08600000000000002,0.13,0.1114,0.1324,0.12979999999999997,0.0874,0.1534,0.147,0.1374,0.12140000000000001,0.178,0.1634,0.12259999999999999,0.1138
2.2337915007836284,0.0001999999999999966,0.1674,0.09559999999999998,0.1006,0.11079999999999998,0.149,0.12440000000000001,0.08059999999999999,0.1268,0.09800000000000002,0.1272,0.11239999999999997,0.14139999999999997,0.14599999999999996,0.09079999999999999,0.1472,0.1588,0.1452,0.12340000000000001,0.18080000000000002,0.17760000000000004,0.1372,0.12259999999999999
2.2317812854340273,-0.027800000000000005,0.14599999999999996,0.0834,0.093,0.0788,0.134,0.1194,0.07640000000000001,0.13440000000000002,0.103,0.11400000000000002,0.1148,0.1248,0.1388,0.0896,0.129,0.149,0.1336,0.11700000000000002,0.1568,0.1696,0.1242,0.1014
2.229774684864505,-0.028,0.1482,0.074,0.0998,0.0902,0.11439999999999997,0.136,0.0684,0.1442,0.1152,0.11080000000000001,0.12940000000000002,0.1192,0.139,0.09540000000000001,0.128,0.139,0.1274,0.12279999999999999,0.14420000000000002,0.1578,0.13419999999999999,0.09559999999999999
2.2277716893336446,-0.016399999999999998,0.14279999999999998,0.0742,0.10479999999999998,0.0896,0.12359999999999999,0.1534,0.0726,0.13240000000000002,0.12359999999999997,0.13540000000000002,0.148,0.12399999999999999,0.14379999999999998,0.1114,0.14079999999999998,0.14,0.1304,0.1384,0.1428,0.16299999999999998,0.1436,0.1076
2.225772289135,-0.022000000000000006,0.1352,0.0694,0.0916,0.09499999999999999,0.12400000000000001,0.1534,0.0824,0.1366,0.14279999999999998,0.1408,0.15639999999999998,0.12919999999999998,0.1504,0.1308,0.1434,0.12299999999999998,0.1294,0.12479999999999998,0.1378,0.15439999999999998,0.1372,0.09559999999999999
2.2237764745969404,-0.012799999999999995,0.134,0.0778,0.0886,0.1046,0.127,0.1544,0.0968,0.1548,0.137,0.152,0.16679999999999998,0.136,0.1514,0.13939999999999997,0.1394,0.131,0.1446,0.12639999999999998,0.144,0.15839999999999999,0.1558,0.1034
2.2217842360824926,0.003000000000000007,0.14720000000000003,0.10500000000000001,0.1024,0.1114,0.13720000000000002,0.1668,0.1056,0.16539999999999996,0.1464,0.1782,0.1678,0.1492,0.165,0.16760000000000003,0.16020000000000004,0.14980000000000002,0.16240000000000002,0.138,0.151,0.17439999999999997,0.17739999999999997,0.127
2.2197558268590454,0.0218,0.165,0.1464,0.12099999999999998,0.12340000000000001,0.1694,0.19140000000000001,0.12499999999999999,0.1798,0.15399999999999997,0.19140000000000001,0.1768,0.16799999999999998,0.17699999999999996,0.2048,0.17660000000000003,0.16319999999999998,0.1802,0.15519999999999998,0.162,0.17239999999999997,0.205,0.16179999999999997
2.217770782658463,0.03440000000000001,0.1636,0.1616,0.1448,0.12480000000000001,0.18159999999999998,0.206,0.136,0.183,0.1474,0.19540000000000002,0.18780000000000002,0.1604,0.18,0.22820000000000004,0.181,0.1918,0.1866,0.15999999999999998,0.1606,0.17020000000000002,0.2166,0.17759999999999995
2.215789285586648,0.0288,0.14899999999999997,0.17399999999999996,0.11839999999999998,0.1146,0.163,0.18919999999999998,0.136,0.1594,0.13979999999999998,0.19359999999999997,0.16540000000000002,0.1518,0.1672,0.2092,0.16939999999999997,0.18519999999999998,0.1612,0.14939999999999998,0.1422,0.151,0.19119999999999998,0.1608
2.2138113261443975,0.037,0.14279999999999998,0.1696,0.1162,0.136,0.15319999999999998,0.18280000000000002,0.14,0.1536,0.142,0.2064,0.1636,0.14359999999999998,0.15660000000000002,0.21880000000000002,0.181,0.17119999999999996,0.17080000000000004,0.1502,0.1374,0.13299999999999998,0.19140000000000001,0.15320000000000003
2.211836894866398,0.040600000000000004,0.14319999999999997,0.162,0.1142,0.14,0.1598,0.1756,0.145,0.1514,0.1242,0.21059999999999995,0.14359999999999998,0.1402,0.157,0.21180000000000002,0.1798,0.172,0.16980000000000003,0.1498,0.14320000000000002,0.12159999999999997,0.1998,0.15900000000000003
2.2098659823210722,0.027399999999999994,0.1396,0.13259999999999997,0.1026,0.12299999999999998,0.1646,0.15499999999999997,0.141,0.13219999999999998,0.1056,0.197,0.1198,0.139,0.1494,0.19119999999999995,0.15899999999999997,0.1606,0.1644,0.153,0.13499999999999998,0.10619999999999997,0.18240000000000003,0.149
2.2078985791104304,0.007599999999999995,0.1254,0.10899999999999999,0.08899999999999998,0.1052,0.13859999999999997,0.12279999999999999,0.12099999999999998,0.122,0.0884,0.15659999999999993,0.08879999999999998,0.1186,0.1222,0.1576,0.1222,0.12699999999999997,0.1528,0.11819999999999997,0.1042,0.08479999999999999,0.1576,0.11579999999999999
2.205934675869921,0.020999999999999998,0.1312,0.11019999999999998,0.1146,0.10379999999999999,0.13999999999999996,0.13040000000000002,0.1072,0.12319999999999998,0.0858,0.138,0.09580000000000002,0.116,0.11,0.14120000000000002,0.11399999999999999,0.1394,0.14379999999999998,0.12179999999999998,0.1088,0.06619999999999998,0.15119999999999997,0.12359999999999999
2.2039742632682806,0.026999999999999996,0.12399999999999999,0.11320000000000001,0.1264,0.09440000000000001,0.143,0.13379999999999997,0.09720000000000001,0.1186,0.10020000000000001,0.1306,0.09559999999999999,0.1192,0.0998,0.1274,0.11220000000000001,0.1446,0.13419999999999996,0.1284,0.10940000000000001,0.06019999999999998,0.135,0.12999999999999998
2.2020173320073875,0.010399999999999996,0.1092,0.0854,0.10379999999999999,0.0884,0.13319999999999999,0.116,0.08220000000000001,0.0994,0.10060000000000002,0.1072,0.08080000000000001,0.1082,0.09359999999999999,0.1082,0.09459999999999999,0.1286,0.1172,0.115,0.09140000000000001,0.049600000000000005,0.10799999999999998,0.1118
2.2000638728221142,0.0056000000000000025,0.1102,0.0726,0.0906,0.09620000000000002,0.1202,0.11200000000000002,0.082,0.09480000000000001,0.10360000000000003,0.1056,0.0876,0.1008,0.1046,0.088,0.09440000000000001,0.12179999999999999,0.1166,0.1162,0.0892,0.054800000000000015,0.10139999999999998,0.09759999999999998
2.1981138764801815,0.004600000000000006,0.11680000000000001,0.0704,0.07180000000000002,0.1062,0.10880000000000001,0.1088,0.0756,0.0964,0.11420000000000002,0.10880000000000001,0.093,0.10400000000000001,0.11,0.07779999999999998,0.09359999999999999,0.1014,0.1114,0.105,0.0878,0.06220000000000002,0.09040000000000001,0.09099999999999998
2.1961673337820127,0.004199999999999997,0.1166,0.0528,0.06899999999999999,0.1032,0.1012,0.1184,0.048600000000000004,0.0866,0.1174,0.09759999999999999,0.088,0.09359999999999999,0.10840000000000001,0.0772,0.09359999999999999,0.08219999999999997,0.112,0.0858,0.07479999999999999,0.0594,0.07959999999999999,0.0848
2.194224235560589,0.0038000000000000017,0.10899999999999999,0.0596,0.069,0.09239999999999998,0.10700000000000001,0.12359999999999999,0.0304,0.08679999999999999,0.1158,0.0874,0.0742,0.09620000000000001,0.1044,0.058400000000000014,0.0804,0.0834,0.09400000000000001,0.08020000000000001,0.06119999999999999,0.062200000000000005,0.0712,0.07859999999999999
2.1922845726813054,0.0152,0.1186,0.073,0.08320000000000002,0.1014,0.1164,0.1396,0.031,0.093,0.1254,0.1012,0.1014,0.1004,0.1134,0.07080000000000002,0.09199999999999998,0.09720000000000001,0.10300000000000001,0.07959999999999999,0.07920000000000002,0.0732,0.07940000000000001,0.0832
2.1903483360418288,0.024399999999999998,0.125,0.10939999999999998,0.087,0.10540000000000001,0.12879999999999997,0.1506,0.038200000000000005,0.10379999999999999,0.14039999999999997,0.1062,0.1152,0.10080000000000001,0.1196,0.0872,0.11159999999999999,0.1016,0.11080000000000001,0.0716,0.0898,0.08179999999999998,0.085,0.093
2.1884155165719528,0.0396,0.1366,0.1314,0.085,0.10719999999999998,0.13879999999999998,0.1576,0.055200000000000006,0.1168,0.13979999999999998,0.1254,0.1326,0.0996,0.14379999999999998,0.11080000000000001,0.11959999999999998,0.12699999999999997,0.12440000000000001,0.0864,0.1032,0.092,0.08599999999999998,0.11259999999999999
2.18648610523346,0.04400000000000001,0.1398,0.13799999999999998,0.08340000000000002,0.10739999999999998,0.1466,0.1588,0.06960000000000001,0.1194,0.1528,0.14079999999999998,0.13240000000000002,0.09720000000000001,0.1662,0.1418,0.13419999999999999,0.14859999999999998,0.14179999999999998,0.0884,0.1142,0.1152,0.0988,0.1176
2.184560093019978,0.0362,0.153,0.1346,0.076,0.11979999999999999,0.146,0.13460000000000003,0.07620000000000002,0.10179999999999999,0.1442,0.137,0.1188,0.098,0.17799999999999996,0.139,0.1304,0.151,0.131,0.06899999999999999,0.11,0.1144,0.1066,0.1118
2.18263747095684,0.03239999999999999,0.14420000000000002,0.1382,0.0814,0.11339999999999997,0.145,0.1314,0.08079999999999998,0.10940000000000001,0.1428,0.14759999999999998,0.1182,0.09279999999999998,0.1626,0.12940000000000002,0.1242,0.14419999999999997,0.12279999999999999,0.056,0.10739999999999998,0.10919999999999998,0.10599999999999998,0.097
2.180718230100946,0.03019999999999999,0.1174,0.127,0.0792,0.09999999999999999,0.1356,0.12040000000000001,0.0814,0.10199999999999998,0.138,0.13739999999999997,0.10740000000000001,0.088,0.14339999999999997,0.12680000000000002,0.10339999999999998,0.13319999999999999,0.1002,0.0386,0.0854,0.1002,0.0968,0.08020000000000001
2.1788023615406242,0.04160000000000001,0.109,0.12940000000000002,0.0798,0.0872,0.13279999999999997,0.1298,0.0892,0.1092,0.14379999999999998,0.129,0.1238,0.0856,0.1508,0.13360000000000002,0.10099999999999999,0.14,0.0996,0.040600000000000004,0.08159999999999999,0.0994,0.1024,0.07999999999999999
2.176889856395492,0.054799999999999995,0.1268,0.153,0.09359999999999999,0.1024,0.14179999999999998,0.1404,0.118,0.1464,0.1478,0.13839999999999997,0.14959999999999998,0.0952,0.15199999999999997,0.15220000000000003,0.11,0.1616,0.1164,0.07479999999999999,0.09739999999999997,0.09759999999999999,0.127,0.09299999999999999
2.1749807058163193,0.0596,0.1314,0.1462,0.1066,0.1192,0.14379999999999998,0.135,0.1412,0.15480000000000002,0.15319999999999998,0.13279999999999997,0.1624,0.09359999999999999,0.15619999999999998,0.15180000000000002,0.11059999999999999,0.1574,0.1184,0.0768,0.10839999999999998,0.0964,0.1294,0.10499999999999998
2.1730749009848935,0.0496,0.12999999999999998,0.1356,0.0818,0.1146,0.11699999999999998,0.1166,0.1386,0.14339999999999997,0.14139999999999997,0.1066,0.1436,0.08020000000000001,0.1392,0.1444,0.0896,0.1332,0.098,0.0636,0.0878,0.085,0.12120000000000002,0.1046
2.1711724331138815,0.054200000000000005,0.1462,0.1338,0.10480000000000003,0.1252,0.1154,0.12040000000000001,0.1514,0.14079999999999998,0.157,0.1088,0.153,0.09680000000000001,0.1382,0.1464,0.0838,0.1438,0.1026,0.0736,0.091,0.09520000000000002,0.132,0.10699999999999998
2.1692732934466954,0.0506,0.14239999999999997,0.1266,0.11780000000000002,0.1418,0.1206,0.13179999999999997,0.1554,0.1394,0.1638,0.09820000000000001,0.1412,0.10480000000000002,0.131,0.142,0.083,0.13379999999999997,0.09380000000000001,0.07379999999999999,0.08339999999999997,0.09559999999999999,0.15180000000000002,0.08899999999999998
2.1673774732573587,0.052,0.15419999999999998,0.13539999999999996,0.13260000000000002,0.14920000000000003,0.1182,0.1462,0.16040000000000001,0.1502,0.1726,0.09480000000000001,0.13140000000000002,0.12440000000000001,0.1356,0.13119999999999998,0.09820000000000002,0.1182,0.09359999999999999,0.09,0.08020000000000001,0.10620000000000002,0.1668,0.0958
2.165484963850372,0.047200000000000006,0.14579999999999999,0.14,0.1342,0.15320000000000003,0.1062,0.1556,0.16319999999999998,0.1656,0.16979999999999998,0.0858,0.1238,0.1294,0.133,0.13240000000000002,0.1114,0.10659999999999999,0.10740000000000001,0.1066,0.0824,0.099,0.15559999999999996,0.0938
2.163595756560581,0.0592,0.14179999999999998,0.1498,0.1392,0.17260000000000003,0.10880000000000001,0.16319999999999998,0.17139999999999997,0.1784,0.1566,0.07740000000000001,0.1272,0.13119999999999998,0.1428,0.13340000000000002,0.1216,0.11579999999999997,0.10499999999999998,0.119,0.0952,0.091,0.1546,0.1024
2.1617475288087724,0.055200000000000006,0.16219999999999996,0.16379999999999997,0.162,0.1956,0.1346,0.17279999999999998,0.1764,0.19240000000000002,0.16,0.09720000000000001,0.135,0.14360000000000003,0.14980000000000002,0.1474,0.12979999999999997,0.12099999999999998,0.121,0.12739999999999999,0.11480000000000001,0.10080000000000001,0.1412,0.1164
2.1598648342652105,0.0394,0.16679999999999998,0.1546,0.1722,0.1956,0.1388,0.1588,0.16560000000000002,0.182,0.1356,0.0952,0.102,0.134,0.1418,0.1338,0.1144,0.094,0.11320000000000001,0.12580000000000002,0.1024,0.0874,0.1264,0.11879999999999999
2.1579854161953325,0.037200000000000004,0.17279999999999998,0.151,0.17039999999999997,0.19619999999999999,0.14420000000000002,0.1426,0.1664,0.15860000000000002,0.1258,0.0884,0.07740000000000001,0.13579999999999998,0.14,0.116,0.1006,0.08200000000000002,0.10740000000000001,0.1186,0.102,0.09979999999999999,0.11839999999999998,0.11279999999999998
2.1561092660534507,0.028999999999999995,0.16739999999999997,0.144,0.1446,0.1736,0.11579999999999999,0.1382,0.1416,0.1484,0.10399999999999998,0.0906,0.0632,0.13279999999999997,0.13920000000000002,0.1124,0.0888,0.0758,0.10439999999999998,0.11159999999999999,0.09079999999999999,0.0952,0.11599999999999999,0.08940000000000001
2.1542363753235696,0.021399999999999995,0.1458,0.12240000000000001,0.1372,0.1494,0.104,0.1262,0.132,0.13459999999999997,0.08439999999999998,0.0762,0.0592,0.1274,0.13019999999999998,0.0984,0.08679999999999999,0.0628,0.09820000000000001,0.11180000000000001,0.0792,0.09099999999999998,0.11159999999999999,0.07179999999999999
2.1523667355192586,0.027800000000000005,0.1318,0.12960000000000002,0.12200000000000001,0.13920000000000002,0.1044,0.127,0.12440000000000001,0.13119999999999998,0.06620000000000001,0.07019999999999998,0.060400000000000016,0.10979999999999997,0.1228,0.09820000000000001,0.09379999999999998,0.05979999999999999,0.085,0.0948,0.0818,0.0834,0.1,0.0704
2.150500338183521,0.0362,0.13179999999999997,0.13839999999999997,0.125,0.1346,0.1114,0.12819999999999998,0.12800000000000003,0.1354,0.0742,0.08979999999999998,0.0694,0.11079999999999998,0.12459999999999999,0.10980000000000001,0.11299999999999999,0.07180000000000002,0.0938,0.103,0.1016,0.08339999999999997,0.09580000000000001,0.0832
2.1486371748886692,0.033,0.12359999999999999,0.1316,0.116,0.1368,0.0986,0.1082,0.12940000000000002,0.12580000000000002,0.054,0.09440000000000001,0.07840000000000001,0.09540000000000001,0.1156,0.10740000000000001,0.0922,0.06720000000000001,0.088,0.1018,0.103,0.0724,0.07799999999999999,0.0678
2.1467772372361975,0.0444,0.1386,0.1364,0.141,0.1402,0.11080000000000001,0.116,0.1338,0.1434,0.0594,0.10899999999999999,0.09259999999999999,0.09939999999999997,0.1164,0.125,0.0868,0.07080000000000002,0.093,0.10740000000000001,0.1128,0.089,0.08979999999999998,0.07640000000000001
2.1449205168566534,0.0384,0.14239999999999997,0.13179999999999997,0.14959999999999996,0.1262,0.091,0.10599999999999998,0.11699999999999998,0.11459999999999997,0.0562,0.111,0.08,0.09499999999999999,0.10520000000000002,0.1304,0.07540000000000001,0.07200000000000001,0.09879999999999999,0.1038,0.0872,0.09200000000000001,0.0846,0.08020000000000001
2.1431040442447284,0.0348,0.1256,0.10599999999999998,0.12979999999999997,0.09839999999999997,0.0536,0.07940000000000001,0.10659999999999997,0.096,0.0448,0.091,0.06659999999999998,0.066,0.0912,0.11059999999999999,0.0644,0.0704,0.08059999999999999,0.0932,0.0684,0.07740000000000001,0.07259999999999997,0.062
2.141253669487135,0.0376,0.1082,0.09440000000000001,0.1206,0.0836,0.046,0.06720000000000001,0.10499999999999998,0.0882,0.04340000000000001,0.0896,0.075,0.064,0.07379999999999999,0.10520000000000002,0.0598,0.0706,0.06559999999999999,0.0864,0.07079999999999999,0.060399999999999995,0.07179999999999999,0.0456
2.139406487232574,0.0442,0.106,0.0978,0.126,0.0852,0.040400000000000005,0.0808,0.0922,0.09540000000000001,0.046799999999999994,0.09259999999999999,0.0856,0.05940000000000001,0.0696,0.10920000000000002,0.0736,0.0724,0.07379999999999999,0.0808,0.079,0.046200000000000005,0.08959999999999999,0.061399999999999996
2.1375624892259952,0.047200000000000006,0.1338,0.12480000000000001,0.1482,0.0958,0.06659999999999999,0.0994,0.1166,0.1114,0.0734,0.0996,0.11280000000000001,0.0694,0.0626,0.1194,0.1026,0.09759999999999998,0.0968,0.0896,0.11680000000000001,0.064,0.09759999999999998,0.0986
2.1357216672407855,0.0522,0.1512,0.14139999999999997,0.15940000000000001,0.11399999999999999,0.0762,0.10599999999999998,0.11899999999999998,0.118,0.10620000000000002,0.12359999999999999,0.11580000000000001,0.0842,0.0684,0.132,0.1256,0.11539999999999997,0.10879999999999998,0.0998,0.1328,0.075,0.08979999999999998,0.1058
2.133884013078644,0.0436,0.14239999999999997,0.127,0.16,0.11040000000000001,0.06219999999999999,0.09240000000000001,0.10840000000000001,0.11159999999999999,0.10000000000000002,0.12199999999999998,0.102,0.0846,0.068,0.1228,0.1216,0.1012,0.0996,0.11040000000000001,0.11359999999999999,0.0722,0.093,0.1062
2.132086177547757,0.036,0.148,0.1164,0.14999999999999997,0.1168,0.04959999999999999,0.10200000000000001,0.0994,0.113,0.0864,0.09739999999999997,0.1044,0.08999999999999998,0.0782,0.112,0.10459999999999998,0.09459999999999999,0.08879999999999998,0.09439999999999998,0.1046,0.0688,0.0872,0.106
2.1302547715988935,0.04020000000000001,0.15259999999999999,0.1202,0.1316,0.1226,0.054599999999999996,0.1078,0.09179999999999999,0.1196,0.09700000000000002,0.09620000000000001,0.1052,0.0886,0.0768,0.10740000000000001,0.10640000000000001,0.1032,0.087,0.09540000000000001,0.1014,0.0752,0.08499999999999999,0.1162
2.1284265092088774,0.026199999999999994,0.1428,0.11399999999999999,0.10859999999999999,0.1146,0.051,0.1026,0.0782,0.097,0.099,0.1002,0.093,0.07600000000000001,0.07540000000000001,0.0994,0.0998,0.0938,0.07640000000000001,0.0866,0.09199999999999998,0.0674,0.07940000000000001,0.1044
2.1266013822908985,0.04120000000000001,0.1608,0.1216,0.1042,0.1266,0.060399999999999995,0.1172,0.097,0.11120000000000001,0.10840000000000001,0.119,0.11159999999999999,0.09460000000000002,0.0958,0.1128,0.11120000000000001,0.09079999999999999,0.084,0.09620000000000001,0.12259999999999999,0.0724,0.09140000000000001,0.1222
2.1247793827858596,0.0516,0.1718,0.14679999999999999,0.101,0.133,0.0772,0.1382,0.111,0.1184,0.10939999999999998,0.128,0.11879999999999999,0.11780000000000002,0.10359999999999998,0.1192,0.117,0.088,0.095,0.10299999999999998,0.13679999999999998,0.0718,0.11399999999999999,0.13179999999999997
2.1229605026622607,0.04079999999999999,0.16639999999999996,0.1362,0.09059999999999999,0.1256,0.057999999999999996,0.14019999999999996,0.09259999999999999,0.11500000000000002,0.10599999999999998,0.10859999999999999,0.1044,0.1092,0.1006,0.1142,0.1152,0.0838,0.0996,0.08699999999999998,0.12219999999999998,0.06879999999999999,0.11799999999999998,0.1284
2.1211810188511406,0.014399999999999993,0.14939999999999998,0.11759999999999998,0.07599999999999998,0.1062,0.0484,0.13379999999999997,0.0958,0.112,0.1008,0.09899999999999999,0.09040000000000001,0.10859999999999999,0.09599999999999999,0.1046,0.1016,0.0832,0.0726,0.0876,0.11379999999999998,0.07319999999999997,0.0978,0.1026
2.11936829151569,0.007399999999999995,0.12479999999999998,0.1114,0.067,0.11180000000000001,0.05320000000000001,0.1388,0.08940000000000001,0.1174,0.08859999999999998,0.101,0.0834,0.1206,0.115,0.11120000000000001,0.09280000000000001,0.0718,0.06220000000000001,0.0974,0.09179999999999999,0.07539999999999998,0.0952,0.0896
2.1175586597902933,0.0198,0.1296,0.13079999999999997,0.0732,0.1298,0.0704,0.16019999999999998,0.11040000000000001,0.13820000000000002,0.0846,0.11120000000000001,0.09360000000000002,0.14620000000000002,0.1408,0.128,0.0922,0.09240000000000001,0.076,0.11180000000000001,0.1062,0.09679999999999998,0.11359999999999999,0.11040000000000003
2.1157521157521155,0.009999999999999997,0.13119999999999998,0.12799999999999997,0.07160000000000001,0.1314,0.0704,0.16579999999999998,0.11600000000000002,0.14379999999999998,0.0856,0.1142,0.08220000000000001,0.1512,0.141,0.12819999999999998,0.08259999999999999,0.09539999999999997,0.0742,0.11779999999999999,0.119,0.09559999999999999,0.1066,0.1016
2.113948651505336,0.014199999999999999,0.148,0.14959999999999998,0.0908,0.1356,0.07840000000000001,0.1684,0.14,0.1592,0.10980000000000001,0.13860000000000003,0.07999999999999999,0.15759999999999996,0.1434,0.14159999999999998,0.0948,0.11120000000000001,0.07740000000000001,0.151,0.142,0.1152,0.12359999999999999,0.1088
2.112184236973444,-0.0076000000000000035,0.13079999999999997,0.1314,0.0746,0.11680000000000001,0.055399999999999984,0.15399999999999997,0.1346,0.1428,0.093,0.12040000000000001,0.055,0.1424,0.12499999999999999,0.12139999999999998,0.08379999999999999,0.09540000000000001,0.07199999999999998,0.1296,0.1294,0.1002,0.1154,0.08979999999999999
2.11038684752455,-0.0005999999999999978,0.1108,0.1374,0.0722,0.10840000000000001,0.04719999999999999,0.1454,0.135,0.13920000000000002,0.07599999999999998,0.103,0.057999999999999996,0.1378,0.11220000000000001,0.1092,0.0782,0.0968,0.06,0.11259999999999998,0.1206,0.07739999999999998,0.10459999999999998,0.09040000000000001
2.108592514496573,-0.0242,0.076,0.1164,0.055799999999999995,0.09240000000000002,0.041,0.1252,0.10740000000000001,0.11299999999999999,0.05819999999999999,0.0772,0.048799999999999996,0.1184,0.09340000000000001,0.0876,0.06,0.0804,0.0564,0.09540000000000001,0.0968,0.05339999999999998,0.08080000000000001,0.0648
2.1068012301000727,-0.024999999999999994,0.066,0.1034,0.054,0.08640000000000002,0.0436,0.10999999999999999,0.09799999999999999,0.10940000000000001,0.05219999999999999,0.0768,0.06000000000000001,0.10299999999999998,0.09,0.0862,0.06219999999999999,0.0828,0.0586,0.09220000000000002,0.09820000000000001,0.048199999999999986,0.07599999999999998,0.071
2.105048721692188,-0.016199999999999992,0.08680000000000002,0.13119999999999998,0.06860000000000001,0.0992,0.0742,0.12240000000000001,0.1154,0.12580000000000002,0.0606,0.0988,0.075,0.1108,0.1006,0.091,0.0772,0.10620000000000002,0.07759999999999999,0.10920000000000002,0.12919999999999998,0.07440000000000001,0.07940000000000001,0.0932
2.1032634507090036,-0.0072,0.09320000000000002,0.14020000000000002,0.09459999999999999,0.1114,0.09,0.1242,0.1162,0.12459999999999997,0.0664,0.1024,0.0912,0.11159999999999999,0.1032,0.09100000000000001,0.0878,0.1068,0.08979999999999998,0.09860000000000002,0.12199999999999998,0.0844,0.0928,0.1082
2.1014812053011562,-0.013,0.09440000000000001,0.10799999999999998,0.09659999999999999,0.09880000000000001,0.06679999999999998,0.09179999999999998,0.09820000000000001,0.0922,0.05379999999999999,0.08799999999999998,0.06879999999999999,0.08039999999999997,0.06359999999999999,0.0562,0.0668,0.08659999999999998,0.0798,0.08020000000000002,0.10339999999999998,0.06259999999999999,0.0704,0.08159999999999998
2.0997019777837984,-0.0254,0.08780000000000002,0.08979999999999999,0.0872,0.08159999999999999,0.056,0.06039999999999998,0.0782,0.0704,0.0474,0.0838,0.062,0.0458,0.0296,0.025399999999999995,0.0598,0.0644,0.067,0.0644,0.07099999999999998,0.0322,0.045,0.0574
2.0979612553929448,-0.008599999999999995,0.092,0.085,0.08259999999999999,0.0892,0.054400000000000004,0.07540000000000001,0.0788,0.0626,0.062,0.0804,0.082,0.0466,0.0316,0.023799999999999995,0.0644,0.06720000000000001,0.078,0.064,0.067,0.03960000000000001,0.055400000000000005,0.06860000000000001
2.0961879807285944,-0.0065999999999999965,0.0768,0.0704,0.0798,0.08059999999999999,0.05240000000000001,0.06880000000000001,0.0726,0.046400000000000004,0.046799999999999994,0.0804,0.09540000000000001,0.04860000000000001,0.0312,0.0184,0.07300000000000001,0.0658,0.095,0.056,0.0632,0.0332,0.0448,0.075
2.0944177012076683,-0.005200000000000003,0.07779999999999998,0.0778,0.10199999999999998,0.0888,0.0702,0.0644,0.07640000000000001,0.04119999999999999,0.0432,0.09079999999999999,0.10079999999999999,0.06760000000000001,0.0396,0.02359999999999999,0.083,0.0714,0.10459999999999998,0.0644,0.076,0.0378,0.0498,0.0782
2.09268572585817,-0.021,0.0896,0.06620000000000001,0.0928,0.09359999999999999,0.07440000000000001,0.0624,0.0734,0.0356,0.0536,0.095,0.0854,0.0768,0.0438,0.0282,0.092,0.0658,0.10959999999999999,0.07379999999999999,0.0694,0.0516,0.0502,0.0694
2.090921354377445,0.0004000000000000038,0.12340000000000001,0.0714,0.108,0.09259999999999999,0.0872,0.0778,0.0874,0.0508,0.060599999999999994,0.10779999999999999,0.10460000000000003,0.093,0.0608,0.04280000000000002,0.1076,0.08179999999999998,0.10859999999999999,0.08779999999999999,0.0836,0.07100000000000001,0.06620000000000001,0.0698
2.0891599555211107,-0.0009999999999999966,0.1382,0.07920000000000002,0.12499999999999999,0.09759999999999999,0.08300000000000002,0.10540000000000001,0.0848,0.055600000000000004,0.07440000000000001,0.1082,0.11220000000000002,0.10840000000000001,0.0798,0.052,0.1256,0.08479999999999999,0.1088,0.10679999999999998,0.087,0.074,0.0664,0.0684
2.087401521783045,-0.001399999999999995,0.141,0.06299999999999999,0.1238,0.1052,0.0732,0.1032,0.09500000000000001,0.048,0.0838,0.11620000000000001,0.1148,0.1098,0.09040000000000001,0.05,0.1318,0.0862,0.1134,0.10579999999999998,0.0752,0.0592,0.0682,0.0676
2.0856811262678083,0.005800000000000003,0.1382,0.055200000000000006,0.1044,0.08459999999999998,0.0582,0.1014,0.0892,0.0422,0.0964,0.12140000000000001,0.103,0.11120000000000001,0.09620000000000001,0.0464,0.1142,0.08,0.10959999999999999,0.108,0.07440000000000001,0.047,0.0562,0.06420000000000001
2.08392854141808,0.0232,0.14179999999999998,0.067,0.0968,0.0886,0.0562,0.11079999999999998,0.0974,0.046799999999999994,0.1102,0.13319999999999999,0.1146,0.11299999999999999,0.13,0.0668,0.1274,0.0916,0.1134,0.116,0.09659999999999999,0.062,0.0742,0.09220000000000002
2.082178899467701,0.0248,0.141,0.05879999999999999,0.0984,0.0906,0.054800000000000015,0.105,0.0986,0.0458,0.10999999999999999,0.1256,0.10400000000000001,0.1152,0.1436,0.0782,0.1358,0.0992,0.11120000000000001,0.10500000000000001,0.11079999999999998,0.0696,0.0824,0.09860000000000002
2.080467098419516,0.011800000000000001,0.139,0.0644,0.097,0.08680000000000002,0.0684,0.0702,0.0882,0.0528,0.1024,0.135,0.0916,0.11040000000000001,0.13479999999999998,0.0782,0.1436,0.09720000000000001,0.10599999999999998,0.0952,0.1118,0.06079999999999999,0.0726,0.0892
2.078723261583853,0.002399999999999995,0.144,0.08020000000000001,0.08900000000000001,0.0824,0.079,0.0674,0.07659999999999999,0.0562,0.09879999999999999,0.12099999999999998,0.08259999999999999,0.0986,0.12499999999999999,0.0848,0.1448,0.09140000000000001,0.08879999999999998,0.092,0.1024,0.0644,0.072,0.0842
2.076982345650062,0.009799999999999998,0.156,0.0896,0.085,0.07879999999999998,0.0782,0.0824,0.0678,0.0716,0.11099999999999999,0.1144,0.0916,0.09759999999999999,0.133,0.09979999999999999,0.14579999999999999,0.10859999999999999,0.0688,0.09079999999999998,0.0874,0.0704,0.08380000000000001,0.1002
2.0752790748271996,0.0192,0.1678,0.101,0.09,0.08159999999999999,0.0678,0.084,0.07399999999999998,0.0844,0.11,0.1158,0.12140000000000001,0.0978,0.137,0.10479999999999998,0.14499999999999996,0.12359999999999999,0.0736,0.08680000000000002,0.09540000000000001,0.082,0.0854,0.1098
2.073543920670223,0.020000000000000007,0.15159999999999996,0.10099999999999999,0.08799999999999998,0.08979999999999999,0.064,0.0646,0.062,0.09040000000000001,0.10940000000000001,0.1114,0.1056,0.08979999999999999,0.1202,0.0862,0.1296,0.11320000000000001,0.0708,0.0704,0.08220000000000001,0.0866,0.0828,0.105
2.0718116656363303,0.0214,0.1514,0.0922,0.0676,0.0952,0.07900000000000001,0.047400000000000005,0.06919999999999998,0.087,0.0998,0.1098,0.09379999999999998,0.0804,0.1046,0.08079999999999998,0.0964,0.10779999999999998,0.064,0.054200000000000005,0.07979999999999998,0.08499999999999999,0.09620000000000001,0.09620000000000001
2.0701168614357264,0.020399999999999998,0.13219999999999998,0.0856,0.0632,0.0844,0.07859999999999999,0.02959999999999999,0.0546,0.0824,0.079,0.09779999999999998,0.08499999999999999,0.0792,0.09259999999999999,0.07979999999999998,0.06719999999999998,0.09579999999999998,0.0466,0.056,0.0752,0.08559999999999998,0.0854,0.0808
2.0683903252710594,0.012399999999999996,0.12099999999999998,0.07940000000000001,0.06019999999999999,0.08399999999999999,0.07879999999999998,0.0322,0.0576,0.0878,0.0466,0.09359999999999997,0.07119999999999999,0.08259999999999999,0.076,0.0686,0.0592,0.08559999999999998,0.051,0.04660000000000001,0.05679999999999999,0.08079999999999998,0.07759999999999999,0.0692
2.066666666666667,-0.0020000000000000057,0.11899999999999998,0.0842,0.07019999999999998,0.0838,0.09040000000000001,0.037,0.0596,0.09459999999999999,0.0402,0.0884,0.0732,0.102,0.062200000000000005,0.0716,0.05980000000000002,0.08120000000000001,0.05,0.0364,0.044,0.07879999999999998,0.07440000000000002,0.0446
2.064980266116005,-0.0005999999999999996,0.1152,0.0928,0.07019999999999998,0.0792,0.09,0.0436,0.056400000000000006,0.104,0.0376,0.0832,0.07959999999999999,0.0952,0.06079999999999999,0.0606,0.058600000000000006,0.07640000000000001,0.048799999999999996,0.0368,0.0362,0.07679999999999998,0.075,0.0396
2.0632622838982346,0.0013999999999999991,0.11199999999999999,0.07899999999999999,0.0628,0.071,0.07859999999999999,0.0576,0.062400000000000004,0.102,0.036,0.07119999999999999,0.068,0.08899999999999998,0.0632,0.0496,0.0492,0.06759999999999998,0.049,0.0348,0.02640000000000001,0.08220000000000001,0.062,0.025799999999999993
2.0615814324665824,0.012199999999999999,0.1056,0.0642,0.05959999999999999,0.0684,0.05679999999999999,0.0694,0.066,0.10839999999999998,0.046,0.07279999999999999,0.0624,0.07540000000000001,0.0658,0.0424,0.0332,0.0624,0.056799999999999996,0.02440000000000001,0.0182,0.077,0.05899999999999999,0.0216
2.0598690986411508,0.014199999999999999,0.09720000000000001,0.0562,0.054200000000000005,0.06459999999999999,0.0476,0.06559999999999999,0.0876,0.0996,0.044,0.09200000000000001,0.0596,0.065,0.052,0.029800000000000004,0.0252,0.0466,0.0726,0.031000000000000003,0.0318,0.07399999999999998,0.051,0.023399999999999997
2.0581596069579073,0.022800000000000008,0.0842,0.057000000000000016,0.052399999999999995,0.0586,0.0594,0.0674,0.1006,0.084,0.043,0.09939999999999997,0.04279999999999999,0.0562,0.047799999999999995,0.0254,0.015,0.0434,0.0734,0.041400000000000006,0.030600000000000002,0.07859999999999999,0.07340000000000002,0.0212
2.05648705574075,0.008399999999999996,0.0888,0.07460000000000003,0.0528,0.0688,0.061399999999999996,0.0746,0.1212,0.07680000000000001,0.039,0.0992,0.0484,0.04259999999999999,0.0518,0.03459999999999999,0.021600000000000005,0.0428,0.0716,0.0674,0.038200000000000005,0.0678,0.06879999999999999,0.027800000000000002
2.054783170662999,0.0044,0.0832,0.082,0.0674,0.060399999999999995,0.0428,0.0688,0.10859999999999999,0.07680000000000001,0.038,0.0874,0.025199999999999993,0.049,0.0518,0.0342,0.03160000000000001,0.037,0.0752,0.0724,0.028399999999999998,0.0736,0.056,0.0214
2.053116100404,-0.0025999999999999977,0.10200000000000001,0.09440000000000001,0.06579999999999998,0.066,0.045,0.07959999999999999,0.1046,0.072,0.0544,0.08799999999999998,0.033,0.0604,0.0598,0.0362,0.05800000000000002,0.040799999999999996,0.07859999999999999,0.0718,0.034,0.0848,0.0658,0.027399999999999994
2.051417794394997,-0.0038000000000000017,0.1174,0.1012,0.0716,0.0732,0.045399999999999996,0.054199999999999984,0.0974,0.06340000000000001,0.0628,0.09179999999999999,0.0436,0.055,0.0756,0.038,0.07540000000000001,0.052,0.0658,0.0778,0.0538,0.08999999999999998,0.076,0.0404
2.049722295688971,0.0052,0.1404,0.1082,0.0846,0.07479999999999999,0.0502,0.0638,0.102,0.0626,0.08000000000000002,0.0974,0.0432,0.05080000000000002,0.09079999999999999,0.026999999999999996,0.075,0.0644,0.0726,0.08259999999999999,0.0704,0.0912,0.0788,0.0514
2.0480634238995785,0.011200000000000003,0.15639999999999998,0.1176,0.0968,0.07659999999999999,0.0528,0.0778,0.10579999999999999,0.052399999999999995,0.0922,0.09799999999999999,0.030399999999999996,0.0632,0.1078,0.0258,0.071,0.0694,0.0742,0.08359999999999998,0.083,0.09240000000000001,0.078,0.055200000000000006
2.046373463157026,0.010599999999999998,0.16740000000000002,0.1366,0.1108,0.0824,0.062200000000000005,0.07959999999999999,0.10399999999999998,0.0506,0.0896,0.09959999999999998,0.043,0.0688,0.116,0.0364,0.086,0.0798,0.072,0.07540000000000001,0.09040000000000001,0.09199999999999998,0.0938,0.0772
2.0447200052766967,0.025200000000000007,0.1768,0.14620000000000002,0.11999999999999998,0.09540000000000001,0.078,0.0674,0.09799999999999999,0.0428,0.0882,0.1082,0.061,0.08800000000000001,0.126,0.037,0.1056,0.0852,0.0676,0.09459999999999999,0.086,0.0898,0.099,0.0728
2.043035555409101,0.027,0.1758,0.14939999999999998,0.1272,0.1024,0.095,0.0684,0.082,0.042,0.0834,0.07940000000000001,0.073,0.08199999999999999,0.145,0.040600000000000004,0.10940000000000001,0.08159999999999999,0.054,0.09140000000000001,0.075,0.0922,0.09659999999999999,0.056600000000000004
2.041387484977693,0.013199999999999998,0.17839999999999998,0.13979999999999998,0.1314,0.1124,0.0852,0.06420000000000001,0.0676,0.045,0.085,0.0652,0.077,0.0756,0.1452,0.0352,0.1124,0.08220000000000001,0.045399999999999996,0.0874,0.07440000000000001,0.08940000000000001,0.0732,0.0668
2.03970851907292,0.015600000000000001,0.17999999999999997,0.12840000000000001,0.13579999999999998,0.1012,0.083,0.0678,0.0658,0.044,0.0932,0.0632,0.0842,0.0912,0.1504,0.0512,0.12919999999999998,0.09440000000000001,0.0484,0.07640000000000001,0.07520000000000002,0.105,0.0746,0.08059999999999999
2.0380658098024393,0.0049999999999999975,0.175,0.10840000000000001,0.1286,0.09539999999999997,0.0852,0.064,0.0678,0.045200000000000004,0.0852,0.063,0.11179999999999998,0.09140000000000001,0.1376,0.045,0.1428,0.1024,0.03879999999999999,0.06179999999999999,0.0792,0.105,0.06319999999999999,0.0852
2.0363923011233003,0.008400000000000001,0.1794,0.1152,0.13079999999999997,0.0932,0.0882,0.0756,0.07579999999999999,0.053,0.084,0.0718,0.10540000000000001,0.0912,0.1226,0.045200000000000004,0.138,0.10859999999999999,0.039799999999999995,0.0652,0.0814,0.10139999999999998,0.0578,0.09459999999999999
2.034721538512028,0.0268,0.19240000000000002,0.1378,0.1492,0.1178,0.111,0.10520000000000002,0.0916,0.08940000000000002,0.10720000000000003,0.08059999999999999,0.12499999999999999,0.11220000000000001,0.1282,0.07959999999999999,0.15780000000000002,0.11980000000000002,0.0666,0.09440000000000001,0.10040000000000003,0.111,0.07180000000000002,0.101
2.0330868488793428,0.039799999999999995,0.17859999999999998,0.1498,0.16140000000000002,0.12440000000000001,0.12440000000000001,0.1006,0.0888,0.108,0.10900000000000001,0.08940000000000001,0.1316,0.11780000000000002,0.135,0.08979999999999999,0.1766,0.125,0.076,0.1124,0.1,0.13,0.08259999999999999,0.11520000000000001
2.0314215035795615,0.03219999999999999,0.1616,0.1422,0.1596,0.1254,0.1266,0.0958,0.0908,0.12240000000000001,0.10699999999999998,0.08940000000000001,0.13059999999999997,0.109,0.12079999999999999,0.09720000000000001,0.1716,0.1022,0.0762,0.12879999999999997,0.0912,0.12459999999999999,0.09259999999999999,0.1134
2.029792110001637,0.027399999999999997,0.1486,0.142,0.15280000000000002,0.13040000000000002,0.1256,0.097,0.089,0.1262,0.117,0.0902,0.1306,0.11080000000000001,0.1138,0.09759999999999999,0.1556,0.102,0.06779999999999999,0.14699999999999996,0.0836,0.12459999999999999,0.09340000000000001,0.1056
2.0281321557082106,0.012799999999999997,0.1424,0.13440000000000002,0.15660000000000002,0.13360000000000002,0.1164,0.09620000000000001,0.0942,0.13319999999999999,0.1182,0.0868,0.124,0.1058,0.1082,0.0998,0.1364,0.1082,0.0768,0.1306,0.0902,0.1152,0.08120000000000001,0.11120000000000001
2.0265080324894997,0.000999999999999991,0.13920000000000002,0.1422,0.15419999999999995,0.1306,0.0958,0.0906,0.093,0.12399999999999999,0.1138,0.1034,0.1184,0.10940000000000001,0.0916,0.09259999999999999,0.12359999999999999,0.0964,0.083,0.1182,0.0872,0.0974,0.06599999999999999,0.1014
2.0248534430673266,0.0029999999999999966,0.1418,0.1428,0.14859999999999998,0.12140000000000001,0.106,0.08779999999999999,0.09540000000000001,0.1264,0.10959999999999999,0.10879999999999998,0.11199999999999999,0.11280000000000003,0.084,0.0992,0.1242,0.10700000000000001,0.0918,0.106,0.086,0.08599999999999998,0.0762,0.084
2.0232345646782406,0.0068000000000000005,0.13319999999999999,0.15460000000000002,0.1388,0.123,0.1226,0.0886,0.092,0.14339999999999997,0.11059999999999999,0.1182,0.1044,0.11140000000000003,0.0768,0.087,0.1152,0.1178,0.097,0.10359999999999998,0.0884,0.0858,0.09240000000000001,0.07859999999999999
2.021585314160879,0.0222,0.1238,0.17160000000000003,0.13499999999999998,0.138,0.13,0.091,0.1082,0.14239999999999997,0.1318,0.11999999999999998,0.09540000000000001,0.11260000000000002,0.09240000000000001,0.0912,0.115,0.1424,0.10579999999999999,0.10979999999999997,0.086,0.095,0.11259999999999999,0.0852
2.019971655236451,0.026600000000000002,0.10259999999999998,0.1526,0.1366,0.135,0.12359999999999999,0.082,0.103,0.11959999999999998,0.1286,0.1076,0.089,0.09700000000000002,0.095,0.0888,0.1042,0.1416,0.1028,0.1072,0.0772,0.0856,0.11380000000000001,0.08059999999999999
2.018360570349632,0.0126,0.1032,0.13920000000000002,0.1192,0.12440000000000001,0.11640000000000002,0.08460000000000002,0.1006,0.0808,0.11139999999999997,0.1066,0.0864,0.07579999999999999,0.0884,0.0756,0.0792,0.1356,0.10740000000000002,0.08779999999999999,0.06420000000000001,0.07840000000000001,0.0988,0.0694
2.0167192531633216,0.0012000000000000005,0.1156,0.12800000000000003,0.09340000000000001,0.12680000000000002,0.10820000000000002,0.09040000000000001,0.11359999999999999,0.0756,0.09720000000000001,0.0942,0.0818,0.061200000000000004,0.0804,0.0756,0.0498,0.1386,0.0984,0.07640000000000001,0.04779999999999999,0.058,0.09140000000000001,0.0664
2.0151133501259446,0.006,0.121,0.12940000000000002,0.081,0.11780000000000002,0.1018,0.0996,0.116,0.06980000000000001,0.0846,0.0942,0.097,0.0626,0.07019999999999998,0.072,0.045399999999999996,0.1626,0.09279999999999998,0.07440000000000001,0.04,0.054200000000000005,0.08180000000000001,0.0668
2.013477307785987,0.008399999999999998,0.12099999999999998,0.12799999999999997,0.0834,0.09759999999999998,0.1014,0.09720000000000001,0.117,0.0732,0.0762,0.09580000000000001,0.09079999999999999,0.052399999999999995,0.0644,0.0746,0.049,0.1642,0.10659999999999999,0.077,0.03439999999999999,0.0492,0.0746,0.0698
2.011876561638057,0.0158,0.12040000000000001,0.1406,0.07119999999999999,0.08700000000000001,0.10859999999999999,0.08159999999999998,0.12240000000000001,0.0654,0.0726,0.0984,0.0862,0.045200000000000004,0.0506,0.0708,0.0516,0.1518,0.09659999999999999,0.07119999999999999,0.02459999999999999,0.054200000000000005,0.07959999999999999,0.0554
2.01024576875689,0.028399999999999998,0.13,0.136,0.0664,0.09220000000000002,0.12339999999999998,0.0696,0.12440000000000001,0.078,0.086,0.1022,0.086,0.048,0.054200000000000005,0.07740000000000001,0.07019999999999998,0.15519999999999998,0.09179999999999998,0.08220000000000001,0.03459999999999999,0.0724,0.09659999999999998,0.0634
2.008650154698459,0.04000000000000001,0.12840000000000001,0.1436,0.05719999999999999,0.10400000000000001,0.1186,0.08099999999999999,0.1076,0.0798,0.09140000000000001,0.096,0.0938,0.0444,0.0594,0.073,0.0694,0.131,0.07719999999999998,0.0906,0.040600000000000004,0.05779999999999998,0.09779999999999998,0.055199999999999985
2.007024586051179,0.0492,0.13419999999999999,0.133,0.0496,0.1008,0.09759999999999999,0.09179999999999998,0.1056,0.0702,0.0896,0.07799999999999999,0.0792,0.0498,0.061799999999999994,0.07079999999999999,0.0608,0.11320000000000001,0.0706,0.09040000000000001,0.0504,0.04319999999999999,0.0792,0.04159999999999999
2.005434079441066,0.0554,0.145,0.13240000000000002,0.060200000000000004,0.1052,0.0952,0.0952,0.112,0.08,0.08159999999999999,0.0846,0.0838,0.061799999999999994,0.0634,0.07199999999999998,0.0576,0.0846,0.0752,0.092,0.062200000000000005,0.0354,0.0594,0.040399999999999985
2.003813709964125,0.055600000000000004,0.15880000000000002,0.15819999999999998,0.059,0.1226,0.09780000000000001,0.09459999999999999,0.1316,0.09659999999999999,0.08779999999999999,0.0964,0.0942,0.07640000000000001,0.07740000000000001,0.07940000000000001,0.06880000000000001,0.08200000000000002,0.08399999999999999,0.08580000000000002,0.07759999999999999,0.0448,0.0496,0.047599999999999996
2.002228286318645,0.061799999999999994,0.1444,0.169,0.0684,0.1268,0.1044,0.0854,0.1424,0.12979999999999997,0.10719999999999998,0.0942,0.0918,0.0856,0.0932,0.09240000000000001,0.0818,0.09280000000000001,0.085,0.08280000000000003,0.084,0.0538,0.055200000000000006,0.056199999999999986
2.000645369474024,0.0632,0.1254,0.16679999999999998,0.0664,0.1158,0.08859999999999998,0.0696,0.1262,0.12919999999999998,0.0996,0.0932,0.08479999999999999,0.0876,0.08220000000000001,0.0792,0.0902,0.0782,0.0726,0.072,0.0902,0.0514,0.030999999999999996,0.0416
1.9990327261002743,0.06719999999999998,0.12479999999999998,0.157,0.0582,0.11739999999999998,0.08599999999999998,0.045399999999999996,0.1114,0.1304,0.0906,0.08220000000000001,0.08100000000000002,0.09700000000000002,0.09540000000000001,0.07659999999999999,0.07840000000000001,0.0702,0.0788,0.06620000000000001,0.10059999999999998,0.0496,0.019399999999999997,0.031999999999999994
1.9974548559094059,0.08259999999999999,0.1268,0.1576,0.05940000000000001,0.1352,0.0838,0.041,0.1072,0.1286,0.08940000000000001,0.07940000000000001,0.0928,0.10940000000000003,0.10499999999999998,0.0756,0.0702,0.06720000000000001,0.071,0.0518,0.11199999999999999,0.0426,0.030600000000000002,0.0246
1.9958473498688214,0.06919999999999998,0.12379999999999998,0.15319999999999998,0.06620000000000001,0.1296,0.07840000000000001,0.0514,0.0842,0.12059999999999998,0.0752,0.0698,0.0862,0.108,0.1134,0.0704,0.0538,0.0694,0.0666,0.056,0.12399999999999999,0.0424,0.037200000000000004,0.0354
1.9942745022355175,0.06099999999999999,0.1196,0.16,0.0772,0.1168,0.07840000000000001,0.0648,0.0828,0.1128,0.060200000000000004,0.053399999999999996,0.0864,0.108,0.1252,0.056799999999999996,0.0438,0.0722,0.07240000000000002,0.0518,0.12239999999999998,0.045200000000000004,0.040799999999999996,0.0422
1.9927041316470342,0.0484,0.1052,0.159,0.0862,0.09999999999999999,0.0814,0.060399999999999995,0.0932,0.1038,0.0528,0.046,0.0734,0.11359999999999999,0.13859999999999997,0.0598,0.04560000000000001,0.07740000000000001,0.07859999999999999,0.037399999999999996,0.11699999999999998,0.072,0.0298,0.0448
1.9911042599996789,0.037,0.111,0.1566,0.1044,0.1,0.09000000000000001,0.045200000000000004,0.09920000000000001,0.10180000000000002,0.047400000000000005,0.043,0.0876,0.10199999999999998,0.142,0.0668,0.0424,0.08020000000000001,0.07740000000000002,0.03960000000000001,0.10319999999999997,0.0788,0.04720000000000001,0.054200000000000005
1.9895388762314283,0.0308,0.1146,0.18340000000000004,0.11120000000000001,0.103,0.096,0.0504,0.09459999999999999,0.10700000000000001,0.05700000000000001,0.0442,0.08780000000000002,0.0896,0.1438,0.0708,0.03560000000000001,0.0876,0.08780000000000003,0.05340000000000001,0.103,0.08259999999999999,0.08,0.0634
1.9879759519038076,0.021399999999999995,0.1066,0.1704,0.1302,0.0876,0.09059999999999999,0.0594,0.0874,0.10740000000000002,0.056400000000000006,0.0304,0.09540000000000001,0.08159999999999999,0.14,0.0702,0.029,0.07780000000000001,0.09480000000000001,0.055600000000000004,0.0922,0.0728,0.09459999999999999,0.0526
1.986383660392471,0.023600000000000003,0.1046,0.1688,0.137,0.093,0.0792,0.0636,0.07640000000000001,0.0916,0.0386,0.034600000000000006,0.09540000000000001,0.075,0.1318,0.061399999999999996,0.0246,0.062200000000000005,0.09179999999999999,0.049,0.0862,0.08,0.0932,0.054000000000000006
1.9848256874859942,0.022600000000000002,0.09379999999999998,0.15480000000000002,0.12799999999999997,0.0844,0.0842,0.0554,0.0718,0.0752,0.033,0.02359999999999999,0.0868,0.07659999999999999,0.13079999999999997,0.074,0.011999999999999997,0.057,0.08779999999999999,0.04079999999999999,0.0722,0.07899999999999999,0.0882,0.0562
1.9832384364404068,0.009399999999999997,0.0782,0.1484,0.1196,0.0652,0.0642,0.056,0.0798,0.061399999999999996,0.02839999999999999,0.014399999999999993,0.07359999999999998,0.062200000000000005,0.11259999999999998,0.07299999999999998,0.008199999999999994,0.0476,0.06739999999999997,0.022,0.0616,0.07899999999999999,0.08220000000000001,0.047
1.9816853914627715,0.0012000000000000047,0.08179999999999998,0.13939999999999997,0.10959999999999999,0.07119999999999999,0.0654,0.0644,0.0804,0.052,0.02359999999999999,0.02,0.072,0.0536,0.1254,0.0736,0.0206,0.0512,0.06919999999999998,0.0314,0.0584,0.0902,0.0704,0.039799999999999995
1.980134776915461,0.014800000000000008,0.09159999999999999,0.12779999999999997,0.09679999999999998,0.0828,0.0706,0.0736,0.10140000000000002,0.060000000000000005,0.022999999999999996,0.027800000000000005,0.07859999999999999,0.0496,0.12979999999999997,0.0722,0.0416,0.053000000000000005,0.07579999999999998,0.03319999999999999,0.0466,0.0906,0.0634,0.0416
1.9785550165943324,0.027399999999999997,0.09939999999999997,0.12459999999999997,0.0886,0.0872,0.06720000000000001,0.07680000000000001,0.1002,0.0726,0.030599999999999992,0.019599999999999992,0.08299999999999999,0.0384,0.1146,0.0874,0.0584,0.053399999999999996,0.09,0.0364,0.0448,0.0836,0.058600000000000006,0.0402
1.9770092951324116,0.0312,0.1088,0.12979999999999997,0.0938,0.09340000000000001,0.068,0.0888,0.10720000000000002,0.09440000000000001,0.038,0.0254,0.1004,0.033199999999999986,0.1056,0.09799999999999999,0.064,0.0588,0.10859999999999999,0.04679999999999999,0.05240000000000001,0.07980000000000001,0.0694,0.049400000000000006
1.9754659869364344,0.0364,0.10420000000000001,0.13419999999999999,0.09659999999999999,0.11359999999999999,0.06680000000000001,0.09880000000000001,0.10900000000000001,0.10740000000000002,0.044,0.0448,0.0984,0.040600000000000004,0.10479999999999998,0.10339999999999998,0.0756,0.066,0.11040000000000001,0.045,0.0574,0.08900000000000001,0.064,0.06120000000000002
1.973893664438077,0.0228,0.11300000000000002,0.1166,0.09,0.1124,0.05740000000000001,0.0862,0.09659999999999999,0.0916,0.032400000000000005,0.03519999999999999,0.09139999999999998,0.04100000000000001,0.08899999999999998,0.1016,0.07440000000000001,0.0638,0.09140000000000001,0.026600000000000002,0.046799999999999994,0.0892,0.0402,0.05240000000000001
1.9723552148117514,0.03760000000000001,0.127,0.1186,0.0866,0.1312,0.06800000000000002,0.0814,0.09279999999999998,0.09680000000000001,0.0228,0.039799999999999995,0.08679999999999999,0.038799999999999994,0.07959999999999999,0.1092,0.078,0.08400000000000002,0.08600000000000002,0.03559999999999999,0.049,0.098,0.0418,0.06500000000000002
1.9708191614482344,0.0368,0.1346,0.1042,0.07759999999999999,0.131,0.0648,0.07640000000000001,0.09859999999999998,0.10300000000000001,0.027000000000000007,0.034800000000000005,0.08159999999999999,0.04560000000000001,0.0686,0.111,0.0842,0.09200000000000001,0.07960000000000002,0.0598,0.0616,0.09559999999999999,0.03359999999999999,0.0646
1.9692854987533153,0.0304,0.1386,0.1046,0.0762,0.139,0.0674,0.0912,0.10499999999999998,0.1082,0.035,0.0402,0.08679999999999999,0.0428,0.07,0.1044,0.09179999999999999,0.10280000000000002,0.0876,0.07199999999999998,0.0738,0.09440000000000001,0.045000000000000005,0.066
1.9677229953821986,0.0384,0.16579999999999998,0.11980000000000002,0.1,0.1636,0.0886,0.11479999999999999,0.10480000000000002,0.12359999999999999,0.04779999999999999,0.0658,0.0928,0.04660000000000001,0.0844,0.10959999999999999,0.116,0.1194,0.10179999999999999,0.08699999999999998,0.08699999999999998,0.09199999999999998,0.0616,0.09220000000000002
1.966194145815495,0.0386,0.17339999999999997,0.1248,0.11579999999999999,0.1586,0.1,0.1228,0.1182,0.13560000000000003,0.06700000000000002,0.0852,0.08279999999999998,0.06160000000000001,0.0706,0.11159999999999999,0.1276,0.12440000000000001,0.11699999999999998,0.09379999999999998,0.104,0.1062,0.07440000000000001,0.12600000000000003
1.9646676701259607,0.0332,0.1696,0.1384,0.14339999999999997,0.14759999999999998,0.10420000000000001,0.1222,0.115,0.1386,0.09340000000000002,0.0866,0.0852,0.08120000000000001,0.06780000000000001,0.1278,0.1374,0.12140000000000001,0.1144,0.1076,0.1216,0.1242,0.07859999999999999,0.14200000000000002
1.9631124831789757,0.0374,0.164,0.123,0.14939999999999998,0.14739999999999998,0.106,0.11220000000000001,0.10779999999999999,0.12779999999999997,0.07540000000000001,0.09999999999999999,0.07859999999999999,0.09140000000000001,0.076,0.122,0.12819999999999998,0.1262,0.07479999999999998,0.108,0.12379999999999998,0.1324,0.09659999999999999,0.14220000000000002
1.961590786851014,0.0592,0.18059999999999998,0.1278,0.15979999999999997,0.1604,0.13100000000000003,0.1256,0.12240000000000001,0.14360000000000003,0.0932,0.1278,0.0922,0.12079999999999998,0.09720000000000001,0.1256,0.14780000000000001,0.15120000000000003,0.0734,0.1316,0.1376,0.15319999999999995,0.10640000000000001,0.16720000000000002
1.9600714477656767,0.06880000000000001,0.19640000000000002,0.14079999999999998,0.15819999999999998,0.15919999999999998,0.15500000000000003,0.14260000000000003,0.13240000000000002,0.15960000000000002,0.108,0.1336,0.11059999999999999,0.1378,0.11520000000000001,0.1362,0.1544,0.15280000000000002,0.1022,0.15319999999999998,0.151,0.1682,0.1124,0.1658
1.9585544604498357,0.0902,0.18259999999999998,0.1272,0.14639999999999997,0.1524,0.1512,0.1522,0.1252,0.1724,0.112,0.1472,0.1176,0.13779999999999998,0.129,0.1366,0.157,0.15319999999999998,0.1034,0.15199999999999997,0.1482,0.16579999999999998,0.1152,0.1578
1.9570089327988385,0.0864,0.1616,0.1266,0.1376,0.13019999999999998,0.14279999999999998,0.1544,0.1162,0.17379999999999998,0.10479999999999998,0.1352,0.1176,0.1334,0.1464,0.118,0.147,0.13679999999999998,0.0922,0.13779999999999998,0.13059999999999997,0.153,0.1076,0.135
1.9554966803866836,0.087,0.166,0.149,0.1384,0.125,0.1482,0.15599999999999997,0.1152,0.16399999999999998,0.11180000000000001,0.1404,0.124,0.1366,0.1628,0.12940000000000002,0.1426,0.1388,0.0958,0.1324,0.12479999999999998,0.1522,0.1228,0.126
1.9539867633154742,0.0912,0.17,0.146,0.1382,0.12279999999999999,0.14780000000000001,0.14579999999999996,0.10840000000000001,0.1558,0.1022,0.1544,0.13479999999999998,0.1488,0.16519999999999999,0.14260000000000003,0.1362,0.1258,0.0876,0.13340000000000002,0.1298,0.153,0.13,0.11520000000000001
1.952479176179754,0.0892,0.1554,0.149,0.13060000000000002,0.129,0.14779999999999996,0.13499999999999998,0.099,0.14880000000000002,0.1056,0.14780000000000001,0.13779999999999998,0.1468,0.16879999999999998,0.1516,0.13079999999999997,0.1154,0.085,0.1264,0.1262,0.16140000000000002,0.1362,0.08979999999999999
1.950943218112305,0.08999999999999998,0.1488,0.141,0.12179999999999999,0.11899999999999998,0.1334,0.1184,0.089,0.133,0.105,0.11579999999999999,0.13319999999999999,0.12879999999999997,0.16099999999999998,0.1422,0.10999999999999999,0.10679999999999998,0.0742,0.10659999999999997,0.11299999999999999,0.1456,0.13739999999999997,0.06680000000000001
1.9494403219720788,0.09579999999999998,0.1646,0.14279999999999998,0.11399999999999999,0.1268,0.1376,0.12279999999999999,0.1,0.1406,0.11720000000000001,0.11979999999999999,0.1314,0.1362,0.16219999999999998,0.1342,0.10059999999999998,0.11040000000000001,0.0984,0.1038,0.1274,0.14039999999999994,0.1586,0.057600000000000005
1.9479397395416056,0.08359999999999998,0.1722,0.1508,0.11359999999999999,0.14079999999999998,0.1444,0.1346,0.1182,0.14699999999999996,0.1436,0.1238,0.134,0.1502,0.17079999999999998,0.1426,0.1024,0.1192,0.125,0.1056,0.13179999999999997,0.1314,0.14880000000000002,0.062400000000000004
1.9464414654820583,0.0866,0.18059999999999996,0.14679999999999999,0.1226,0.1468,0.145,0.12440000000000001,0.10980000000000001,0.13479999999999998,0.133,0.1088,0.124,0.1398,0.158,0.1368,0.0872,0.1044,0.1292,0.09140000000000001,0.12040000000000001,0.11780000000000002,0.1362,0.05800000000000002
1.9449149883932495,0.0596,0.1548,0.1134,0.1146,0.1206,0.1168,0.0884,0.0722,0.09179999999999999,0.1018,0.07099999999999998,0.0858,0.1092,0.11120000000000001,0.09539999999999997,0.05779999999999999,0.0842,0.0974,0.04419999999999999,0.0922,0.0848,0.10299999999999998,0.022399999999999986
1.9434213619622287,0.02859999999999999,0.16119999999999998,0.0994,0.111,0.10499999999999998,0.10239999999999998,0.0882,0.071,0.0674,0.0866,0.056600000000000004,0.07780000000000001,0.09140000000000001,0.09899999999999999,0.08339999999999997,0.0446,0.0832,0.1098,0.0402,0.08579999999999999,0.07019999999999998,0.09820000000000001,0.009799999999999986
1.9419300278760925,0.016999999999999994,0.179,0.0922,0.1008,0.1022,0.0942,0.0708,0.07680000000000002,0.052399999999999995,0.09720000000000001,0.0584,0.061200000000000004,0.09759999999999999,0.0832,0.09459999999999999,0.0458,0.0724,0.10840000000000001,0.0418,0.09559999999999998,0.05819999999999999,0.0876,0.0218
1.9404409808616185,0.0009999999999999996,0.16599999999999998,0.06559999999999999,0.105,0.0938,0.0866,0.0704,0.063,0.0464,0.0834,0.0396,0.0456,0.0876,0.06719999999999998,0.06739999999999997,0.0294,0.054,0.0912,0.0198,0.0834,0.04,0.0652,0.02059999999999999
1.9389542156617463,-0.011200000000000005,0.1606,0.069,0.1092,0.0874,0.08220000000000001,0.0722,0.06720000000000001,0.056,0.0834,0.0198,0.029399999999999996,0.0742,0.0592,0.049400000000000006,0.014199999999999992,0.045399999999999996,0.0888,0.013800000000000007,0.0738,0.0362,0.05779999999999998,0.029999999999999995
1.9374394550170309,-0.0033999999999999933,0.1662,0.09360000000000002,0.1134,0.077,0.09459999999999999,0.074,0.071,0.05479999999999999,0.0986,0.021,0.04380000000000002,0.0928,0.0538,0.05940000000000002,0.0162,0.0518,0.1002,0.02440000000000001,0.0868,0.038200000000000005,0.045,0.054000000000000006
1.9359572840392811,0.0004000000000000012,0.1706,0.11,0.10940000000000001,0.0854,0.09379999999999998,0.0824,0.0626,0.06319999999999999,0.08439999999999998,0.023800000000000005,0.0474,0.092,0.052399999999999995,0.06760000000000001,0.0232,0.046799999999999994,0.08899999999999998,0.032000000000000015,0.0804,0.034800000000000005,0.025199999999999997,0.0518
1.9344773790951637,-0.0011999999999999975,0.14639999999999997,0.1034,0.0884,0.0772,0.084,0.063,0.0444,0.0494,0.05140000000000001,0.008,0.0368,0.068,0.0356,0.0518,0.0192,0.04460000000000001,0.0544,0.0148,0.04719999999999999,0.0158,-0.0132,0.038
1.9329997349919719,0.003000000000000002,0.12440000000000001,0.10640000000000001,0.0844,0.053599999999999995,0.0788,0.0484,0.045399999999999996,0.055200000000000006,0.034,-0.008600000000000002,0.0322,0.046200000000000005,0.0166,0.039799999999999995,0.012400000000000001,0.037,0.047,0.007800000000000001,0.026399999999999993,0.0048,-0.039400000000000004,0.03279999999999999
1.931524346552852,-0.019600000000000003,0.11040000000000001,0.0958,0.0696,0.0358,0.05179999999999999,0.017199999999999997,0.03459999999999999,0.05240000000000001,0.0304,-0.015599999999999992,0.027800000000000005,0.0412,0.008400000000000005,0.03820000000000001,0.004200000000000002,0.0316,0.03760000000000001,0.013800000000000008,0.014199999999999999,-0.013599999999999998,-0.0444,0.018
1.9300512086167447,-0.003999999999999997,0.10959999999999999,0.10939999999999998,0.07579999999999999,0.045200000000000004,0.045799999999999993,0.0208,0.0432,0.059,0.0454,-0.0054,0.047799999999999995,0.0482,0.0484,0.05240000000000001,0.0178,0.03159999999999999,0.045399999999999996,0.047799999999999995,0.0178,-0.001799999999999995,-0.0272,0.041
1.9285503211658397,-0.0012000000000000055,0.1012,0.1176,0.07840000000000001,0.06,0.06019999999999999,0.0176,0.04279999999999999,0.0592,0.04379999999999999,-0.009600000000000003,0.045399999999999996,0.0466,0.04519999999999999,0.0466,0.0218,0.021399999999999995,0.027,0.05940000000000001,0.0198,-0.000800000000000006,-0.0356,0.063
1.9270817144810866,-0.0020000000000000018,0.10140000000000002,0.13319999999999999,0.07959999999999999,0.0694,0.0772,0.037000000000000005,0.054,0.0578,0.0592,-0.0088,0.0592,0.0412,0.037399999999999996,0.0482,0.026199999999999998,0.03159999999999999,0.037000000000000005,0.07400000000000001,0.020199999999999996,0.0222,-0.0338,0.0632
1.9256153428061185,0.006200000000000001,0.11480000000000001,0.14739999999999998,0.0708,0.067,0.0836,0.029800000000000004,0.0534,0.0674,0.0736,0.0014000000000000037,0.064,0.037200000000000004,0.032400000000000005,0.05360000000000001,0.040799999999999996,0.033,0.0264,0.09140000000000001,0.0232,0.022199999999999994,-0.026999999999999996,0.06919999999999998
1.9241512010427657,0.015399999999999997,0.12500000000000003,0.15039999999999998,0.07379999999999999,0.0752,0.08459999999999998,0.028800000000000003,0.0522,0.06879999999999999,0.07759999999999999,0.006800000000000001,0.0782,0.04740000000000001,0.049400000000000006,0.04679999999999999,0.057,0.048799999999999996,0.028,0.0994,0.018999999999999996,0.026600000000000002,-0.015599999999999998,0.0682
1.922689284108353,0.0148,0.12359999999999999,0.13179999999999997,0.07579999999999999,0.09800000000000002,0.0788,0.04160000000000001,0.0658,0.0912,0.082,0.012400000000000007,0.07759999999999999,0.06320000000000002,0.0614,0.038799999999999994,0.060200000000000004,0.054200000000000005,0.028600000000000007,0.10720000000000002,0.014000000000000009,0.0308,-0.009399999999999997,0.0616
1.9212295869356388,0.017200000000000003,0.1288,0.1346,0.09540000000000001,0.1022,0.0932,0.05180000000000002,0.09359999999999999,0.1,0.098,0.026200000000000008,0.0932,0.09100000000000001,0.0746,0.04500000000000001,0.0762,0.0714,0.06300000000000001,0.1168,0.03040000000000001,0.049600000000000005,0.015600000000000003,0.065
1.9197721044727594,0.018,0.1354,0.1324,0.1182,0.08999999999999998,0.0958,0.056600000000000004,0.1044,0.089,0.11259999999999999,0.037,0.10740000000000001,0.10779999999999999,0.0866,0.065,0.0854,0.0832,0.08020000000000001,0.13479999999999998,0.051,0.06860000000000001,0.037200000000000004,0.07799999999999999
1.9183168316831685,0.010999999999999994,0.1416,0.13019999999999998,0.1152,0.0994,0.09620000000000001,0.056600000000000004,0.09720000000000001,0.0698,0.11320000000000001,0.054799999999999995,0.11040000000000001,0.10699999999999998,0.088,0.0726,0.088,0.07859999999999999,0.0844,0.1456,0.0632,0.0746,0.058600000000000006,0.0824
1.9168341320142217,0.007199999999999997,0.13579999999999998,0.1226,0.1114,0.09720000000000001,0.1022,0.0714,0.09440000000000001,0.05,0.09699999999999999,0.06720000000000001,0.1056,0.09820000000000001,0.0854,0.0664,0.09040000000000001,0.0576,0.08120000000000001,0.13,0.0632,0.078,0.06520000000000001,0.0644
1.9153833083612661,0.009800000000000001,0.15819999999999995,0.1384,0.11300000000000002,0.09820000000000001,0.11439999999999997,0.079,0.115,0.06620000000000001,0.1036,0.0792,0.10499999999999998,0.1082,0.0756,0.0782,0.1022,0.0668,0.08259999999999999,0.11479999999999999,0.07979999999999998,0.0858,0.077,0.0616
1.9139346792615917,0.023399999999999997,0.17060000000000003,0.165,0.12940000000000002,0.09540000000000001,0.1184,0.07419999999999997,0.1202,0.076,0.1256,0.1026,0.1148,0.1192,0.09240000000000001,0.10479999999999999,0.1166,0.0836,0.09480000000000001,0.1172,0.10299999999999998,0.1036,0.09340000000000001,0.0614
1.9124882397396548,0.0318,0.1636,0.15719999999999998,0.14020000000000002,0.09659999999999999,0.1212,0.06359999999999999,0.1072,0.08159999999999999,0.11559999999999998,0.1154,0.11059999999999999,0.1212,0.10940000000000001,0.10859999999999999,0.12580000000000002,0.0834,0.09240000000000001,0.111,0.11799999999999998,0.1124,0.11320000000000001,0.0518
1.9110439848349412,0.02759999999999999,0.144,0.142,0.1248,0.08279999999999998,0.1,0.0514,0.09159999999999999,0.05719999999999999,0.09479999999999998,0.1024,0.10699999999999998,0.1066,0.11120000000000001,0.093,0.1002,0.0818,0.0882,0.07859999999999998,0.10640000000000001,0.1082,0.10659999999999997,0.034199999999999994
1.9096019096019095,0.04,0.14,0.14439999999999997,0.1406,0.08339999999999997,0.11479999999999999,0.061,0.1028,0.0484,0.10659999999999997,0.11480000000000001,0.10859999999999999,0.1,0.09359999999999997,0.11379999999999998,0.1034,0.09340000000000001,0.0938,0.0706,0.112,0.10640000000000001,0.11159999999999999,0.04440000000000001
1.9081620091099347,0.05140000000000001,0.15680000000000005,0.1452,0.15380000000000002,0.0814,0.12680000000000002,0.06160000000000001,0.113,0.03219999999999999,0.1072,0.1264,0.10940000000000001,0.07579999999999998,0.08799999999999998,0.12079999999999998,0.1012,0.0988,0.098,0.06180000000000002,0.1198,0.1052,0.12019999999999997,0.05500000000000001
1.9067242784432519,0.0362,0.1462,0.13439999999999996,0.141,0.06819999999999998,0.1056,0.0458,0.0882,0.0192,0.0824,0.12340000000000001,0.11200000000000002,0.049,0.07859999999999999,0.1042,0.0814,0.08579999999999999,0.0638,0.0416,0.09839999999999997,0.0832,0.0994,0.0474
1.9052887127009002,0.01359999999999999,0.1432,0.1372,0.12940000000000002,0.0762,0.0896,0.0492,0.071,0.024,0.0712,0.1174,0.1004,0.030399999999999996,0.0728,0.0844,0.05939999999999999,0.05919999999999999,0.0402,0.030399999999999996,0.0704,0.06559999999999999,0.0986,0.03159999999999999
1.9038553069966684,0.014199999999999997,0.15419999999999998,0.1422,0.13340000000000002,0.08659999999999998,0.09100000000000001,0.063,0.07540000000000001,0.0352,0.06699999999999999,0.10999999999999999,0.09720000000000001,0.0506,0.09159999999999999,0.08259999999999999,0.045399999999999996,0.0704,0.03559999999999999,0.028399999999999998,0.07659999999999999,0.06720000000000001,0.09720000000000002,0.026600000000000002
1.9024240564590367,0.041,0.17519999999999997,0.16679999999999995,0.1536,0.1114,0.11100000000000003,0.08,0.1046,0.05740000000000001,0.0896,0.11479999999999999,0.12440000000000002,0.0752,0.1148,0.10020000000000001,0.04959999999999999,0.0988,0.0456,0.05880000000000002,0.10579999999999999,0.09759999999999999,0.10660000000000003,0.056
1.9009949562311244,0.0338,0.16419999999999998,0.1492,0.156,0.1044,0.11320000000000002,0.0788,0.0958,0.0576,0.0762,0.10679999999999998,0.1216,0.05479999999999999,0.1184,0.09540000000000001,0.039,0.093,0.034,0.06719999999999998,0.09399999999999999,0.0912,0.09879999999999999,0.0606
1.8995680014706333,0.030599999999999992,0.1648,0.13219999999999998,0.1484,0.105,0.116,0.07859999999999999,0.101,0.06559999999999999,0.0752,0.0948,0.1108,0.0442,0.11059999999999999,0.0928,0.032799999999999996,0.091,0.030199999999999998,0.064,0.0864,0.0876,0.0974,0.0554
1.8981431873497943,0.031999999999999994,0.172,0.13460000000000003,0.1382,0.09820000000000001,0.11120000000000001,0.0856,0.09559999999999999,0.066,0.0736,0.1012,0.107,0.04700000000000001,0.099,0.07699999999999999,0.0248,0.10600000000000001,0.0292,0.0538,0.08079999999999998,0.07440000000000001,0.08120000000000001,0.0596
1.8967205090553108,0.03359999999999999,0.197,0.1456,0.1518,0.10859999999999997,0.14,0.0978,0.11059999999999999,0.0916,0.09240000000000001,0.11659999999999998,0.11740000000000002,0.0662,0.102,0.0942,0.0544,0.12040000000000001,0.05600000000000001,0.0804,0.0834,0.0876,0.09179999999999999,0.08159999999999999
1.8952999617883073,0.012199999999999992,0.2124,0.14679999999999999,0.1322,0.1178,0.13379999999999997,0.10540000000000001,0.1062,0.11359999999999999,0.08799999999999998,0.10499999999999998,0.12140000000000001,0.0722,0.10699999999999998,0.0792,0.06,0.12440000000000002,0.055200000000000006,0.0832,0.0856,0.1002,0.0864,0.0804
1.8938526155021,0.0074000000000000055,0.193,0.14980000000000002,0.12480000000000002,0.113,0.125,0.10679999999999999,0.09400000000000001,0.1274,0.0724,0.09259999999999999,0.11059999999999999,0.0866,0.10679999999999999,0.06780000000000001,0.064,0.1254,0.0512,0.074,0.088,0.10380000000000002,0.07959999999999999,0.065
1.8924363591966302,0.014599999999999998,0.1958,0.15,0.13260000000000002,0.1178,0.14599999999999996,0.109,0.0988,0.14780000000000001,0.08940000000000001,0.0902,0.10959999999999999,0.096,0.127,0.08480000000000001,0.061399999999999996,0.1336,0.0674,0.079,0.09340000000000001,0.107,0.0852,0.0688
1.8910222195110793,0.013799999999999991,0.198,0.13939999999999997,0.11900000000000001,0.11079999999999998,0.1432,0.1026,0.1014,0.14959999999999998,0.07759999999999999,0.0862,0.11059999999999999,0.09979999999999999,0.134,0.0906,0.0584,0.1276,0.07840000000000001,0.0664,0.094,0.104,0.07599999999999998,0.0706
1.8896101917040016,0.028399999999999998,0.1978,0.14739999999999998,0.1154,0.09699999999999999,0.1422,0.1012,0.09900000000000002,0.14820000000000003,0.08519999999999997,0.09540000000000001,0.1052,0.1008,0.125,0.09300000000000001,0.0686,0.1138,0.08079999999999998,0.06099999999999999,0.09,0.11020000000000002,0.06559999999999999,0.0798
1.8882002710481034,0.005,0.1648,0.13479999999999998,0.094,0.0576,0.10219999999999997,0.06720000000000001,0.06340000000000001,0.12399999999999999,0.0546,0.07079999999999999,0.061399999999999996,0.071,0.09839999999999997,0.062,0.04979999999999998,0.08400000000000002,0.0514,0.019399999999999994,0.0514,0.0722,0.03499999999999999,0.04719999999999999
1.8867924528301885,-0.004400000000000004,0.1674,0.146,0.06559999999999999,0.055399999999999984,0.08139999999999997,0.061799999999999994,0.055200000000000006,0.10659999999999999,0.05659999999999998,0.07399999999999998,0.061799999999999994,0.07440000000000001,0.07779999999999998,0.052,0.04719999999999999,0.08500000000000002,0.049,0.0208,0.045,0.05019999999999999,0.024399999999999995,0.031999999999999994
1.8853867323511075,-0.0068000000000000005,0.1638,0.1606,0.077,0.05779999999999999,0.08679999999999999,0.06179999999999999,0.0508,0.1052,0.056999999999999995,0.07759999999999997,0.07060000000000001,0.09620000000000001,0.07659999999999999,0.0428,0.04679999999999999,0.0798,0.0538,0.0248,0.0328,0.0494,0.026199999999999998,0.0264
1.8840117294923806,-0.009199999999999998,0.173,0.16559999999999997,0.093,0.06919999999999998,0.09040000000000001,0.07060000000000001,0.0598,0.1164,0.05140000000000001,0.0708,0.07940000000000001,0.10579999999999999,0.09380000000000001,0.062000000000000006,0.0432,0.061399999999999996,0.0692,0.041000000000000016,0.02960000000000001,0.05800000000000001,0.04480000000000002,0.030199999999999998
1.8826101478759907,-0.0166,0.15719999999999998,0.17899999999999996,0.098,0.0834,0.0888,0.0758,0.06280000000000002,0.1124,0.0412,0.0644,0.061399999999999996,0.10540000000000001,0.09480000000000001,0.0594,0.0264,0.056600000000000004,0.056799999999999996,0.0428,0.039400000000000004,0.055200000000000006,0.039799999999999995,0.0104
1.8812106500796482,0.0020000000000000044,0.15519999999999998,0.1874,0.11440000000000002,0.07840000000000001,0.0884,0.06880000000000001,0.05940000000000001,0.09979999999999999,0.0416,0.06899999999999999,0.0512,0.09620000000000001,0.09759999999999999,0.066,0.032600000000000004,0.0506,0.061200000000000004,0.055400000000000005,0.0354,0.0434,0.030999999999999996,0.0004000000000000038
1.8798132314595841,0.00460000000000001,0.16599999999999995,0.17379999999999998,0.1046,0.0684,0.08999999999999998,0.0632,0.05920000000000001,0.08799999999999998,0.0534,0.0594,0.05140000000000001,0.0726,0.0932,0.0712,0.0216,0.0492,0.067,0.0718,0.018000000000000002,0.0386,0.0312,-0.0011999999999999956
1.878417887385818,0.0024000000000000002,0.14499999999999996,0.16319999999999998,0.089,0.056600000000000004,0.0788,0.0654,0.056600000000000004,0.0684,0.040600000000000004,0.046,0.029199999999999997,0.05679999999999998,0.0706,0.064,0.0182,0.0298,0.0482,0.0694,0.009999999999999993,0.0386,0.029,-0.0216
1.8770246132421058,0.028800000000000003,0.148,0.18180000000000002,0.12,0.07,0.1052,0.0804,0.07540000000000001,0.07019999999999998,0.0516,0.0572,0.0422,0.0756,0.0762,0.06459999999999999,0.04200000000000001,0.0538,0.0662,0.08259999999999999,0.023400000000000008,0.0544,0.0344,-0.016199999999999992
1.8756334044258898,0.03,0.1636,0.188,0.15139999999999998,0.09240000000000001,0.12279999999999999,0.0852,0.08180000000000001,0.0866,0.0718,0.0694,0.0748,0.0634,0.085,0.0818,0.063,0.0752,0.097,0.0938,0.03960000000000001,0.0626,0.054400000000000004,-0.012599999999999988
1.8742442563482467,0.0288,0.17479999999999998,0.178,0.15339999999999998,0.117,0.1376,0.10279999999999999,0.09340000000000001,0.09599999999999999,0.0866,0.08059999999999999,0.101,0.058,0.09239999999999998,0.0974,0.0706,0.0952,0.1248,0.115,0.055400000000000005,0.06720000000000001,0.07019999999999998,0.014800000000000008
1.8728571644338383,0.0586,0.16720000000000002,0.174,0.175,0.1326,0.15159999999999998,0.11139999999999997,0.09440000000000001,0.1082,0.08899999999999998,0.0874,0.1046,0.063,0.1164,0.1082,0.08299999999999999,0.111,0.13439999999999996,0.1108,0.0716,0.09240000000000001,0.08880000000000002,0.04540000000000001
1.8714721241208607,0.061799999999999994,0.16800000000000004,0.15480000000000002,0.16779999999999998,0.12840000000000001,0.148,0.11779999999999999,0.09079999999999998,0.106,0.0876,0.0854,0.1154,0.0484,0.10839999999999998,0.1072,0.08899999999999998,0.11759999999999998,0.11659999999999998,0.0974,0.07659999999999999,0.0912,0.0782,0.06380000000000002
1.8700891308609948,0.07540000000000001,0.16200000000000003,0.1516,0.1722,0.1286,0.14259999999999998,0.11299999999999999,0.0916,0.1026,0.0978,0.08699999999999998,0.1188,0.041,0.09799999999999999,0.105,0.10259999999999998,0.1274,0.08499999999999999,0.0928,0.0692,0.0842,0.0682,0.06520000000000001
1.8687081801193564,0.074,0.16359999999999997,0.1386,0.161,0.11199999999999999,0.1266,0.10619999999999997,0.0876,0.09480000000000001,0.0846,0.07139999999999998,0.1186,0.025199999999999997,0.08739999999999998,0.099,0.11059999999999999,0.11219999999999997,0.06799999999999999,0.07879999999999998,0.05079999999999999,0.077,0.055,0.072
1.8673292673744448,0.0668,0.16739999999999997,0.1442,0.16119999999999998,0.10599999999999998,0.1262,0.1012,0.0876,0.0974,0.0854,0.073,0.1268,0.0298,0.09240000000000002,0.10679999999999999,0.1012,0.10879999999999997,0.06480000000000001,0.06459999999999999,0.05819999999999999,0.0898,0.0664,0.0698
1.8659523881180968,0.059200000000000016,0.17719999999999997,0.1468,0.1758,0.10959999999999999,0.12159999999999999,0.09559999999999999,0.07859999999999999,0.0996,0.0722,0.08220000000000001,0.14339999999999997,0.036,0.1006,0.1082,0.11099999999999999,0.1032,0.06720000000000001,0.06720000000000001,0.0604,0.09900000000000002,0.07640000000000002,0.06880000000000001
1.8645775378554352,0.0572,0.2044,0.1636,0.1966,0.12159999999999999,0.1154,0.0994,0.0798,0.1072,0.08020000000000001,0.1016,0.157,0.0586,0.11320000000000001,0.10939999999999998,0.1242,0.12399999999999999,0.084,0.08080000000000001,0.0818,0.11059999999999999,0.07479999999999999,0.0952
1.8632327087496807,0.0438,0.193,0.14639999999999997,0.1844,0.10899999999999999,0.0886,0.0756,0.0638,0.09240000000000001,0.07079999999999999,0.08359999999999998,0.13999999999999996,0.038799999999999994,0.1006,0.11040000000000001,0.1014,0.11139999999999997,0.0634,0.07179999999999999,0.0772,0.08979999999999999,0.0606,0.088
1.8618618618618619,0.04200000000000001,0.1798,0.13479999999999998,0.16419999999999998,0.09919999999999997,0.0762,0.067,0.0598,0.07659999999999997,0.0586,0.0684,0.11759999999999998,0.034199999999999994,0.07959999999999998,0.0906,0.0902,0.09699999999999999,0.035199999999999995,0.0696,0.0632,0.07579999999999999,0.045,0.0726
1.860493030653123,0.05500000000000001,0.1772,0.1392,0.14439999999999997,0.09779999999999997,0.07440000000000001,0.06520000000000001,0.060200000000000004,0.06999999999999998,0.0686,0.06319999999999999,0.1028,0.0506,0.0782,0.08059999999999999,0.1004,0.0928,0.020800000000000006,0.0668,0.0582,0.07959999999999999,0.031199999999999995,0.0634
1.8591262106809798,0.046000000000000006,0.1834,0.14939999999999998,0.1436,0.10199999999999998,0.0824,0.07880000000000001,0.0714,0.07759999999999999,0.072,0.06659999999999999,0.1012,0.0596,0.08120000000000001,0.08259999999999999,0.0938,0.0864,0.030200000000000008,0.07,0.062200000000000005,0.07980000000000001,0.022000000000000002,0.052
1.8577613975159932,0.053,0.17339999999999997,0.15719999999999998,0.14880000000000002,0.1062,0.09259999999999999,0.07799999999999999,0.0814,0.0788,0.06319999999999999,0.0592,0.0844,0.0628,0.085,0.0772,0.0922,0.08480000000000001,0.0424,0.0724,0.0594,0.0652,0.0248,0.046799999999999994
1.856398586741721,0.04,0.1644,0.14820000000000003,0.12599999999999997,0.08159999999999999,0.0864,0.0652,0.07540000000000001,0.08259999999999999,0.05119999999999999,0.0456,0.0664,0.0562,0.0888,0.061,0.06779999999999999,0.06919999999999998,0.040799999999999996,0.06520000000000001,0.052599999999999994,0.0486,0.010199999999999996,0.031199999999999988
1.855037773954671,0.0526,0.16779999999999998,0.1466,0.12279999999999996,0.0856,0.08579999999999999,0.07259999999999998,0.07,0.09700000000000002,0.055399999999999984,0.06459999999999999,0.0702,0.0608,0.101,0.056,0.059799999999999985,0.08120000000000001,0.054,0.08059999999999999,0.074,0.0514,0.027399999999999997,0.039400000000000004
1.8536789547642538,0.048,0.1348,0.131,0.1024,0.0836,0.07579999999999998,0.08439999999999998,0.066,0.0896,0.0494,0.068,0.0554,0.0554,0.08479999999999999,0.0258,0.03919999999999999,0.06479999999999998,0.0474,0.0792,0.06620000000000001,0.0316,0.0188,0.046799999999999994
1.8523497953452244,0.0456,0.122,0.1412,0.0996,0.0828,0.0694,0.09259999999999999,0.08020000000000001,0.09759999999999999,0.051,0.0732,0.0412,0.08079999999999998,0.08479999999999999,0.007600000000000002,0.0376,0.0484,0.030800000000000004,0.06119999999999999,0.06780000000000001,0.005599999999999998,0.009800000000000005,0.06459999999999999
1.8509949097639982,0.0508,0.11159999999999999,0.1388,0.08120000000000001,0.07640000000000001,0.058,0.0732,0.07179999999999999,0.09720000000000001,0.037200000000000004,0.061200000000000004,0.0308,0.06720000000000001,0.0694,-0.007,0.019999999999999997,0.024999999999999994,0.016,0.04419999999999999,0.05379999999999999,-0.019399999999999997,0.013200000000000003,0.061200000000000004
1.8496420047732698,0.0628,0.1384,0.1426,0.0898,0.1022,0.08199999999999999,0.09540000000000001,0.087,0.1222,0.062200000000000005,0.0898,0.054799999999999995,0.0752,0.0842,-0.0067999999999999935,0.04,0.0428,0.029800000000000014,0.04479999999999999,0.07740000000000001,0.004200000000000007,0.0362,0.078
1.8482910760333289,0.0632,0.14980000000000002,0.1514,0.0984,0.11120000000000001,0.08699999999999998,0.1144,0.1,0.1316,0.0724,0.10779999999999999,0.064,0.09820000000000001,0.1092,0.005000000000000009,0.0506,0.0514,0.046799999999999994,0.0482,0.07859999999999999,0.017200000000000007,0.040600000000000004,0.0974
1.846942119217135,0.061,0.159,0.1598,0.1374,0.11359999999999999,0.0984,0.1286,0.101,0.14279999999999998,0.0702,0.1242,0.0768,0.1042,0.12040000000000001,0.013600000000000003,0.0538,0.0538,0.048799999999999996,0.05040000000000001,0.08199999999999999,0.03160000000000001,0.0504,0.1038
1.8455951300102698,0.05560000000000001,0.1548,0.15139999999999998,0.13439999999999996,0.1066,0.08900000000000001,0.1222,0.1052,0.135,0.066,0.121,0.06199999999999999,0.0984,0.11220000000000001,0.016000000000000007,0.057,0.0402,0.038799999999999994,0.0572,0.07060000000000001,0.023800000000000005,0.053000000000000005,0.09659999999999999
1.8442775340224584,0.067,0.17120000000000002,0.1576,0.1356,0.1142,0.082,0.14859999999999998,0.1056,0.1348,0.0852,0.139,0.06119999999999999,0.10859999999999999,0.136,0.038000000000000006,0.0546,0.030199999999999998,0.0502,0.07479999999999999,0.08320000000000002,0.04820000000000001,0.0654,0.0886
1.84293442720409,0.0576,0.17339999999999997,0.16539999999999996,0.14839999999999998,0.1304,0.08580000000000002,0.1556,0.107,0.121,0.09140000000000001,0.15,0.0546,0.1044,0.13920000000000002,0.048,0.0594,0.0308,0.0638,0.0852,0.0992,0.0572,0.0856,0.08859999999999998
1.8415932752142337,0.0526,0.1804,0.16519999999999999,0.169,0.14039999999999997,0.09380000000000001,0.1446,0.12279999999999998,0.1066,0.10540000000000001,0.1554,0.0516,0.11040000000000001,0.14239999999999997,0.0586,0.07079999999999999,0.0264,0.066,0.074,0.0968,0.0436,0.0852,0.07439999999999998
1.840254073788252,0.05879999999999999,0.2046,0.1748,0.19340000000000002,0.14359999999999998,0.09720000000000002,0.13260000000000002,0.13379999999999997,0.1044,0.11059999999999998,0.1628,0.0624,0.11899999999999998,0.1566,0.0868,0.1002,0.03379999999999999,0.06819999999999998,0.0644,0.08959999999999999,0.039200000000000006,0.08599999999999998,0.0732
1.8389168186739038,0.0566,0.21159999999999998,0.17160000000000003,0.18819999999999998,0.15059999999999998,0.098,0.13800000000000004,0.1334,0.0916,0.12019999999999997,0.175,0.06459999999999999,0.0998,0.1554,0.104,0.11079999999999998,0.048,0.062200000000000005,0.0704,0.1026,0.06520000000000002,0.09259999999999999,0.0654
1.8376087375331585,0.05939999999999999,0.22519999999999998,0.17720000000000002,0.2078,0.169,0.1274,0.1738,0.15199999999999997,0.0988,0.12699999999999997,0.1936,0.07959999999999999,0.1332,0.178,0.12840000000000001,0.12699999999999997,0.0684,0.0874,0.0884,0.1206,0.09300000000000003,0.10080000000000001,0.07479999999999999
1.8362753228290487,0.04319999999999999,0.2062,0.16879999999999998,0.192,0.1426,0.11259999999999999,0.1566,0.12359999999999997,0.0792,0.09559999999999998,0.166,0.053200000000000004,0.13140000000000002,0.16319999999999996,0.12819999999999998,0.1162,0.057,0.08059999999999999,0.092,0.1092,0.082,0.086,0.046599999999999996
1.8349438418396793,0.04319999999999999,0.206,0.1546,0.1854,0.12099999999999998,0.0984,0.1398,0.10239999999999998,0.0632,0.0832,0.14059999999999997,0.03359999999999999,0.1154,0.15479999999999997,0.1154,0.0986,0.048,0.06520000000000001,0.0828,0.1114,0.0728,0.08159999999999999,0.01859999999999999
1.8336142903616952,0.04,0.2078,0.15,0.17880000000000001,0.1162,0.1002,0.1386,0.10959999999999999,0.0684,0.09299999999999999,0.13099999999999998,0.023800000000000005,0.10559999999999999,0.15539999999999998,0.1184,0.10859999999999999,0.061200000000000004,0.066,0.09420000000000002,0.1178,0.067,0.09320000000000002,0.014800000000000002
1.8322866642039157,0.039200000000000006,0.2122,0.15619999999999998,0.1906,0.11059999999999999,0.10940000000000001,0.14439999999999997,0.09820000000000001,0.06580000000000001,0.11679999999999999,0.1262,0.0364,0.10940000000000001,0.16219999999999998,0.1226,0.1134,0.07579999999999999,0.07760000000000002,0.1028,0.13119999999999998,0.07,0.09459999999999999,0.0126
1.8309879952158055,0.021199999999999997,0.20919999999999997,0.15519999999999998,0.187,0.108,0.1114,0.1216,0.1022,0.07940000000000001,0.10640000000000001,0.1202,0.0394,0.1108,0.1452,0.1098,0.11780000000000002,0.084,0.077,0.1026,0.11899999999999998,0.0662,0.09160000000000003,0.014599999999999998
1.8296641680930177,0.021199999999999997,0.21059999999999995,0.1508,0.1812,0.10579999999999999,0.10860000000000002,0.12179999999999999,0.10119999999999997,0.09600000000000002,0.0958,0.11159999999999999,0.0498,0.114,0.12840000000000001,0.0994,0.12179999999999998,0.09240000000000001,0.0818,0.097,0.11239999999999997,0.0652,0.0846,0.0232
1.8283422538741687,0.029,0.2062,0.157,0.1722,0.12120000000000002,0.11120000000000002,0.13340000000000002,0.10499999999999998,0.10840000000000001,0.1046,0.11340000000000001,0.07280000000000002,0.1282,0.12979999999999997,0.1156,0.1354,0.11379999999999998,0.092,0.11800000000000001,0.1268,0.0918,0.08299999999999999,0.0396
1.8270222484160894,0.033800000000000004,0.20259999999999997,0.1446,0.1616,0.13319999999999999,0.1102,0.13179999999999997,0.09659999999999999,0.09699999999999999,0.1046,0.09159999999999999,0.07119999999999999,0.1298,0.11479999999999999,0.11280000000000001,0.13019999999999998,0.11159999999999998,0.099,0.13019999999999998,0.1334,0.107,0.0726,0.0304
1.8257310285933037,0.0334,0.18759999999999996,0.136,0.16279999999999997,0.117,0.09879999999999999,0.10959999999999999,0.0996,0.0874,0.0986,0.0788,0.066,0.129,0.08759999999999998,0.0986,0.12580000000000002,0.1196,0.108,0.13079999999999997,0.11320000000000001,0.0952,0.0496,0.015999999999999997
1.8244147895302134,0.026,0.188,0.131,0.1522,0.11379999999999998,0.06459999999999999,0.09700000000000002,0.103,0.08920000000000002,0.1032,0.059,0.0608,0.11120000000000001,0.076,0.081,0.12239999999999998,0.122,0.096,0.1292,0.1046,0.0824,0.040600000000000004,-0.0013999999999999959
1.823100446953658,0.0426,0.2082,0.14859999999999998,0.16739999999999997,0.1418,0.0846,0.11780000000000002,0.1374,0.12100000000000002,0.13399999999999998,0.0884,0.07959999999999999,0.1194,0.0902,0.09020000000000002,0.1388,0.14079999999999998,0.097,0.1526,0.1162,0.088,0.0626,0.0242
1.8218147625763987,0.03559999999999999,0.2,0.1576,0.16019999999999998,0.17220000000000002,0.10679999999999998,0.12140000000000001,0.1502,0.1516,0.1392,0.1078,0.09,0.1254,0.0994,0.09700000000000002,0.1572,0.15480000000000002,0.11220000000000002,0.17840000000000003,0.1252,0.0858,0.0746,0.042
1.8205041622010483,0.0364,0.19140000000000001,0.15539999999999998,0.15560000000000002,0.1768,0.09860000000000002,0.10959999999999999,0.14759999999999995,0.16820000000000002,0.1352,0.0964,0.09759999999999999,0.1292,0.09759999999999999,0.093,0.13979999999999998,0.15139999999999998,0.12359999999999999,0.1702,0.1134,0.08079999999999998,0.0668,0.0482
1.8191954461430122,0.038200000000000005,0.19,0.1426,0.1534,0.1748,0.1018,0.09440000000000001,0.15280000000000002,0.1812,0.115,0.10099999999999999,0.09720000000000001,0.1182,0.0844,0.0824,0.13579999999999998,0.1466,0.11359999999999999,0.14859999999999998,0.09040000000000001,0.06679999999999998,0.0578,0.062
1.8178886103414404,0.0512,0.19240000000000002,0.1538,0.1584,0.183,0.1006,0.09399999999999999,0.1552,0.1886,0.1242,0.10499999999999998,0.10620000000000002,0.12100000000000001,0.0922,0.0862,0.13159999999999997,0.1538,0.1044,0.1412,0.1008,0.06420000000000001,0.059,0.0752
1.8166102638479906,0.063,0.202,0.162,0.1538,0.2064,0.107,0.1072,0.17160000000000003,0.188,0.1492,0.1152,0.11740000000000002,0.14679999999999999,0.10539999999999998,0.1022,0.1414,0.163,0.10940000000000001,0.1484,0.1184,0.0724,0.056600000000000004,0.0868
1.8153071382561339,0.04319999999999999,0.2,0.15139999999999998,0.13839999999999997,0.17399999999999996,0.0978,0.096,0.15680000000000002,0.17279999999999998,0.13479999999999998,0.09620000000000001,0.1002,0.129,0.0992,0.0864,0.12459999999999997,0.13479999999999998,0.0874,0.1206,0.0958,0.053,0.0446,0.0778
1.814005880890033,0.030599999999999992,0.2082,0.1756,0.138,0.1656,0.104,0.08799999999999998,0.16799999999999998,0.19519999999999998,0.1416,0.10579999999999998,0.10640000000000001,0.1286,0.10939999999999998,0.0916,0.1366,0.139,0.09259999999999999,0.12040000000000001,0.10740000000000001,0.0528,0.0666,0.0874
1.8127329873547255,0.0434,0.2184,0.18580000000000002,0.1368,0.18,0.12440000000000001,0.09540000000000001,0.16040000000000001,0.214,0.1466,0.102,0.1212,0.1298,0.13499999999999998,0.10740000000000001,0.139,0.13219999999999998,0.1042,0.1288,0.12339999999999998,0.063,0.0872,0.1014
1.8114354164840625,0.0658,0.211,0.19240000000000002,0.1476,0.18880000000000002,0.1538,0.0922,0.15159999999999998,0.218,0.15619999999999998,0.12599999999999997,0.1332,0.1228,0.1508,0.1284,0.15659999999999996,0.1288,0.121,0.1356,0.13099999999999998,0.0752,0.1102,0.1166
1.8101397019108654,0.056,0.186,0.18619999999999998,0.121,0.17539999999999997,0.13419999999999999,0.0698,0.12359999999999999,0.19540000000000002,0.13259999999999997,0.1152,0.12220000000000002,0.099,0.14179999999999998,0.11059999999999999,0.14,0.0992,0.11219999999999998,0.10540000000000001,0.1102,0.0658,0.09659999999999999,0.0988
1.8088722265174833,0.0432,0.15919999999999998,0.1804,0.1148,0.14299999999999996,0.1144,0.05819999999999999,0.1038,0.16419999999999998,0.11679999999999999,0.1036,0.11579999999999999,0.08960000000000003,0.13060000000000002,0.1098,0.11320000000000001,0.06399999999999999,0.0858,0.0722,0.09540000000000001,0.054,0.09040000000000001,0.08599999999999998
1.8075801749271136,0.0324,0.15099999999999997,0.17880000000000001,0.1012,0.1242,0.11239999999999997,0.05179999999999999,0.09259999999999999,0.1328,0.10499999999999998,0.10899999999999999,0.1174,0.08,0.12499999999999999,0.1166,0.11159999999999999,0.0358,0.0564,0.0668,0.09359999999999999,0.0404,0.087,0.05719999999999999
1.8062899678072513,0.015199999999999988,0.1456,0.1824,0.084,0.10699999999999998,0.09219999999999998,0.046799999999999994,0.0756,0.0878,0.08259999999999998,0.1052,0.10159999999999998,0.0736,0.1146,0.1046,0.105,0.018199999999999987,0.0424,0.06219999999999999,0.09659999999999999,0.02719999999999999,0.0768,0.0378
1.8050278760353435,0.017400000000000013,0.1448,0.1742,0.08240000000000001,0.09079999999999999,0.0778,0.048600000000000004,0.0634,0.05240000000000001,0.06319999999999999,0.1108,0.0902,0.06039999999999998,0.1014,0.1046,0.10599999999999998,0.005799999999999999,0.047800000000000016,0.06999999999999998,0.09499999999999999,0.02760000000000001,0.0596,0.0404
1.8037413085852267,0.03260000000000001,0.141,0.18259999999999998,0.09140000000000001,0.0842,0.0844,0.0438,0.0702,0.04580000000000002,0.0624,0.1262,0.08099999999999999,0.0424,0.09800000000000002,0.1042,0.1052,0.011400000000000006,0.06080000000000002,0.0724,0.102,0.03860000000000001,0.07379999999999999,0.0512
1.8024565738789156,0.055799999999999995,0.1458,0.1936,0.1022,0.11,0.10479999999999999,0.0572,0.0852,0.056600000000000004,0.0778,0.14859999999999998,0.0916,0.0578,0.11180000000000001,0.11280000000000001,0.10940000000000001,0.0318,0.09380000000000001,0.08699999999999998,0.11879999999999999,0.046799999999999994,0.10540000000000001,0.0704
1.801199831500661,0.0638,0.13419999999999999,0.182,0.1098,0.1078,0.109,0.0808,0.072,0.054800000000000015,0.07440000000000001,0.15580000000000002,0.0852,0.0642,0.1166,0.10479999999999999,0.08579999999999999,0.031199999999999995,0.0916,0.0878,0.1102,0.0458,0.0988,0.0714
1.7999187133484296,0.0492,0.12919999999999998,0.1784,0.1032,0.0992,0.10379999999999999,0.09340000000000001,0.07440000000000001,0.05840000000000001,0.0642,0.16419999999999998,0.07300000000000001,0.062,0.10740000000000001,0.09759999999999999,0.08200000000000002,0.0346,0.09540000000000003,0.07840000000000001,0.09800000000000002,0.035800000000000005,0.097,0.06659999999999999
1.7986655062373078,0.03500000000000001,0.1264,0.17859999999999998,0.0916,0.0832,0.11359999999999999,0.1022,0.08120000000000001,0.06780000000000001,0.0616,0.14939999999999998,0.0704,0.06420000000000001,0.09820000000000001,0.0856,0.0724,0.0376,0.0782,0.0726,0.09179999999999999,0.013000000000000003,0.09040000000000001,0.07
1.797387989389613,0.04800000000000001,0.1416,0.191,0.122,0.0862,0.1226,0.12140000000000001,0.09459999999999999,0.08880000000000002,0.0736,0.14279999999999998,0.06819999999999998,0.0792,0.09599999999999999,0.1002,0.0896,0.046799999999999994,0.07739999999999998,0.082,0.09759999999999999,0.014600000000000002,0.0902,0.0814
1.7961122859874272,0.07,0.17039999999999997,0.1978,0.1326,0.1046,0.12699999999999997,0.14620000000000002,0.11980000000000002,0.1036,0.09280000000000001,0.15259999999999999,0.081,0.086,0.09359999999999999,0.1014,0.118,0.0734,0.097,0.09959999999999998,0.1072,0.03620000000000001,0.099,0.092
1.7948643719422168,0.08280000000000001,0.1992,0.22080000000000002,0.1584,0.1286,0.14880000000000002,0.1768,0.14959999999999998,0.1276,0.113,0.1692,0.09720000000000002,0.10480000000000002,0.1148,0.1076,0.1352,0.11480000000000001,0.13500000000000004,0.11379999999999998,0.13299999999999998,0.05280000000000002,0.1192,0.1318
1.7935922470528676,0.0996,0.22019999999999998,0.2332,0.1646,0.1488,0.1632,0.1834,0.17439999999999997,0.15919999999999998,0.13060000000000002,0.16340000000000002,0.1072,0.109,0.13699999999999998,0.12919999999999998,0.1382,0.15120000000000003,0.1466,0.123,0.13099999999999998,0.067,0.15299999999999997,0.1362
1.79234783111458,0.09800000000000002,0.2366,0.24139999999999992,0.13019999999999998,0.15439999999999998,0.17520000000000002,0.16539999999999996,0.181,0.149,0.10759999999999997,0.1202,0.08940000000000001,0.07059999999999998,0.15199999999999997,0.15159999999999998,0.1444,0.1658,0.1362,0.1134,0.10499999999999998,0.05079999999999999,0.1722,0.09579999999999998
1.7910792697018718,0.0752,0.227,0.2324,0.1212,0.1362,0.18020000000000005,0.15259999999999999,0.1604,0.1472,0.0884,0.095,0.08459999999999998,0.0658,0.14959999999999996,0.1294,0.13779999999999998,0.14839999999999998,0.1194,0.1022,0.0674,0.0348,0.1442,0.0732
1.7898125027063698,0.0714,0.217,0.226,0.1268,0.11279999999999998,0.16279999999999997,0.1474,0.1514,0.1386,0.0716,0.07940000000000001,0.07740000000000001,0.05159999999999999,0.13879999999999998,0.1146,0.14499999999999996,0.13059999999999997,0.1092,0.09959999999999998,0.0536,0.0362,0.1184,0.0628
1.788573324294307,0.08,0.221,0.221,0.1408,0.11099999999999999,0.16319999999999998,0.13579999999999995,0.1512,0.13839999999999997,0.074,0.069,0.07299999999999998,0.05679999999999999,0.1348,0.1032,0.15259999999999996,0.13639999999999997,0.1066,0.10899999999999999,0.049,0.038,0.10840000000000001,0.068
1.7873100983020556,0.0836,0.22,0.21380000000000002,0.148,0.1154,0.1648,0.11839999999999998,0.14479999999999998,0.1262,0.0726,0.0448,0.07499999999999998,0.055,0.13319999999999999,0.09299999999999999,0.1348,0.13319999999999999,0.0834,0.1076,0.05560000000000001,0.045200000000000004,0.09820000000000001,0.0718
1.786074381355688,0.0878,0.228,0.215,0.1524,0.1296,0.163,0.11259999999999999,0.1482,0.1066,0.0734,0.055600000000000004,0.07440000000000001,0.052399999999999995,0.1476,0.09820000000000001,0.12919999999999998,0.142,0.07959999999999999,0.10840000000000001,0.06780000000000001,0.07199999999999998,0.09380000000000001,0.07060000000000001
1.7848146815401222,0.07999999999999999,0.2226,0.1978,0.1438,0.13539999999999996,0.1704,0.1098,0.142,0.087,0.0674,0.06,0.0762,0.057,0.1536,0.10579999999999999,0.11040000000000001,0.14539999999999997,0.0872,0.11220000000000001,0.06980000000000001,0.0762,0.09340000000000001,0.063
1.7835824115760253,0.0684,0.21759999999999996,0.1958,0.1318,0.1372,0.16479999999999997,0.0846,0.11519999999999997,0.0844,0.0538,0.0424,0.0708,0.059,0.151,0.1002,0.0928,0.13079999999999997,0.0714,0.1044,0.0638,0.0714,0.081,0.055600000000000004
1.7823262231932386,0.0664,0.2016,0.18519999999999998,0.1176,0.1264,0.1406,0.0616,0.0886,0.07800000000000001,0.0438,0.0286,0.05560000000000001,0.05,0.12479999999999998,0.07859999999999999,0.07679999999999998,0.09240000000000001,0.0536,0.0942,0.0512,0.0728,0.0584,0.03599999999999999
1.7810973858086756,0.0648,0.18919999999999995,0.16819999999999996,0.1178,0.11720000000000001,0.133,0.0724,0.0752,0.089,0.0422,0.042,0.053,0.0628,0.11320000000000001,0.06799999999999999,0.0824,0.0696,0.055,0.09759999999999999,0.05240000000000001,0.0762,0.039,0.0366
1.7798446941968449,0.061399999999999996,0.17279999999999998,0.16159999999999997,0.15120000000000003,0.113,0.1446,0.09179999999999999,0.08,0.12,0.0746,0.07740000000000001,0.07740000000000001,0.1172,0.1134,0.0428,0.085,0.0504,0.0668,0.09820000000000001,0.0746,0.0942,0.0272,0.05479999999999998
1.7786192750692085,0.0624,0.168,0.1456,0.162,0.11820000000000001,0.13060000000000002,0.103,0.0728,0.1138,0.07379999999999998,0.07579999999999999,0.08679999999999999,0.12259999999999999,0.10739999999999998,0.057,0.0842,0.03199999999999998,0.0516,0.091,0.08940000000000001,0.1056,0.028199999999999996,0.04479999999999998
1.7773700656480236,0.058799999999999984,0.17479999999999998,0.1376,0.15419999999999998,0.126,0.13260000000000002,0.1042,0.0598,0.1308,0.0714,0.07179999999999999,0.0868,0.129,0.1076,0.061799999999999994,0.0656,0.0386,0.048,0.09680000000000001,0.0986,0.10759999999999997,0.0342,0.02619999999999998
1.7761226097543508,0.063,0.183,0.137,0.1326,0.14220000000000005,0.12500000000000003,0.1028,0.053200000000000004,0.13140000000000002,0.058,0.07659999999999999,0.0974,0.10299999999999998,0.1164,0.07379999999999999,0.0628,0.03599999999999998,0.0504,0.09920000000000001,0.109,0.10699999999999998,0.05360000000000001,0.014799999999999994
1.7749023088043743,0.05059999999999999,0.17959999999999995,0.13539999999999996,0.11699999999999998,0.1402,0.11359999999999999,0.09540000000000001,0.048199999999999986,0.128,0.0482,0.07279999999999999,0.10319999999999997,0.09340000000000001,0.115,0.07479999999999999,0.0592,0.0318,0.056799999999999996,0.0994,0.1024,0.0948,0.0616,0.010200000000000002
1.7736583133081587,0.01859999999999999,0.1584,0.11699999999999998,0.09359999999999999,0.1038,0.07479999999999998,0.07440000000000001,0.019399999999999994,0.1082,0.01719999999999999,0.039799999999999995,0.0752,0.07479999999999998,0.0726,0.04879999999999999,0.04319999999999999,-0.02240000000000002,0.0394,0.07779999999999998,0.07599999999999998,0.0644,0.033999999999999996,-0.009200000000000002
1.7724413950829045,0.03280000000000001,0.1632,0.1216,0.092,0.1066,0.06420000000000001,0.07579999999999999,0.030199999999999998,0.12300000000000001,0.026000000000000016,0.0412,0.08020000000000001,0.0702,0.062,0.04760000000000001,0.061799999999999994,-0.021199999999999997,0.0432,0.06659999999999999,0.08220000000000001,0.0644,0.0354,0.0072000000000000085
1.771200845605565,0.0466,0.16040000000000001,0.12240000000000001,0.1012,0.099,0.07479999999999999,0.0886,0.048,0.1142,0.03620000000000002,0.054200000000000005,0.0692,0.07600000000000001,0.0496,0.0506,0.059,-0.007199999999999997,0.045200000000000004,0.0556,0.0864,0.047799999999999995,0.03,0.015000000000000003
1.7699872960589234,0.043,0.15919999999999998,0.11040000000000001,0.10480000000000002,0.09140000000000001,0.09440000000000001,0.09440000000000001,0.0598,0.1026,0.038,0.060200000000000004,0.06340000000000001,0.072,0.053000000000000005,0.0632,0.05299999999999999,0.0184,0.0444,0.043,0.0818,0.047800000000000016,0.027800000000000002,0.017000000000000005
1.7687754083160974,0.027999999999999994,0.15039999999999998,0.10639999999999998,0.0996,0.08299999999999999,0.0854,0.08220000000000001,0.051,0.07899999999999999,0.02019999999999999,0.046,0.0508,0.051,0.0536,0.046799999999999994,0.038,0.017399999999999995,0.032999999999999995,0.03,0.0724,0.0434,0.01639999999999999,0.006199999999999992
1.7675399834649486,0.023399999999999997,0.14179999999999995,0.0948,0.0818,0.0626,0.06459999999999999,0.0686,0.030199999999999994,0.05579999999999999,0.015199999999999997,0.0376,0.029,0.0272,0.0456,0.0412,0.020399999999999998,0.018999999999999993,0.023600000000000003,0.019199999999999995,0.07019999999999998,0.02559999999999999,0.011199999999999995,0.013
1.7663314435486168,0.028800000000000003,0.15979999999999997,0.10939999999999998,0.0746,0.05379999999999999,0.06559999999999999,0.06559999999999999,0.03359999999999999,0.0514,0.02259999999999999,0.0476,0.023399999999999997,0.014399999999999998,0.0516,0.0344,0.025,0.0366,0.0318,0.015600000000000003,0.0648,0.015,0.021800000000000007,0.0216
1.76509942918962,0.021799999999999993,0.1676,0.13199999999999998,0.083,0.0502,0.0694,0.07160000000000001,0.039,0.03159999999999999,0.01599999999999999,0.0724,0.025000000000000005,0.017400000000000002,0.0464,0.04580000000000002,0.0288,0.02959999999999999,0.036000000000000004,0.010200000000000008,0.062200000000000005,0.0208,0.010599999999999997,0.030600000000000002
1.7638942232464188,0.013799999999999996,0.175,0.13179999999999997,0.0862,0.03480000000000001,0.072,0.0908,0.048799999999999996,0.030999999999999993,0.020399999999999998,0.0686,0.03040000000000001,0.044400000000000016,0.0436,0.051,0.0394,0.0292,0.026600000000000002,0.005600000000000005,0.061399999999999996,0.02440000000000001,-0.006599999999999998,0.039400000000000004
1.7626656052766247,0.0364,0.1886,0.14159999999999998,0.09579999999999998,0.03420000000000001,0.0768,0.1034,0.059,0.027199999999999995,0.035199999999999995,0.0844,0.03660000000000001,0.0712,0.0518,0.0526,0.05,0.02759999999999999,0.0246,0.010200000000000004,0.0628,0.0304,-0.018600000000000002,0.025999999999999992
1.7614637195295186,0.0644,0.2036,0.16199999999999998,0.116,0.0508,0.1014,0.12660000000000002,0.0732,0.044,0.049,0.1018,0.0526,0.0848,0.0688,0.0596,0.055200000000000006,0.076,0.04360000000000001,0.0208,0.07640000000000001,0.0442,-0.006399999999999998,0.030199999999999998
1.7602384839236282,0.041,0.1916,0.16340000000000002,0.12120000000000002,0.0346,0.1022,0.13360000000000002,0.0684,0.044,0.045399999999999996,0.0942,0.05040000000000001,0.0798,0.0734,0.0502,0.0432,0.09259999999999999,0.04560000000000001,0.032,0.0654,0.0506,-0.009399999999999993,0.025000000000000005
1.759039904671386,0.0374,0.2038,0.17520000000000002,0.13520000000000001,0.04220000000000001,0.10460000000000003,0.15220000000000003,0.071,0.0678,0.05740000000000001,0.1076,0.0632,0.07379999999999999,0.1004,0.0528,0.062200000000000005,0.11059999999999999,0.08200000000000003,0.05280000000000002,0.0714,0.08020000000000001,0.006600000000000006,0.0332
1.757818037481217,0.039200000000000006,0.22159999999999996,0.1972,0.1386,0.05240000000000001,0.10420000000000001,0.1648,0.0828,0.08500000000000002,0.07940000000000001,0.1184,0.0674,0.08940000000000001,0.111,0.05500000000000001,0.0864,0.1188,0.10720000000000002,0.06820000000000001,0.09,0.0878,0.024800000000000003,0.05320000000000001
1.7566227510978893,0.0562,0.2484,0.22119999999999998,0.14679999999999999,0.0792,0.11359999999999999,0.16779999999999998,0.1024,0.10940000000000001,0.12,0.136,0.0876,0.11320000000000001,0.11399999999999999,0.08159999999999999,0.09679999999999998,0.136,0.1158,0.0814,0.11120000000000001,0.1,0.0502,0.083
1.7554290891588098,0.0512,0.246,0.2268,0.15199999999999997,0.09979999999999999,0.1102,0.16779999999999998,0.11399999999999999,0.11599999999999999,0.11999999999999998,0.12919999999999998,0.1022,0.11259999999999999,0.1066,0.0888,0.1022,0.134,0.11079999999999998,0.0986,0.10919999999999998,0.10399999999999998,0.047,0.09079999999999999
1.754212231386252,0.035399999999999994,0.231,0.218,0.15259999999999999,0.0886,0.09919999999999997,0.15680000000000002,0.1174,0.10899999999999999,0.11220000000000001,0.10740000000000001,0.09179999999999998,0.107,0.09499999999999999,0.0958,0.0922,0.11419999999999997,0.1082,0.09899999999999999,0.09999999999999999,0.1042,0.028999999999999995,0.091
1.7530218420866615,0.0364,0.20959999999999998,0.2036,0.15719999999999998,0.08759999999999998,0.09140000000000001,0.1514,0.12799999999999997,0.11359999999999999,0.12019999999999997,0.084,0.07799999999999999,0.09720000000000001,0.09659999999999999,0.08259999999999999,0.0878,0.12379999999999998,0.09540000000000001,0.096,0.10199999999999998,0.09459999999999999,0.04179999999999999,0.0882
1.7518083182640143,0.027999999999999994,0.17699999999999996,0.207,0.14099999999999996,0.076,0.0938,0.13319999999999999,0.12379999999999998,0.1022,0.12239999999999998,0.0792,0.0562,0.06999999999999998,0.0814,0.0792,0.07659999999999999,0.124,0.1138,0.0844,0.103,0.0952,0.046200000000000005,0.0698
1.7506211881635418,0.0296,0.1716,0.227,0.15159999999999998,0.09820000000000001,0.1108,0.1402,0.12459999999999999,0.1114,0.12299999999999998,0.093,0.05460000000000002,0.0736,0.08879999999999998,0.10220000000000001,0.08700000000000001,0.12919999999999998,0.1386,0.1058,0.1118,0.1144,0.06819999999999997,0.09220000000000002
1.7494356659142214,0.029800000000000004,0.17779999999999999,0.2316,0.1534,0.11359999999999999,0.1172,0.1362,0.14759999999999998,0.1164,0.14499999999999996,0.11159999999999999,0.06520000000000001,0.0868,0.105,0.1278,0.11060000000000002,0.13179999999999997,0.15259999999999999,0.122,0.117,0.12340000000000001,0.08159999999999999,0.1142
1.7482271003397765,0.0292,0.18480000000000002,0.23379999999999995,0.1442,0.1162,0.1208,0.1356,0.1446,0.08979999999999998,0.1492,0.10999999999999999,0.061,0.08499999999999999,0.106,0.1362,0.111,0.10840000000000001,0.15280000000000002,0.1034,0.1286,0.11139999999999997,0.0756,0.10899999999999999
1.7470448173351931,0.02360000000000001,0.1662,0.22719999999999996,0.1362,0.10880000000000001,0.11580000000000001,0.12780000000000002,0.134,0.06499999999999999,0.12099999999999995,0.08259999999999999,0.0544,0.0824,0.09720000000000001,0.13319999999999999,0.0978,0.08940000000000001,0.1226,0.09040000000000001,0.12,0.0922,0.06899999999999999,0.1024
1.7458641323477648,0.019399999999999997,0.1464,0.20479999999999995,0.136,0.09720000000000001,0.1004,0.10859999999999999,0.1156,0.0422,0.0828,0.0544,0.0616,0.060200000000000004,0.07540000000000001,0.12440000000000001,0.07379999999999998,0.0636,0.08120000000000001,0.0876,0.1024,0.07079999999999999,0.05740000000000001,0.07539999999999998
1.7446604946956692,0.0154,0.12340000000000001,0.1992,0.14980000000000002,0.0932,0.1182,0.12440000000000001,0.11900000000000001,0.033,0.0798,0.0598,0.0746,0.06960000000000001,0.079,0.1174,0.0762,0.055400000000000005,0.0876,0.089,0.0984,0.0762,0.05240000000000001,0.0638
1.7434830291611596,0.019600000000000003,0.1362,0.1972,0.1606,0.09459999999999999,0.133,0.13740000000000002,0.1172,0.0376,0.0862,0.08020000000000001,0.09079999999999999,0.0848,0.0798,0.1186,0.07859999999999999,0.0598,0.0882,0.0896,0.10840000000000001,0.0842,0.074,0.059
1.7422826713127537,0.032600000000000004,0.1334,0.197,0.15800000000000003,0.10979999999999998,0.14179999999999998,0.1376,0.1148,0.056,0.0836,0.0866,0.105,0.09720000000000001,0.089,0.1166,0.084,0.0814,0.09079999999999999,0.0992,0.11859999999999998,0.07499999999999998,0.0978,0.0606
1.7411084120810456,0.038799999999999994,0.1362,0.19240000000000002,0.1444,0.1022,0.1366,0.1322,0.1014,0.0428,0.07479999999999999,0.0772,0.1082,0.0952,0.07779999999999998,0.1114,0.0814,0.0752,0.0906,0.08979999999999998,0.10940000000000001,0.0616,0.0932,0.056600000000000004
1.739935734631737,0.052599999999999994,0.1566,0.19919999999999996,0.148,0.1166,0.1326,0.1356,0.11140000000000003,0.049600000000000005,0.0626,0.084,0.1216,0.11359999999999998,0.07999999999999999,0.1044,0.087,0.0738,0.0844,0.09040000000000001,0.09659999999999998,0.0582,0.095,0.06339999999999998
1.7387402546413149,0.040600000000000004,0.14479999999999998,0.1626,0.11999999999999998,0.0876,0.1156,0.1172,0.09800000000000002,0.038799999999999994,0.04379999999999999,0.05819999999999999,0.10399999999999998,0.0882,0.053399999999999996,0.07379999999999999,0.06139999999999998,0.055600000000000004,0.0442,0.053599999999999995,0.07859999999999998,0.026600000000000002,0.06479999999999998,0.04440000000000001
1.7375707639706295,0.0342,0.14179999999999998,0.1498,0.109,0.07180000000000002,0.09759999999999999,0.10459999999999998,0.0866,0.04360000000000001,0.03760000000000001,0.048600000000000004,0.0892,0.0842,0.0496,0.060200000000000004,0.0432,0.030599999999999992,0.0322,0.0442,0.07540000000000001,0.020399999999999998,0.0592,0.02900000000000001
1.7364028454601468,0.02559999999999999,0.13240000000000002,0.143,0.0942,0.0626,0.09380000000000001,0.07379999999999999,0.07859999999999999,0.04,0.016799999999999992,0.0412,0.08579999999999999,0.0808,0.036,0.046200000000000005,0.02619999999999999,0.024999999999999994,0.0208,0.05479999999999998,0.0554,0.022199999999999994,0.0628,0.015999999999999993
1.7352122136550006,0.017,0.1258,0.11980000000000002,0.06760000000000001,0.057,0.07940000000000001,0.058,0.066,0.037399999999999996,0.009399999999999995,0.0396,0.0778,0.0678,0.014399999999999994,0.04240000000000001,0.0031999999999999963,0.019399999999999997,0.013799999999999996,0.045799999999999993,0.03379999999999999,0.013199999999999996,0.047,-0.011400000000000007
1.7340474625571605,0.0017999999999999958,0.118,0.109,0.053,0.056,0.0674,0.0616,0.04959999999999999,0.041,0.013800000000000003,0.055799999999999995,0.0572,0.072,0.0108,0.0368,0.0019999999999999966,0.019999999999999993,0.020399999999999998,0.0296,0.0272,0.0184,0.0416,-0.005399999999999999
1.7328842740752126,-0.006200000000000003,0.1196,0.09659999999999999,0.0332,0.0368,0.06100000000000001,0.038200000000000005,0.032199999999999986,0.0318,-0.0088,0.042,0.039200000000000006,0.0636,0.011800000000000007,0.019999999999999993,-0.0048,0.012199999999999999,0.012399999999999998,0.030199999999999998,0.0214,-0.0006000000000000022,0.03720000000000001,-0.0172
1.7317226450666854,-0.0007999999999999936,0.10740000000000001,0.09459999999999999,0.0248,0.0332,0.057,0.037,0.039799999999999995,0.01759999999999999,-0.023399999999999997,0.0182,0.0312,0.049,0.0164,0.0009999999999999955,-0.018800000000000004,0.015200000000000003,0.014199999999999997,0.021,0.005399999999999999,-0.0011999999999999992,0.026800000000000004,-0.019399999999999997
1.7305384207441317,-0.004,0.1178,0.0912,0.0376,0.0476,0.0598,0.0514,0.0534,0.013800000000000002,-0.01799999999999999,0.026600000000000002,0.0318,0.055200000000000006,0.023800000000000005,0.0016000000000000022,-0.02059999999999999,0.014599999999999998,0.02540000000000001,0.016599999999999997,0.01980000000000001,0.0078,0.0258,-0.008799999999999995
1.7293799336141251,-0.022200000000000008,0.1348,0.0986,0.0502,0.0614,0.07160000000000001,0.05,0.0606,0.022999999999999993,-0.0017999999999999954,0.034199999999999994,0.033,0.0732,0.048400000000000006,0.0132,-0.019600000000000003,0.020399999999999998,0.027800000000000002,0.038200000000000005,0.015799999999999998,0.0222,0.023399999999999997,-0.008199999999999999
1.7282229965156795,-0.0368,0.13679999999999998,0.091,0.0578,0.0606,0.065,0.0434,0.0504,0.0264,0.010000000000000004,0.037,0.015399999999999994,0.0674,0.0692,0.013999999999999997,-0.015799999999999995,0.022600000000000002,0.030199999999999998,0.0368,0.028,0.0242,0.0272,-0.0072
1.7270435521386092,-0.034199999999999994,0.15359999999999996,0.09759999999999999,0.0912,0.0624,0.0644,0.054,0.05079999999999999,0.0352,0.03780000000000002,0.05240000000000001,0.025,0.076,0.0838,0.013399999999999997,0.0014000000000000039,0.0432,0.056,0.0386,0.04240000000000001,0.039799999999999995,0.05000000000000001,0.0010000000000000022
1.7258897379152922,-0.03459999999999999,0.14859999999999998,0.092,0.1068,0.0644,0.083,0.0608,0.0424,0.0232,0.036,0.055200000000000006,0.026,0.0584,0.07299999999999998,0.007800000000000001,0.004000000000000002,0.052399999999999995,0.0436,0.0396,0.033600000000000005,0.0366,0.048600000000000004,-0.001799999999999998
1.7247374643577438,-0.030000000000000002,0.1616,0.0856,0.13119999999999998,0.0714,0.0856,0.0694,0.05,0.0356,0.0458,0.0658,0.011799999999999993,0.0584,0.08899999999999998,0.0088,0.0198,0.06620000000000001,0.047200000000000006,0.045200000000000004,0.037200000000000004,0.0422,0.0426,0.012800000000000004
1.7235867283821915,-0.0342,0.17779999999999999,0.07759999999999999,0.158,0.063,0.0882,0.0742,0.061,0.032999999999999995,0.04979999999999999,0.067,0.0126,0.06199999999999999,0.10079999999999999,0.0048000000000000004,0.038,0.0644,0.045399999999999996,0.043,0.0538,0.0522,0.0508,0.028399999999999995
1.7224136015112792,-0.015199999999999998,0.204,0.0912,0.17680000000000004,0.0674,0.10359999999999998,0.07979999999999998,0.06819999999999998,0.034,0.060399999999999995,0.060200000000000004,0.012599999999999997,0.06799999999999999,0.11879999999999999,0.014800000000000004,0.0496,0.062200000000000005,0.0504,0.0482,0.043,0.06559999999999999,0.053200000000000004,0.018399999999999996
1.7212659633536924,-0.0002,0.2072,0.09240000000000001,0.19419999999999998,0.0864,0.09799999999999999,0.08139999999999997,0.07640000000000001,0.040799999999999996,0.07119999999999999,0.067,0.0082,0.0506,0.1166,0.032799999999999996,0.0608,0.0582,0.047799999999999995,0.041,0.0346,0.0726,0.056600000000000004,0.021799999999999993
1.7201198535123738,-0.004,0.2284,0.10959999999999999,0.2104,0.098,0.10079999999999999,0.0768,0.0718,0.066,0.0912,0.07859999999999999,0.0030000000000000057,0.06,0.1294,0.047200000000000006,0.0836,0.0632,0.067,0.04700000000000001,0.040799999999999996,0.07759999999999999,0.071,0.0322
1.7189752689364532,-0.0018000000000000017,0.2292,0.11999999999999998,0.21559999999999999,0.0838,0.1038,0.0824,0.062,0.0734,0.091,0.0964,0.007800000000000006,0.0606,0.1206,0.0562,0.09440000000000001,0.0624,0.07840000000000001,0.0598,0.028399999999999995,0.0892,0.0756,0.0292
1.7178084089492276,-0.0018000000000000073,0.2068,0.1012,0.1936,0.08120000000000001,0.0878,0.0818,0.056799999999999996,0.07940000000000001,0.0788,0.097,0.0078,0.035599999999999986,0.1014,0.049,0.09559999999999999,0.063,0.074,0.048799999999999996,0.0248,0.0882,0.076,0.026999999999999996
1.7166668974014645,0.0009999999999999966,0.2062,0.09179999999999999,0.19080000000000003,0.0872,0.09680000000000001,0.08059999999999999,0.0528,0.0752,0.0818,0.0856,0.02840000000000001,0.0314,0.0916,0.056,0.0882,0.0564,0.061,0.0616,0.006799999999999997,0.07859999999999999,0.0738,0.027600000000000003
1.7155269019521038,0.0052000000000000015,0.1974,0.09079999999999999,0.17499999999999996,0.09240000000000001,0.09440000000000001,0.0814,0.0592,0.0834,0.0678,0.08059999999999999,0.028,0.016399999999999998,0.103,0.0598,0.08580000000000002,0.0536,0.060200000000000004,0.0658,0.0018000000000000052,0.0758,0.0668,0.030999999999999996
1.7143884195827401,0.0164,0.1958,0.0986,0.17599999999999996,0.111,0.09340000000000001,0.0832,0.06780000000000001,0.09659999999999999,0.06979999999999999,0.08,0.03960000000000001,0.026199999999999994,0.1186,0.0792,0.09480000000000001,0.0768,0.0828,0.0638,0.009400000000000006,0.09980000000000001,0.06960000000000001,0.048799999999999996
1.7132514472829767,0.0188,0.191,0.1056,0.16719999999999993,0.1128,0.0878,0.08220000000000001,0.0716,0.09820000000000001,0.0662,0.07640000000000001,0.053200000000000004,0.02739999999999999,0.11380000000000001,0.077,0.08979999999999998,0.0652,0.0768,0.052599999999999994,0.0104,0.09699999999999999,0.06,0.0466
1.712092342528926,0.022999999999999996,0.1804,0.1256,0.15919999999999998,0.12140000000000001,0.08940000000000001,0.075,0.07440000000000001,0.10859999999999999,0.0724,0.07379999999999999,0.0682,0.03559999999999999,0.11259999999999999,0.0862,0.08299999999999999,0.0566,0.059799999999999985,0.07,0.015800000000000005,0.1034,0.06680000000000001,0.06100000000000001
1.7109584126721307,0.0232,0.1528,0.1362,0.15419999999999998,0.13340000000000002,0.0892,0.060200000000000004,0.0752,0.1222,0.060200000000000004,0.07160000000000001,0.0854,0.0338,0.11080000000000001,0.08380000000000001,0.0818,0.07019999999999998,0.0502,0.082,0.038400000000000004,0.09659999999999999,0.08199999999999999,0.0856
1.7098259838393866,0.010599999999999998,0.1502,0.13479999999999998,0.15319999999999998,0.13319999999999999,0.09320000000000002,0.0466,0.0674,0.13579999999999998,0.06340000000000001,0.0686,0.0984,0.0448,0.10079999999999999,0.0844,0.0852,0.0778,0.0628,0.07640000000000001,0.059,0.1062,0.08,0.09600000000000002
1.7086950530522254,0.0092,0.1416,0.1296,0.143,0.1286,0.09880000000000001,0.0586,0.0688,0.1462,0.061799999999999994,0.07700000000000001,0.10940000000000001,0.0506,0.0896,0.0852,0.088,0.062200000000000005,0.053200000000000004,0.0788,0.07379999999999999,0.10840000000000001,0.06659999999999999,0.0852
1.7075656173400535,0.006799999999999997,0.14740000000000003,0.11399999999999999,0.125,0.13319999999999999,0.078,0.03239999999999999,0.05819999999999999,0.13439999999999996,0.0684,0.0536,0.10740000000000001,0.045399999999999996,0.098,0.0668,0.07840000000000001,0.0628,0.015399999999999994,0.06659999999999999,0.0848,0.08839999999999998,0.0412,0.0746
1.706414190760593,0.0222,0.1598,0.12459999999999999,0.1316,0.1338,0.0814,0.025999999999999995,0.0616,0.1406,0.0742,0.0584,0.10940000000000001,0.06659999999999999,0.10379999999999999,0.063,0.0866,0.06520000000000001,0.020399999999999998,0.05079999999999999,0.09799999999999999,0.08379999999999999,0.035199999999999995,0.07940000000000001
1.7052877673107338,0.045000000000000005,0.17220000000000005,0.1524,0.1362,0.14360000000000003,0.09120000000000002,0.05000000000000002,0.0772,0.16019999999999998,0.08940000000000001,0.08,0.10940000000000001,0.09079999999999999,0.117,0.0734,0.10280000000000002,0.0846,0.04100000000000002,0.0572,0.133,0.09759999999999998,0.057,0.09099999999999998
1.7041628300097578,0.028199999999999996,0.17179999999999998,0.1452,0.1394,0.1328,0.0908,0.0386,0.05379999999999999,0.137,0.0768,0.07740000000000001,0.0928,0.10279999999999999,0.0984,0.077,0.1002,0.07440000000000001,0.030199999999999998,0.061200000000000004,0.1412,0.08999999999999998,0.0572,0.07519999999999998
1.7030393759184739,0.032400000000000005,0.17539999999999997,0.14379999999999998,0.1268,0.1182,0.09880000000000001,0.0368,0.053,0.1188,0.066,0.0716,0.08940000000000001,0.108,0.085,0.067,0.09079999999999999,0.0516,0.011400000000000002,0.0606,0.1462,0.0722,0.063,0.058
1.7019174021054364,0.045200000000000004,0.1644,0.15319999999999998,0.12440000000000001,0.1118,0.1036,0.051,0.0534,0.1108,0.0648,0.0756,0.0912,0.11220000000000001,0.0864,0.08159999999999999,0.0836,0.0466,0.009400000000000004,0.07540000000000001,0.15599999999999997,0.06680000000000001,0.077,0.06659999999999999
1.7007969056469199,0.048799999999999996,0.17320000000000002,0.1534,0.12359999999999999,0.11259999999999999,0.1014,0.0574,0.061799999999999994,0.1038,0.06559999999999999,0.0866,0.08279999999999998,0.11539999999999997,0.088,0.0876,0.0768,0.056199999999999986,0.028999999999999998,0.0652,0.1586,0.058400000000000014,0.0732,0.064
1.6996545863260049,0.0376,0.1754,0.1312,0.10740000000000001,0.09459999999999999,0.08599999999999998,0.0504,0.06080000000000002,0.08259999999999999,0.055,0.07859999999999999,0.0728,0.106,0.07999999999999999,0.08539999999999998,0.06880000000000001,0.0394,0.025399999999999992,0.048799999999999996,0.1512,0.04440000000000001,0.060200000000000004,0.03819999999999999
1.6985370664621118,0.0494,0.18059999999999998,0.13,0.1144,0.08899999999999998,0.08020000000000001,0.07019999999999997,0.076,0.0704,0.055200000000000006,0.0896,0.071,0.1168,0.0922,0.0814,0.06700000000000002,0.0348,0.0198,0.06099999999999999,0.1432,0.040799999999999996,0.0702,0.033999999999999996
1.6974210151672782,0.0496,0.16900000000000004,0.113,0.11139999999999997,0.08079999999999998,0.07099999999999998,0.054,0.0658,0.05,0.049600000000000005,0.08299999999999999,0.0474,0.1146,0.07840000000000001,0.07279999999999999,0.0636,0.041999999999999996,0.008199999999999999,0.0598,0.12919999999999998,0.0216,0.07019999999999998,0.0324
1.6963064295485637,0.032999999999999995,0.14959999999999998,0.11379999999999998,0.1114,0.07659999999999999,0.0834,0.0594,0.0706,0.0458,0.0334,0.07640000000000001,0.02159999999999999,0.10679999999999998,0.0564,0.07199999999999998,0.06459999999999999,0.0364,0.026199999999999994,0.059,0.11320000000000001,0.0214,0.0762,0.027999999999999994
1.695193306720621,0.03360000000000001,0.1464,0.1018,0.1124,0.0752,0.08699999999999998,0.07840000000000001,0.074,0.0428,0.038800000000000015,0.07199999999999998,0.0252,0.10659999999999999,0.05500000000000001,0.09379999999999997,0.055600000000000004,0.04619999999999999,0.0294,0.071,0.1152,0.02459999999999999,0.08679999999999999,0.034
1.6940816438056723,0.0146,0.1278,0.07540000000000001,0.1186,0.0684,0.08220000000000001,0.0758,0.08000000000000002,0.042000000000000016,0.029200000000000007,0.065,0.024399999999999998,0.0998,0.043400000000000015,0.09899999999999999,0.054200000000000005,0.04340000000000001,0.0086,0.0522,0.09779999999999998,0.02540000000000001,0.0624,0.028999999999999995
1.6929714379334824,0.016799999999999995,0.12779999999999997,0.08179999999999998,0.11599999999999999,0.0742,0.0952,0.0824,0.101,0.0498,0.04560000000000001,0.0792,0.0368,0.09059999999999999,0.05800000000000002,0.1006,0.05,0.0504,0.025600000000000005,0.05260000000000001,0.09039999999999998,0.0502,0.07399999999999998,0.0436
1.6918626862413362,0.0001999999999999992,0.1274,0.07619999999999998,0.1014,0.07620000000000002,0.08059999999999999,0.07540000000000001,0.0952,0.0506,0.0526,0.07740000000000001,0.03640000000000001,0.07599999999999998,0.06760000000000001,0.089,0.03359999999999999,0.05019999999999999,0.0376,0.046,0.0864,0.047799999999999995,0.066,0.0428
1.6907553858740114,-0.007799999999999998,0.1396,0.061,0.0866,0.08640000000000002,0.07940000000000001,0.0758,0.09540000000000001,0.0554,0.07440000000000001,0.07759999999999999,0.039,0.0756,0.0654,0.0824,0.0366,0.04299999999999999,0.05,0.048000000000000015,0.07740000000000001,0.061399999999999996,0.068,0.02039999999999999
1.6896495339837576,-0.019600000000000003,0.1374,0.054799999999999995,0.0732,0.0854,0.0888,0.0756,0.0886,0.0572,0.0798,0.07119999999999999,0.030600000000000002,0.0772,0.07060000000000001,0.08020000000000001,0.05360000000000001,0.03979999999999999,0.055799999999999995,0.047799999999999995,0.073,0.06559999999999999,0.0682,0.0116
1.6885221346187889,0.0008000000000000096,0.13739999999999997,0.0626,0.08159999999999999,0.10320000000000001,0.11039999999999997,0.0908,0.10640000000000001,0.0598,0.09959999999999998,0.08079999999999998,0.0376,0.088,0.08220000000000001,0.097,0.074,0.0516,0.08120000000000001,0.062400000000000004,0.0726,0.0792,0.066,0.015799999999999998
1.6874192011975233,0.0024000000000000037,0.1366,0.0838,0.06080000000000002,0.1144,0.12039999999999998,0.1024,0.10520000000000002,0.047,0.10839999999999998,0.08159999999999999,0.0528,0.0836,0.0768,0.09679999999999998,0.0714,0.0608,0.0846,0.0704,0.07540000000000001,0.0856,0.055200000000000006,0.0178
1.6863177076958644,0.0040000000000000036,0.15059999999999996,0.0964,0.07200000000000002,0.1268,0.12979999999999997,0.12359999999999999,0.122,0.055400000000000005,0.1172,0.1004,0.071,0.093,0.1062,0.11220000000000002,0.0636,0.072,0.1014,0.07060000000000001,0.09079999999999999,0.1032,0.058,0.0308
1.685217651295851,0.0216,0.15539999999999998,0.1188,0.071,0.1334,0.12639999999999998,0.1318,0.1232,0.0668,0.125,0.116,0.0846,0.106,0.1264,0.12440000000000001,0.06620000000000001,0.0868,0.102,0.074,0.09099999999999998,0.11,0.0836,0.0426
1.6841190291868693,0.012999999999999992,0.153,0.1346,0.075,0.14659999999999995,0.12899999999999998,0.12240000000000001,0.11699999999999998,0.0554,0.11279999999999998,0.1258,0.09079999999999999,0.09179999999999999,0.12699999999999997,0.1056,0.08320000000000002,0.0724,0.09,0.06559999999999999,0.08199999999999999,0.1016,0.0844,0.0536
1.683021838565631,0.009399999999999999,0.156,0.13319999999999999,0.08220000000000001,0.15219999999999995,0.1272,0.11059999999999999,0.09379999999999998,0.0344,0.1052,0.13,0.07940000000000001,0.0686,0.1316,0.10140000000000002,0.0798,0.071,0.0928,0.0598,0.07579999999999999,0.09280000000000001,0.08580000000000002,0.0628
1.681926076636148,0.009799999999999996,0.1684,0.1444,0.0836,0.1534,0.12179999999999998,0.12140000000000001,0.09459999999999999,0.032,0.1046,0.122,0.0916,0.07479999999999999,0.12079999999999998,0.1108,0.09940000000000002,0.0846,0.07779999999999998,0.0692,0.07099999999999998,0.0702,0.0694,0.064
1.6808317406097082,0.014799999999999997,0.16379999999999997,0.14859999999999998,0.093,0.13479999999999998,0.10239999999999998,0.1364,0.08159999999999999,0.02259999999999999,0.1002,0.1124,0.09440000000000001,0.084,0.1134,0.11339999999999997,0.1152,0.0874,0.059,0.06899999999999999,0.0526,0.05979999999999999,0.062200000000000005,0.0598
1.6797388277048535,0.018600000000000002,0.17279999999999998,0.158,0.1002,0.13299999999999998,0.10319999999999997,0.136,0.07740000000000001,0.0338,0.09759999999999998,0.1098,0.11580000000000001,0.0984,0.12040000000000001,0.114,0.13440000000000002,0.10640000000000001,0.0648,0.0674,0.0496,0.051,0.0674,0.08099999999999999
1.6786473351473554,0.035800000000000005,0.187,0.16779999999999998,0.1128,0.15739999999999998,0.10179999999999999,0.1414,0.0918,0.073,0.1012,0.13,0.14620000000000002,0.10099999999999999,0.1258,0.12359999999999999,0.1436,0.1274,0.0892,0.0844,0.054799999999999995,0.0628,0.08059999999999999,0.1028
1.677557260170191,0.03260000000000001,0.1994,0.18,0.115,0.16279999999999997,0.09279999999999998,0.15120000000000003,0.0872,0.094,0.0942,0.1414,0.1432,0.10299999999999998,0.12919999999999998,0.1252,0.1462,0.13579999999999998,0.088,0.094,0.0656,0.0692,0.0902,0.1216
1.67646860001352,0.0308,0.2024,0.1778,0.1196,0.15460000000000002,0.09979999999999999,0.14840000000000003,0.076,0.1082,0.0862,0.12680000000000002,0.133,0.09219999999999998,0.11679999999999999,0.1362,0.13979999999999998,0.1298,0.0928,0.0864,0.0736,0.067,0.0906,0.1254
1.6753813519246619,0.0422,0.2068,0.17379999999999998,0.10640000000000001,0.1548,0.0922,0.1432,0.07759999999999999,0.11479999999999999,0.0814,0.1082,0.135,0.08899999999999998,0.11020000000000002,0.1462,0.14499999999999996,0.13459999999999997,0.089,0.08220000000000001,0.07620000000000002,0.064,0.099,0.13079999999999997
1.6742955131580723,0.0512,0.2014,0.15019999999999997,0.0984,0.141,0.083,0.1372,0.0828,0.11939999999999998,0.07599999999999998,0.0974,0.1352,0.0762,0.1046,0.13340000000000002,0.1416,0.1216,0.0828,0.0798,0.06899999999999999,0.0494,0.0716,0.1266
1.67321108097532,0.0564,0.2058,0.14519999999999997,0.1036,0.1238,0.09400000000000001,0.13140000000000002,0.08779999999999999,0.14039999999999997,0.0872,0.09199999999999998,0.138,0.0752,0.11359999999999999,0.13639999999999997,0.1336,0.1354,0.0906,0.0942,0.07199999999999998,0.05399999999999999,0.075,0.12419999999999998
1.6721280526450637,0.0366,0.181,0.12799999999999997,0.08079999999999998,0.0878,0.0736,0.10640000000000001,0.08599999999999998,0.1268,0.0746,0.0674,0.13240000000000002,0.0616,0.0938,0.1032,0.11419999999999997,0.11499999999999999,0.0792,0.0984,0.055,0.0448,0.06019999999999999,0.09579999999999998
1.6710464254430295,0.0466,0.175,0.1146,0.078,0.08800000000000001,0.0752,0.09259999999999999,0.09340000000000001,0.1446,0.08220000000000001,0.0638,0.1222,0.061399999999999996,0.09279999999999998,0.10779999999999998,0.1016,0.1034,0.07640000000000001,0.0908,0.0476,0.049,0.056400000000000006,0.0922
1.6699661966519872,0.043,0.1814,0.09859999999999998,0.0912,0.1032,0.0856,0.079,0.107,0.17339999999999997,0.0916,0.06819999999999998,0.1144,0.061200000000000004,0.09040000000000001,0.102,0.10740000000000001,0.10899999999999999,0.09240000000000001,0.09359999999999999,0.060200000000000004,0.0574,0.0648,0.0862
1.6688873635617287,0.0498,0.1744,0.0964,0.109,0.1088,0.09540000000000003,0.07540000000000001,0.1178,0.1804,0.09620000000000001,0.07479999999999999,0.10640000000000002,0.0502,0.1068,0.1052,0.10800000000000001,0.1138,0.09659999999999999,0.1042,0.06939999999999998,0.0632,0.05820000000000001,0.083
1.6678099234690447,0.0424,0.1666,0.08039999999999997,0.1272,0.08459999999999998,0.1004,0.060200000000000004,0.1034,0.14139999999999997,0.0882,0.0582,0.0832,0.047400000000000005,0.1014,0.09540000000000001,0.1046,0.09879999999999999,0.077,0.1058,0.0594,0.048,0.039400000000000004,0.0634
1.666733873677702,0.0396,0.1624,0.07860000000000002,0.1254,0.07840000000000001,0.11120000000000002,0.0512,0.09620000000000001,0.13279999999999997,0.0906,0.042,0.0814,0.055200000000000006,0.08399999999999999,0.078,0.086,0.09200000000000001,0.07940000000000001,0.08079999999999998,0.048799999999999996,0.0414,0.028200000000000006,0.0518
1.6656592114984214,0.041400000000000006,0.14599999999999996,0.06500000000000002,0.1258,0.0782,0.07779999999999998,0.035800000000000005,0.10799999999999998,0.134,0.08059999999999999,0.046,0.06399999999999999,0.0684,0.0952,0.06620000000000001,0.08059999999999999,0.0922,0.07540000000000001,0.06019999999999999,0.02059999999999999,0.0378,0.022600000000000002,0.029399999999999996
1.6645859342488558,0.00979999999999999,0.107,0.0456,0.1222,0.0606,0.05479999999999999,0.013399999999999995,0.0804,0.10899999999999999,0.050999999999999976,0.035399999999999994,0.03679999999999999,0.0538,0.0724,0.0318,0.0616,0.0674,0.06,0.048199999999999986,-0.021,0.02219999999999999,-0.008200000000000002,-0.012600000000000009
1.6635140392535652,-0.005600000000000009,0.1036,0.0596,0.14279999999999998,0.0828,0.0762,0.008399999999999998,0.07940000000000001,0.10840000000000001,0.0544,0.048600000000000004,0.042,0.0642,0.07879999999999998,0.0374,0.06800000000000002,0.0814,0.0714,0.060399999999999995,-0.003999999999999997,0.0402,0.011600000000000006,-0.005399999999999994
1.6624435238439985,0.01320000000000001,0.10900000000000001,0.0736,0.149,0.0964,0.058,0.004599999999999997,0.0814,0.09779999999999998,0.0522,0.0522,0.04300000000000001,0.07859999999999999,0.077,0.04760000000000001,0.07660000000000003,0.0674,0.07940000000000001,0.0714,0.005600000000000003,0.0514,0.012400000000000001,-0.009999999999999993
1.6613743853584684,0.051400000000000015,0.14239999999999997,0.1082,0.1706,0.1156,0.07959999999999999,0.04420000000000001,0.0996,0.1276,0.0724,0.07640000000000001,0.0722,0.11,0.09240000000000001,0.08459999999999998,0.1066,0.0888,0.12079999999999999,0.10000000000000002,0.032799999999999996,0.07879999999999998,0.037200000000000004,0.020800000000000006
1.6603066211421302,0.038200000000000005,0.1384,0.1114,0.169,0.11879999999999999,0.075,0.0448,0.0876,0.1056,0.0594,0.0676,0.075,0.1152,0.0834,0.0724,0.11259999999999999,0.0844,0.1276,0.1032,0.037399999999999996,0.08159999999999999,0.0432,0.0206
1.6592402285469605,0.021199999999999997,0.122,0.12179999999999998,0.15419999999999995,0.11139999999999997,0.061200000000000004,0.030399999999999993,0.0706,0.0692,0.0416,0.0644,0.0624,0.1144,0.06119999999999999,0.0696,0.10299999999999998,0.0664,0.11399999999999999,0.0952,0.015599999999999987,0.07540000000000001,0.0324,0.020399999999999998
1.6581973789783366,0.001799999999999992,0.1108,0.1264,0.14159999999999998,0.1038,0.0448,0.0272,0.05740000000000001,0.054799999999999995,0.019599999999999992,0.056400000000000006,0.0484,0.11220000000000001,0.0386,0.0636,0.09359999999999999,0.0536,0.102,0.0842,0.0029999999999999983,0.0616,0.037399999999999996,0.0304
1.657133693269899,0.009399999999999992,0.11520000000000001,0.1372,0.1286,0.1182,0.056799999999999996,0.06140000000000001,0.062200000000000005,0.079,0.03680000000000002,0.0582,0.055,0.1056,0.0514,0.057999999999999996,0.09540000000000001,0.0694,0.10880000000000001,0.078,0.021,0.068,0.061799999999999994,0.0412
1.6560713713339388,0.007000000000000005,0.1228,0.1274,0.12380000000000001,0.1146,0.049,0.0644,0.07000000000000002,0.0788,0.048400000000000006,0.06340000000000001,0.06340000000000001,0.0898,0.0674,0.0686,0.1032,0.07540000000000001,0.10360000000000003,0.0824,0.0212,0.0736,0.0772,0.049400000000000006
1.6550104105493566,-0.0045999999999999965,0.13360000000000002,0.14120000000000002,0.12680000000000002,0.11159999999999999,0.0688,0.0684,0.0732,0.076,0.0496,0.0588,0.0752,0.0842,0.0644,0.0684,0.12299999999999998,0.07940000000000001,0.1042,0.0994,0.037200000000000004,0.07840000000000001,0.0882,0.07540000000000001
1.653950808301766,0.0062,0.15339999999999998,0.16240000000000002,0.12440000000000001,0.1278,0.0952,0.082,0.1004,0.09539999999999997,0.06099999999999999,0.0644,0.0952,0.0964,0.0888,0.07979999999999998,0.13119999999999998,0.10700000000000001,0.12660000000000002,0.10899999999999999,0.06039999999999998,0.1012,0.1044,0.10299999999999998
1.652892561983471,0.011799999999999995,0.176,0.17120000000000002,0.11120000000000001,0.1296,0.09559999999999999,0.1012,0.09,0.09040000000000001,0.05779999999999999,0.0562,0.08759999999999998,0.09499999999999999,0.0866,0.08199999999999999,0.11799999999999998,0.1034,0.123,0.1018,0.05499999999999999,0.1052,0.09759999999999999,0.09839999999999997
1.6518356689934461,0.005600000000000004,0.1822,0.177,0.1052,0.12480000000000001,0.11379999999999998,0.11799999999999998,0.0952,0.09420000000000002,0.06340000000000001,0.0562,0.0788,0.09999999999999999,0.0792,0.0868,0.1066,0.1166,0.1334,0.0942,0.048799999999999996,0.10740000000000001,0.109,0.1056
1.650780126737313,-0.007199999999999997,0.167,0.16860000000000003,0.09580000000000001,0.13060000000000002,0.10179999999999999,0.10759999999999997,0.09200000000000001,0.083,0.061599999999999995,0.0384,0.073,0.1006,0.08660000000000002,0.07840000000000001,0.0958,0.1164,0.10479999999999999,0.07540000000000001,0.0384,0.0964,0.097,0.10679999999999999
1.6497259326273217,-0.005800000000000001,0.1502,0.17460000000000003,0.0932,0.11879999999999999,0.09579999999999998,0.099,0.09379999999999998,0.0916,0.04719999999999999,0.0484,0.0616,0.09540000000000001,0.09559999999999999,0.07659999999999999,0.0852,0.111,0.1108,0.059,0.0366,0.09359999999999999,0.1,0.11000000000000001
1.6486950047200541,0.0184,0.16260000000000002,0.17680000000000004,0.10540000000000001,0.11759999999999998,0.11579999999999999,0.1186,0.1196,0.111,0.0544,0.056400000000000006,0.0688,0.097,0.10600000000000001,0.0896,0.09499999999999999,0.12139999999999998,0.129,0.07339999999999998,0.0572,0.10799999999999998,0.115,0.11999999999999998
1.6476434712127452,0.0378,0.17360000000000003,0.18240000000000003,0.11039999999999997,0.116,0.1304,0.1296,0.1238,0.115,0.0638,0.06340000000000001,0.07640000000000001,0.11359999999999999,0.11740000000000002,0.09759999999999999,0.098,0.13179999999999997,0.1382,0.08059999999999999,0.0674,0.12399999999999999,0.12279999999999999,0.09599999999999999
1.646593278181311,0.046400000000000004,0.15519999999999998,0.18519999999999998,0.1162,0.0912,0.11299999999999999,0.09759999999999998,0.1264,0.0948,0.051,0.0596,0.0742,0.1188,0.1092,0.09240000000000001,0.0892,0.11639999999999998,0.1238,0.07060000000000001,0.0522,0.10779999999999998,0.10840000000000001,0.0888
1.6455444230641632,0.03119999999999999,0.137,0.18819999999999998,0.1242,0.07879999999999998,0.09819999999999997,0.07759999999999997,0.11279999999999998,0.08299999999999999,0.0394,0.0578,0.0474,0.1272,0.0868,0.06999999999999998,0.0694,0.09979999999999999,0.1118,0.0652,0.0496,0.0892,0.09079999999999998,0.06520000000000001
1.6444969033062347,0.0354,0.132,0.1782,0.121,0.07659999999999999,0.0952,0.0798,0.0994,0.0688,0.0386,0.05360000000000001,0.038200000000000005,0.1172,0.0856,0.0664,0.0506,0.10679999999999999,0.10540000000000001,0.06620000000000001,0.0482,0.0878,0.08120000000000001,0.05680000000000002
1.6434507163589616,0.044,0.1346,0.1612,0.1156,0.06960000000000001,0.07259999999999998,0.08020000000000001,0.0866,0.056,0.051,0.05500000000000001,0.02959999999999999,0.11099999999999999,0.0814,0.06459999999999999,0.047799999999999995,0.1056,0.09340000000000001,0.06420000000000001,0.0494,0.0878,0.0824,0.053
1.642427613976529,0.033199999999999986,0.128,0.1458,0.10199999999999998,0.047,0.06160000000000001,0.06459999999999999,0.09040000000000001,0.05880000000000002,0.0556,0.056400000000000006,0.0314,0.10959999999999998,0.060799999999999986,0.0554,0.055199999999999985,0.0942,0.0866,0.055,0.045,0.0844,0.07379999999999998,0.0444
1.641384057395494,0.015799999999999995,0.1256,0.1274,0.1018,0.0402,0.0518,0.0598,0.0922,0.0522,0.047799999999999995,0.05160000000000001,0.0296,0.10399999999999998,0.0698,0.05,0.054200000000000005,0.0888,0.0634,0.0436,0.045200000000000004,0.0792,0.055799999999999995,0.0248
1.640341826070852,0.013399999999999994,0.1146,0.10939999999999998,0.0912,0.027800000000000002,0.0386,0.042,0.0864,0.0376,0.0368,0.0448,0.0202,0.08699999999999998,0.057399999999999986,0.0414,0.037,0.0734,0.0526,0.038799999999999994,0.0438,0.0736,0.047200000000000006,-0.0014000000000000022
1.639300917479707,0.01839999999999999,0.1186,0.0932,0.0856,0.030600000000000002,0.03399999999999999,0.0432,0.08220000000000001,0.028399999999999998,0.054200000000000005,0.033,0.020399999999999998,0.07640000000000001,0.0574,0.028199999999999996,0.0444,0.07379999999999998,0.026799999999999984,0.0436,0.0364,0.0716,0.0362,-0.013800000000000002
1.638261329105562,-0.007000000000000009,0.1088,0.074,0.072,0.0362,0.025999999999999995,0.0394,0.0636,0.030600000000000006,0.0526,0.026399999999999996,0.023,0.07199999999999998,0.06680000000000001,0.0178,0.034199999999999994,0.05879999999999999,0.0063999999999999994,0.04060000000000001,0.0404,0.055600000000000004,0.0258,-0.0192
1.6372446756539076,-0.016799999999999995,0.1114,0.0604,0.077,0.0318,0.015000000000000001,0.027,0.0656,0.026199999999999998,0.0578,0.0176,0.015600000000000001,0.0582,0.066,0.005600000000000002,0.0362,0.047799999999999995,-0.0035999999999999986,0.035800000000000005,0.0436,0.0482,0.013,-0.013999999999999999
1.636207692815201,-0.029999999999999992,0.1172,0.051,0.0706,0.048,0.02240000000000001,0.027000000000000003,0.052,0.0248,0.061399999999999996,0.02660000000000001,0.02380000000000001,0.061399999999999996,0.061399999999999996,0.0112,0.0338,0.052,-0.005199999999999996,0.038,0.0378,0.0628,0.012400000000000001,-0.0067999999999999935
1.6351720227341657,-0.014799999999999997,0.1186,0.0438,0.0608,0.058,0.0346,0.04460000000000001,0.055200000000000006,0.040799999999999996,0.0596,0.0328,0.038200000000000005,0.055200000000000006,0.0662,0.0182,0.033999999999999996,0.0498,-0.000199999999999996,0.056799999999999996,0.047799999999999995,0.0634,0.02500000000000001,0.017600000000000005
1.6341376629195716,-0.026199999999999998,0.1108,0.031,0.046,0.047200000000000006,0.011599999999999996,0.046799999999999994,0.0416,0.045200000000000004,0.0504,0.016799999999999992,0.0432,0.0658,0.0574,0.005599999999999995,0.017399999999999992,0.0308,0.005000000000000004,0.0404,0.0414,0.0506,0.024399999999999998,0.005999999999999995
1.6331046108864862,-0.030600000000000002,0.1262,0.053000000000000005,0.0714,0.0442,0.015999999999999993,0.0512,0.038799999999999994,0.05660000000000001,0.0588,0.0162,0.05500000000000001,0.07740000000000001,0.0498,0.014200000000000004,0.03540000000000001,0.016800000000000002,0.015200000000000005,0.039200000000000006,0.0422,0.0448,0.0206,0.016200000000000003
1.6320943455828156,-0.0156,0.1308,0.069,0.10080000000000001,0.055799999999999995,0.0188,0.063,0.05160000000000001,0.048,0.0762,0.02900000000000001,0.0724,0.0824,0.0648,0.0362,0.044,0.04200000000000001,0.0332,0.0464,0.053200000000000004,0.05000000000000001,0.0358,0.0366
1.6310638745659265,-0.02980000000000001,0.0964,0.0518,0.07959999999999999,0.03459999999999999,0.008999999999999998,0.0384,0.021799999999999993,0.024799999999999992,0.06039999999999998,0.015399999999999997,0.062,0.0676,0.027199999999999995,0.010799999999999994,0.018199999999999987,0.019399999999999994,0.02359999999999999,0.039,0.023999999999999994,0.02919999999999999,0.02059999999999999,0.025399999999999992
1.630034703964665,-0.028399999999999995,0.10880000000000001,0.0584,0.09720000000000002,0.043,0.0254,0.0384,0.019399999999999997,0.03220000000000001,0.0704,0.029,0.056,0.06879999999999999,0.013599999999999998,0.0076,0.025599999999999987,0.011999999999999995,0.0362,0.0394,0.02419999999999999,0.023600000000000003,0.0294,0.0438
1.6290068313189698,-0.026399999999999996,0.11640000000000002,0.08300000000000002,0.115,0.0582,0.042,0.0412,0.0258,0.048000000000000015,0.0642,0.0394,0.067,0.08279999999999998,0.010999999999999996,0.0152,0.0252,0.011599999999999997,0.055799999999999995,0.0492,0.038,0.0222,0.031,0.0664
1.628001628001628,-0.004599999999999997,0.1418,0.10920000000000002,0.1422,0.072,0.0702,0.05520000000000001,0.0412,0.059600000000000014,0.081,0.05840000000000001,0.08120000000000001,0.09419999999999998,0.019000000000000003,0.0436,0.05000000000000002,0.0384,0.074,0.0654,0.0516,0.03680000000000002,0.037200000000000004,0.0856
1.6269763169979663,-0.005599999999999999,0.1426,0.1026,0.131,0.07119999999999999,0.0738,0.049,0.03339999999999999,0.0516,0.0696,0.0626,0.07759999999999999,0.09599999999999999,-0.0026000000000000016,0.040600000000000004,0.05,0.05059999999999999,0.061399999999999996,0.0538,0.0434,0.0264,0.0308,0.0842
1.625952296657619,-0.008399999999999996,0.1438,0.10920000000000002,0.133,0.06139999999999998,0.07160000000000001,0.055,0.0344,0.06020000000000001,0.0736,0.05,0.0696,0.08940000000000001,-0.013800000000000002,0.029399999999999996,0.0496,0.047,0.0626,0.054400000000000004,0.048,0.027400000000000008,0.033,0.07119999999999999
1.6249295645450852,-0.0184,0.15979999999999997,0.1166,0.1388,0.0638,0.071,0.0586,0.04340000000000001,0.0502,0.083,0.040600000000000004,0.08480000000000001,0.09240000000000001,0.004800000000000009,0.0378,0.0638,0.061799999999999994,0.0708,0.0464,0.046200000000000005,0.0294,0.030199999999999998,0.076
1.6239293852641503,-0.0017999999999999963,0.1782,0.1268,0.17720000000000002,0.0876,0.116,0.0606,0.0704,0.0698,0.1022,0.07,0.1062,0.1026,0.030600000000000002,0.06899999999999999,0.09880000000000001,0.07759999999999999,0.0706,0.0718,0.055,0.038200000000000005,0.0334,0.10380000000000002
1.62290919561291,0.0056000000000000025,0.16879999999999998,0.1292,0.183,0.1058,0.14880000000000002,0.0644,0.08180000000000001,0.0734,0.11,0.0848,0.1114,0.10940000000000001,0.056,0.078,0.10000000000000002,0.0872,0.06420000000000001,0.09359999999999999,0.0718,0.0376,0.05220000000000001,0.11500000000000002
1.6218902869699428,-0.0012000000000000001,0.15819999999999998,0.1066,0.1672,0.1002,0.1502,0.04679999999999999,0.06219999999999999,0.0782,0.09540000000000001,0.07019999999999998,0.10599999999999998,0.101,0.0578,0.0546,0.1008,0.0724,0.045799999999999993,0.10280000000000002,0.061799999999999994,0.0344,0.0458,0.09820000000000001
1.6208938445249081,0.0332,0.1984,0.14040000000000002,0.1864,0.1316,0.1716,0.0792,0.09100000000000001,0.11820000000000001,0.1226,0.09759999999999999,0.13140000000000002,0.1194,0.096,0.0748,0.1406,0.0978,0.07640000000000001,0.1288,0.1034,0.07680000000000001,0.07680000000000001,0.13200000000000003
1.619877464107957,0.034800000000000005,0.20980000000000001,0.1484,0.1714,0.1296,0.17,0.0892,0.10240000000000002,0.12919999999999998,0.1146,0.10740000000000001,0.13759999999999997,0.125,0.1202,0.08400000000000002,0.14720000000000003,0.1036,0.0876,0.141,0.115,0.0862,0.08020000000000001,0.13060000000000002
1.6188623575335848,0.0492,0.22219999999999998,0.1452,0.1676,0.1416,0.17839999999999998,0.1018,0.1216,0.13920000000000002,0.1346,0.11880000000000002,0.13279999999999997,0.1354,0.14439999999999997,0.104,0.16840000000000002,0.1144,0.11000000000000001,0.152,0.126,0.0952,0.0998,0.1134
1.6178485224085066,0.039,0.2052,0.125,0.158,0.122,0.16879999999999998,0.0932,0.1182,0.12680000000000002,0.12459999999999999,0.09579999999999998,0.1268,0.1232,0.1324,0.09359999999999999,0.15960000000000002,0.09620000000000001,0.1052,0.1284,0.116,0.0902,0.0968,0.0992
1.6168570385437857,0.04,0.1946,0.12179999999999999,0.16479999999999997,0.12179999999999998,0.16999999999999998,0.1056,0.1168,0.1358,0.13419999999999999,0.0906,0.1242,0.1142,0.1394,0.1046,0.1658,0.087,0.11699999999999998,0.12259999999999999,0.11459999999999998,0.09979999999999999,0.11359999999999998,0.10679999999999999
1.6158457127964556,0.0418,0.19319999999999998,0.1172,0.15580000000000002,0.1294,0.16519999999999999,0.1062,0.11279999999999998,0.13240000000000002,0.1304,0.09620000000000001,0.12119999999999997,0.10959999999999999,0.14899999999999997,0.1222,0.16319999999999998,0.08220000000000001,0.1222,0.11379999999999998,0.11359999999999999,0.09079999999999998,0.09699999999999999,0.1026
1.614835651403865,0.0482,0.19140000000000001,0.1152,0.152,0.12919999999999998,0.16279999999999997,0.104,0.1042,0.1356,0.129,0.10179999999999999,0.10799999999999998,0.1102,0.13999999999999996,0.12899999999999998,0.16760000000000003,0.0708,0.12299999999999998,0.11459999999999997,0.109,0.1018,0.09299999999999999,0.0858
1.613847855794885,0.0474,0.1884,0.113,0.129,0.1152,0.14579999999999999,0.10859999999999999,0.1022,0.1258,0.13419999999999999,0.1012,0.09579999999999998,0.11,0.122,0.1296,0.16720000000000004,0.06720000000000001,0.1276,0.10739999999999998,0.11199999999999999,0.1072,0.09859999999999998,0.07479999999999999
1.612840289790981,0.05680000000000002,0.19419999999999998,0.1038,0.126,0.1038,0.1374,0.12200000000000001,0.116,0.11979999999999999,0.12379999999999998,0.09659999999999999,0.09680000000000001,0.1038,0.11120000000000002,0.1408,0.16740000000000002,0.0732,0.14239999999999997,0.1044,0.09720000000000001,0.12480000000000001,0.09779999999999998,0.0676
1.611833981099947,0.06520000000000002,0.194,0.108,0.1266,0.1002,0.1272,0.11799999999999998,0.1248,0.10799999999999998,0.11079999999999998,0.0882,0.08199999999999999,0.1026,0.10880000000000001,0.1482,0.14839999999999998,0.064,0.14439999999999997,0.0792,0.09299999999999999,0.11379999999999998,0.0886,0.0634
1.6108498532048119,0.056600000000000004,0.18080000000000002,0.095,0.1226,0.0902,0.11279999999999998,0.1014,0.1226,0.08419999999999997,0.09779999999999998,0.0716,0.0648,0.09059999999999999,0.09620000000000001,0.1446,0.12639999999999998,0.0634,0.128,0.056999999999999995,0.0876,0.09380000000000001,0.0668,0.0594
1.609846026017189,0.0572,0.176,0.0938,0.13140000000000002,0.0902,0.1262,0.097,0.1172,0.0848,0.1062,0.0596,0.0562,0.08599999999999998,0.0832,0.1436,0.124,0.079,0.134,0.0414,0.0864,0.09780000000000001,0.068,0.0544
1.6088643234336277,0.0554,0.1748,0.105,0.17160000000000003,0.08680000000000002,0.13019999999999998,0.11059999999999999,0.12,0.0932,0.12,0.07100000000000001,0.0666,0.0828,0.0846,0.1492,0.12300000000000001,0.0902,0.13360000000000002,0.04180000000000002,0.0952,0.1134,0.07280000000000002,0.0756
1.6078629685818389,0.0698,0.186,0.11779999999999999,0.1702,0.09759999999999999,0.115,0.103,0.1168,0.1046,0.1328,0.087,0.0694,0.0888,0.093,0.14179999999999998,0.11259999999999999,0.10299999999999998,0.1474,0.057600000000000005,0.09440000000000001,0.1174,0.0798,0.082
1.6068628594383754,0.0648,0.1894,0.13219999999999998,0.16419999999999998,0.10540000000000001,0.1024,0.106,0.1274,0.106,0.13140000000000002,0.09540000000000001,0.07740000000000001,0.1092,0.09699999999999999,0.14139999999999997,0.10959999999999999,0.11399999999999999,0.15120000000000003,0.0724,0.1072,0.1194,0.0782,0.08799999999999998
1.60588479071695,0.0752,0.19419999999999996,0.1266,0.16479999999999997,0.11159999999999999,0.11259999999999999,0.112,0.14800000000000002,0.1044,0.1312,0.11040000000000001,0.08159999999999999,0.121,0.0978,0.14779999999999996,0.1192,0.1182,0.15660000000000002,0.09079999999999999,0.12379999999999998,0.12359999999999999,0.0938,0.1128
1.6048871401946574,0.07940000000000001,0.18839999999999993,0.1174,0.148,0.104,0.12,0.109,0.15839999999999999,0.0952,0.117,0.11059999999999999,0.0758,0.1184,0.096,0.1416,0.10339999999999998,0.1102,0.15059999999999998,0.0832,0.1268,0.1152,0.099,0.11159999999999998
1.6039114744344272,0.0804,0.1886,0.1178,0.14239999999999997,0.1038,0.11079999999999998,0.1024,0.14279999999999998,0.09440000000000001,0.10840000000000001,0.09659999999999998,0.07,0.101,0.093,0.13440000000000002,0.0892,0.0974,0.1488,0.07640000000000001,0.1182,0.11059999999999999,0.09140000000000001,0.1154
1.602916273478199,0.0778,0.1812,0.12079999999999999,0.1276,0.105,0.11059999999999999,0.0844,0.1282,0.111,0.11400000000000002,0.0942,0.06760000000000001,0.1024,0.09500000000000001,0.12140000000000001,0.092,0.0948,0.152,0.074,0.1254,0.1032,0.0974,0.1202
1.6019223067681216,0.05439999999999998,0.16979999999999995,0.11879999999999999,0.1156,0.113,0.11239999999999997,0.08519999999999997,0.12979999999999997,0.1304,0.125,0.09599999999999999,0.0702,0.103,0.10180000000000002,0.12240000000000001,0.10179999999999999,0.09259999999999997,0.14959999999999998,0.08979999999999999,0.1256,0.1072,0.10399999999999998,0.12459999999999999
1.6009502414336252,0.04219999999999999,0.17599999999999996,0.13279999999999997,0.1192,0.132,0.12519999999999998,0.09379999999999998,0.1272,0.1386,0.1418,0.11359999999999999,0.0762,0.11,0.11660000000000002,0.1356,0.11259999999999998,0.10159999999999998,0.17079999999999998,0.11359999999999999,0.1188,0.10980000000000001,0.12399999999999999,0.12179999999999999
1.5999587107429487,0.039400000000000004,0.19240000000000002,0.154,0.12,0.1518,0.13779999999999998,0.1012,0.14199999999999996,0.13679999999999998,0.16120000000000004,0.136,0.08879999999999998,0.12140000000000001,0.12840000000000001,0.152,0.12340000000000001,0.1102,0.16540000000000002,0.1364,0.1284,0.12240000000000002,0.138,0.1442
1.5989890262930535,0.03820000000000001,0.195,0.1492,0.0912,0.1396,0.1436,0.09179999999999998,0.141,0.1352,0.15280000000000002,0.132,0.09499999999999999,0.1306,0.1252,0.1536,0.117,0.1218,0.156,0.13960000000000003,0.12459999999999999,0.1242,0.1448,0.1448
1.597999922677423,0.0282,0.1804,0.1432,0.076,0.1358,0.1538,0.09259999999999999,0.13419999999999999,0.1222,0.12539999999999998,0.1152,0.07659999999999999,0.12299999999999998,0.1148,0.1546,0.11059999999999999,0.11399999999999999,0.13479999999999998,0.1328,0.11279999999999998,0.11040000000000001,0.1304,0.1454
1.5970120419859617,0.045,0.17679999999999998,0.1352,0.07579999999999998,0.1424,0.16779999999999995,0.0896,0.1316,0.1164,0.1192,0.1182,0.07379999999999999,0.10540000000000001,0.1192,0.1604,0.106,0.1088,0.13219999999999996,0.129,0.116,0.1028,0.1294,0.1346
1.5960459249343562,0.0516,0.1854,0.1522,0.09380000000000001,0.1456,0.1662,0.0942,0.1408,0.1362,0.12940000000000002,0.1192,0.08680000000000002,0.1,0.13060000000000002,0.1554,0.11460000000000002,0.1212,0.14659999999999995,0.1258,0.1124,0.11259999999999999,0.13899999999999998,0.1354
1.5950604579367123,0.05140000000000001,0.18780000000000002,0.1636,0.1164,0.1526,0.17379999999999998,0.092,0.1448,0.1432,0.13439999999999996,0.12079999999999999,0.103,0.1046,0.1394,0.14679999999999999,0.1394,0.1324,0.1446,0.12879999999999997,0.1164,0.1186,0.14939999999999998,0.1448
1.5940966999627186,0.0474,0.18519999999999998,0.17039999999999997,0.11579999999999999,0.1606,0.18619999999999998,0.087,0.1588,0.1472,0.1384,0.129,0.11159999999999999,0.10779999999999998,0.1472,0.14279999999999998,0.1598,0.1294,0.13319999999999999,0.13179999999999997,0.11799999999999998,0.12279999999999998,0.16340000000000002,0.1254
1.5931136378236013,0.03359999999999999,0.17579999999999996,0.16259999999999997,0.115,0.1548,0.1772,0.0858,0.1558,0.13779999999999998,0.12799999999999997,0.12479999999999998,0.10679999999999999,0.09739999999999997,0.1298,0.15180000000000002,0.1462,0.11220000000000001,0.1156,0.1202,0.1146,0.11179999999999998,0.153,0.1142
1.592152230297116,0.047200000000000006,0.1822,0.16479999999999997,0.132,0.15819999999999998,0.19219999999999998,0.1028,0.15380000000000002,0.1356,0.1268,0.14179999999999998,0.12179999999999999,0.11399999999999999,0.1296,0.1584,0.153,0.12359999999999999,0.12199999999999998,0.1188,0.11499999999999999,0.1316,0.1522,0.13219999999999998
1.591171564224304,0.0628,0.16240000000000002,0.1394,0.13579999999999998,0.15339999999999998,0.1762,0.0992,0.1572,0.132,0.10519999999999997,0.13999999999999996,0.1254,0.11059999999999999,0.117,0.1406,0.15439999999999998,0.09699999999999999,0.0992,0.1062,0.10759999999999997,0.11859999999999998,0.14299999999999996,0.1266
1.590212498557267,0.0538,0.135,0.1194,0.1286,0.12799999999999997,0.15080000000000002,0.0998,0.1464,0.1198,0.08120000000000001,0.12199999999999998,0.1252,0.09919999999999997,0.1034,0.1002,0.15059999999999998,0.0864,0.07599999999999998,0.07999999999999999,0.0782,0.09720000000000001,0.12940000000000002,0.1024
1.5892342198013458,0.0422,0.1322,0.11980000000000002,0.13219999999999998,0.12459999999999997,0.15120000000000003,0.1022,0.14339999999999997,0.10899999999999999,0.0704,0.10779999999999998,0.1198,0.0912,0.09259999999999999,0.079,0.1466,0.0734,0.05759999999999999,0.0648,0.0708,0.085,0.10959999999999999,0.09359999999999999
1.5882774874474843,0.0448,0.14759999999999998,0.11999999999999998,0.15039999999999998,0.12299999999999998,0.151,0.1164,0.1436,0.10840000000000001,0.08899999999999998,0.11659999999999998,0.1392,0.09720000000000001,0.091,0.0722,0.146,0.072,0.0608,0.05479999999999999,0.0882,0.10379999999999999,0.109,0.0942
1.5873015873015872,0.028999999999999998,0.1546,0.13040000000000002,0.15539999999999998,0.117,0.1394,0.12359999999999999,0.1376,0.1158,0.09459999999999999,0.1128,0.1456,0.1146,0.088,0.07300000000000001,0.1556,0.062,0.06079999999999999,0.051,0.0804,0.11179999999999998,0.108,0.104
1.5863471797561632,0.006799999999999995,0.1388,0.123,0.1398,0.10480000000000002,0.13179999999999997,0.1164,0.1128,0.1038,0.09359999999999999,0.12100000000000001,0.1346,0.12279999999999999,0.0884,0.07899999999999999,0.152,0.054200000000000005,0.0528,0.0586,0.07659999999999999,0.10740000000000001,0.10540000000000001,0.099
1.5853736495557118,-0.0002,0.11279999999999998,0.12399999999999999,0.1242,0.09659999999999999,0.11659999999999998,0.1212,0.0986,0.10679999999999999,0.099,0.1164,0.1194,0.12240000000000001,0.0778,0.0872,0.13699999999999998,0.05940000000000001,0.05899999999999999,0.067,0.0696,0.10439999999999998,0.08999999999999998,0.0854
1.584421558355268,-0.0088,0.09599999999999999,0.124,0.1296,0.084,0.1174,0.11399999999999999,0.084,0.09879999999999999,0.0814,0.1164,0.107,0.1258,0.0734,0.09040000000000001,0.1152,0.0724,0.062,0.06580000000000001,0.06719999999999998,0.08899999999999998,0.076,0.0984
1.5834503894777168,0.0030000000000000022,0.10100000000000002,0.1316,0.14279999999999998,0.0922,0.1216,0.10499999999999998,0.07399999999999998,0.09040000000000001,0.0782,0.11679999999999999,0.09619999999999998,0.1196,0.0714,0.0654,0.1134,0.07339999999999998,0.057,0.06179999999999999,0.065,0.0872,0.0684,0.1016
1.5825006061998288,0.0029999999999999983,0.1014,0.1418,0.15519999999999998,0.0952,0.12459999999999999,0.10359999999999998,0.0824,0.094,0.07959999999999999,0.10999999999999999,0.0922,0.104,0.0714,0.06559999999999999,0.12379999999999998,0.086,0.0572,0.06580000000000001,0.0868,0.0902,0.0824,0.09040000000000001
1.5815317900644092,0.006200000000000002,0.0994,0.1452,0.15299999999999997,0.085,0.137,0.10699999999999998,0.06679999999999998,0.1,0.09140000000000001,0.09059999999999999,0.0828,0.09759999999999999,0.0742,0.0708,0.1262,0.0964,0.06599999999999999,0.0698,0.10940000000000001,0.115,0.0788,0.07759999999999999
1.5805843063274359,0.0188,0.09620000000000001,0.13459999999999997,0.15299999999999997,0.0882,0.134,0.09279999999999997,0.0556,0.116,0.09179999999999999,0.09259999999999997,0.0686,0.1016,0.09020000000000002,0.08799999999999998,0.11579999999999999,0.0866,0.0862,0.0884,0.1206,0.1288,0.0676,0.0778
1.5796178343949046,0.0254,0.0862,0.12240000000000001,0.14,0.0988,0.1158,0.07439999999999998,0.032999999999999995,0.12040000000000001,0.08,0.09379999999999998,0.055799999999999995,0.09240000000000001,0.09079999999999998,0.08599999999999998,0.1044,0.0746,0.0958,0.092,0.1072,0.128,0.061399999999999996,0.0648
1.5786726418577413,0.019999999999999997,0.07,0.1302,0.13240000000000002,0.1032,0.116,0.0714,0.027399999999999997,0.1262,0.07840000000000001,0.0994,0.04319999999999999,0.0848,0.10459999999999998,0.0978,0.10959999999999999,0.0854,0.1134,0.1044,0.0996,0.13,0.07579999999999999,0.06500000000000002
1.5777285797898057,0.013599999999999996,0.052,0.122,0.11799999999999998,0.09199999999999998,0.1148,0.061399999999999996,0.011999999999999993,0.11779999999999999,0.0752,0.08639999999999998,0.027,0.06900000000000002,0.09899999999999999,0.0772,0.09720000000000001,0.09599999999999999,0.11579999999999999,0.1012,0.0896,0.11799999999999998,0.0734,0.04860000000000001
1.5767655959919638,0.011399999999999997,0.044,0.1162,0.10740000000000001,0.0872,0.1042,0.0518,0.011400000000000004,0.1044,0.054400000000000004,0.053200000000000004,0.02040000000000001,0.05419999999999999,0.07940000000000001,0.059,0.08220000000000001,0.08279999999999998,0.10579999999999999,0.08179999999999998,0.0836,0.10379999999999998,0.059,0.023199999999999995
1.5758238127311315,0.0242,0.066,0.11679999999999999,0.11779999999999999,0.0844,0.11680000000000001,0.049400000000000006,0.026,0.1156,0.056799999999999996,0.05460000000000001,0.03300000000000001,0.047200000000000006,0.07940000000000001,0.0628,0.08780000000000002,0.0942,0.11220000000000001,0.07940000000000001,0.09099999999999998,0.11479999999999999,0.06919999999999998,0.036000000000000004
1.5748631520123957,0.023,0.0792,0.1034,0.11320000000000001,0.0898,0.11260000000000002,0.06520000000000002,0.0338,0.1216,0.0686,0.0572,0.041400000000000006,0.057,0.0968,0.0626,0.09040000000000001,0.09179999999999999,0.11779999999999999,0.07399999999999998,0.11500000000000002,0.12959999999999997,0.0726,0.04320000000000001
1.573923639317628,0.004599999999999998,0.08159999999999999,0.085,0.1046,0.07740000000000001,0.11640000000000002,0.0752,0.0376,0.1348,0.0728,0.06520000000000002,0.057600000000000005,0.0688,0.10940000000000001,0.0772,0.0798,0.09620000000000001,0.12459999999999999,0.0834,0.12979999999999997,0.12699999999999997,0.0716,0.0474
1.5729652932819158,0.010600000000000007,0.078,0.07759999999999999,0.0874,0.0702,0.12140000000000001,0.0608,0.030999999999999996,0.12179999999999999,0.0724,0.0692,0.0656,0.06459999999999999,0.12179999999999999,0.07540000000000001,0.0634,0.0792,0.13699999999999998,0.08220000000000001,0.11320000000000001,0.10679999999999998,0.057,0.0504
1.5720280429518632,0.008400000000000005,0.09459999999999999,0.089,0.08420000000000001,0.079,0.1144,0.0528,0.0454,0.1154,0.07099999999999998,0.07659999999999999,0.0688,0.0676,0.1226,0.08259999999999999,0.0496,0.0818,0.14419999999999997,0.0718,0.1026,0.10299999999999998,0.0634,0.057
1.5710919088766693,-0.0008000000000000006,0.10699999999999998,0.1012,0.0814,0.084,0.11879999999999999,0.05720000000000001,0.055799999999999995,0.1014,0.07299999999999998,0.073,0.078,0.0644,0.1072,0.09559999999999999,0.046799999999999994,0.07940000000000001,0.1316,0.0562,0.0984,0.09279999999999998,0.0716,0.055600000000000004
1.5701370071162661,-0.0052,0.11159999999999999,0.09340000000000001,0.06019999999999999,0.071,0.09999999999999999,0.0544,0.0674,0.07999999999999999,0.06459999999999999,0.0656,0.0798,0.057999999999999996,0.09240000000000001,0.0992,0.0444,0.07640000000000001,0.12399999999999999,0.05,0.0912,0.0726,0.071,0.058
1.5692031232204098,-0.007600000000000003,0.1034,0.0818,0.0424,0.055799999999999995,0.08379999999999999,0.03479999999999999,0.07859999999999999,0.054599999999999996,0.0506,0.055600000000000004,0.06999999999999998,0.06139999999999998,0.07840000000000001,0.0782,0.0314,0.072,0.1022,0.03219999999999999,0.07239999999999998,0.03779999999999999,0.0562,0.040600000000000004
1.5682505153726491,-0.011000000000000008,0.10799999999999998,0.089,0.042799999999999984,0.0586,0.088,0.042600000000000006,0.1034,0.0502,0.0456,0.0588,0.08220000000000001,0.06339999999999998,0.0902,0.08,0.0252,0.08159999999999999,0.09459999999999999,0.03159999999999999,0.07759999999999999,0.04519999999999999,0.0528,0.0518
1.5673188735527581,-0.01840000000000001,0.1248,0.09880000000000001,0.06020000000000001,0.0658,0.1022,0.05880000000000002,0.11159999999999999,0.058,0.0484,0.0656,0.0854,0.076,0.08899999999999998,0.0752,0.0288,0.096,0.09400000000000001,0.04,0.082,0.0598,0.06160000000000001,0.0742
1.5663883379861805,-0.037399999999999996,0.1254,0.099,0.0584,0.062,0.07779999999999998,0.061399999999999996,0.097,0.028999999999999998,0.034600000000000006,0.0584,0.06720000000000001,0.07139999999999998,0.07739999999999998,0.0592,0.038000000000000006,0.075,0.0718,0.032799999999999996,0.07019999999999998,0.0446,0.0448,0.0694
1.5654391435532944,-0.03640000000000001,0.1172,0.10940000000000001,0.0546,0.06860000000000001,0.0728,0.056,0.0838,0.030199999999999998,0.0208,0.0518,0.057,0.06559999999999999,0.054599999999999996,0.061200000000000004,0.05260000000000001,0.0742,0.06459999999999999,0.040199999999999986,0.055400000000000005,0.0442,0.0356,0.056799999999999996
1.56451083802266,-0.0374,0.10940000000000001,0.11499999999999999,0.03219999999999999,0.057,0.0562,0.046799999999999994,0.0762,0.019800000000000005,0.015600000000000003,0.045399999999999996,0.0414,0.044599999999999994,0.033199999999999986,0.051,0.0624,0.057,0.059000000000000004,0.034800000000000005,0.034199999999999994,0.0492,0.0394,0.0402
1.5635836328100372,-0.0446,0.10420000000000001,0.1036,0.02619999999999999,0.04079999999999998,0.025199999999999993,0.0516,0.0752,0.0212,0.010599999999999998,0.051,0.020399999999999998,0.0436,0.005399999999999998,0.046799999999999994,0.0576,0.0418,0.020399999999999988,0.0318,0.0386,0.0396,0.0482,0.032
1.5626378334782554,-0.0484,0.10340000000000003,0.10640000000000001,0.037,0.0386,0.032799999999999996,0.0654,0.0938,0.027399999999999997,0.014200000000000004,0.0656,0.03640000000000001,0.05919999999999999,0.0082,0.05240000000000001,0.0852,0.040799999999999996,0.011800000000000001,0.045200000000000004,0.0416,0.0268,0.048600000000000004,0.045200000000000004
1.561712846347607,-0.0456,0.10640000000000002,0.1076,0.0476,0.033,0.043,0.0804,0.0996,0.03960000000000001,0.0202,0.07959999999999999,0.04360000000000001,0.071,0.014600000000000004,0.05160000000000001,0.09759999999999998,0.0516,0.018600000000000002,0.054799999999999995,0.0578,0.0246,0.053,0.0514
1.5607889536420507,-0.04460000000000001,0.0968,0.1002,0.048799999999999996,0.014599999999999995,0.0474,0.0932,0.09620000000000001,0.035399999999999994,0.0254,0.0844,0.0314,0.07579999999999999,0.017799999999999996,0.056400000000000006,0.0952,0.0442,0.0188,0.0582,0.061799999999999994,0.0308,0.0504,0.0498
1.5598465312283791,-0.050200000000000015,0.09559999999999999,0.099,0.06019999999999999,0.011799999999999995,0.048799999999999996,0.1092,0.096,0.0492,0.031,0.08179999999999998,0.04,0.07899999999999999,0.018999999999999996,0.0692,0.1022,0.02059999999999999,0.0332,0.07199999999999998,0.065,0.0464,0.0528,0.045399999999999996
1.5589248447361144,-0.046799999999999994,0.0942,0.0828,0.06659999999999999,0.010400000000000003,0.0448,0.09559999999999999,0.08279999999999998,0.05499999999999999,0.0368,0.08179999999999998,0.03579999999999999,0.0808,0.0086,0.08,0.11059999999999999,-0.005000000000000004,0.034199999999999994,0.07379999999999999,0.06420000000000001,0.0424,0.0632,0.039799999999999995
1.5580042468180277,-0.01199999999999999,0.09400000000000001,0.0834,0.06760000000000001,0.016000000000000007,0.0458,0.09659999999999999,0.08120000000000001,0.0638,0.056799999999999996,0.101,0.0378,0.0692,0.0176,0.1014,0.1262,-0.007999999999999993,0.047800000000000016,0.0838,0.0668,0.0414,0.06760000000000001,0.04440000000000001
1.5570651832690834,-0.010199999999999999,0.0846,0.08480000000000001,0.075,0.033,0.0554,0.09379999999999998,0.0782,0.0872,0.0772,0.1184,0.0564,0.0712,0.036,0.10840000000000001,0.1212,-0.0017999999999999989,0.07180000000000002,0.078,0.0742,0.0498,0.0834,0.0464
1.5561467797801314,-0.011399999999999995,0.0778,0.0706,0.0756,0.022800000000000004,0.047799999999999995,0.0852,0.0824,0.07799999999999999,0.089,0.121,0.0564,0.0482,0.032999999999999995,0.1022,0.1012,-0.0001999999999999948,0.0726,0.06079999999999999,0.064,0.030599999999999992,0.08480000000000001,0.0436
1.5552294590560762,-0.0184,0.074,0.06559999999999999,0.0824,0.0338,0.0396,0.09079999999999999,0.09259999999999999,0.061200000000000004,0.0832,0.11019999999999998,0.0554,0.056400000000000006,0.033999999999999996,0.1066,0.09459999999999999,0.014399999999999998,0.06559999999999999,0.060000000000000005,0.0736,0.028999999999999998,0.0638,0.0504
1.5542937364469347,-0.016,0.07859999999999999,0.0688,0.09,0.0494,0.05020000000000001,0.09799999999999999,0.09299999999999999,0.0594,0.089,0.0912,0.0664,0.061000000000000006,0.03579999999999999,0.10540000000000001,0.09820000000000001,0.020999999999999998,0.0792,0.0668,0.075,0.03679999999999999,0.05420000000000001,0.0658
1.5533785984516324,-0.0007999999999999864,0.08220000000000001,0.0668,0.096,0.0416,0.05880000000000002,0.09379999999999998,0.07940000000000001,0.05079999999999999,0.09259999999999999,0.07859999999999999,0.055400000000000005,0.046,0.032600000000000004,0.0978,0.078,0.029600000000000008,0.08120000000000001,0.0576,0.0698,0.041000000000000016,0.06080000000000002,0.0684
1.552464537453207,0.0044,0.07019999999999998,0.0564,0.087,0.0476,0.0516,0.096,0.0674,0.0442,0.0746,0.07240000000000002,0.049400000000000006,0.036,0.032799999999999996,0.08320000000000002,0.07740000000000001,0.027399999999999997,0.08099999999999999,0.047200000000000006,0.056,0.038,0.0516,0.0694
1.5515515515515514,0.004600000000000001,0.0678,0.08220000000000002,0.1004,0.06659999999999999,0.0578,0.0952,0.0694,0.057,0.07840000000000001,0.07859999999999999,0.0674,0.0368,0.0362,0.0736,0.086,0.044,0.0964,0.039799999999999995,0.060399999999999995,0.038400000000000004,0.0628,0.0718
1.5506202480992397,0.012399999999999996,0.074,0.09760000000000002,0.10679999999999998,0.0844,0.061200000000000004,0.0974,0.0614,0.06819999999999998,0.0864,0.0834,0.07379999999999999,0.038,0.0456,0.07440000000000002,0.08940000000000001,0.07840000000000001,0.09559999999999999,0.039799999999999995,0.074,0.0416,0.06720000000000001,0.0888
1.5497094294819722,0.005399999999999986,0.0722,0.1092,0.1026,0.08079999999999998,0.056600000000000004,0.09,0.04519999999999999,0.066,0.07579999999999998,0.09039999999999998,0.0704,0.0296,0.034,0.05879999999999999,0.073,0.089,0.1036,0.043,0.0778,0.039799999999999995,0.039599999999999996,0.08
1.548799680247808,-0.034600000000000006,0.0578,0.0882,0.08179999999999998,0.0678,0.04079999999999999,0.06359999999999999,0.03399999999999999,0.0546,0.0506,0.06919999999999998,0.0564,0.016799999999999995,0.016599999999999993,0.0396,0.0456,0.075,0.0896,0.019399999999999997,0.0586,0.026999999999999996,0.021199999999999997,0.061
1.547890998514524,-0.03640000000000001,0.053,0.0728,0.0684,0.064,0.042,0.06,0.02619999999999999,0.037200000000000004,0.035,0.04279999999999999,0.0416,0.0192,0.0124,0.03319999999999999,0.0386,0.06179999999999999,0.07119999999999999,0.0248,0.0514,0.008399999999999993,0.012,0.0456
1.5469640829871376,-0.042600000000000006,0.0604,0.0788,0.08220000000000001,0.0656,0.04519999999999999,0.0678,0.0268,0.0448,0.039200000000000006,0.039799999999999995,0.0474,0.031999999999999994,0.020399999999999998,0.0214,0.0438,0.05679999999999999,0.08159999999999999,0.05620000000000001,0.0628,0.0208,0.012,0.0506
1.54605755323924,-0.01619999999999999,0.0722,0.0964,0.093,0.0702,0.05979999999999999,0.076,0.0376,0.054799999999999995,0.0646,0.07160000000000001,0.07659999999999999,0.04479999999999999,0.0288,0.0224,0.0648,0.0656,0.088,0.0722,0.0678,0.03640000000000001,0.038200000000000005,0.06200000000000001
1.54515208533227,-0.02040000000000001,0.0638,0.102,0.0866,0.057,0.055199999999999985,0.06259999999999998,0.030199999999999987,0.04379999999999999,0.0588,0.07679999999999998,0.06779999999999999,0.0326,0.01799999999999999,0.011599999999999997,0.055799999999999995,0.0608,0.08480000000000001,0.0688,0.04719999999999999,0.030999999999999993,0.03679999999999999,0.0514
1.5442476774016787,-0.0386,0.05800000000000001,0.09879999999999999,0.06599999999999999,0.043,0.0448,0.0624,0.026999999999999993,0.0416,0.0576,0.07219999999999997,0.05779999999999999,0.027000000000000003,0.015400000000000007,0.006200000000000007,0.05059999999999999,0.042,0.0834,0.06459999999999999,0.0512,0.019399999999999994,0.0332,0.0394
1.5433251188609265,-0.0434,0.05700000000000001,0.09759999999999999,0.06919999999999998,0.037399999999999996,0.0448,0.053200000000000004,0.037200000000000004,0.04880000000000002,0.06459999999999999,0.06520000000000001,0.058,0.026600000000000002,0.006600000000000002,0.0072,0.04119999999999999,0.046000000000000006,0.08280000000000001,0.07119999999999999,0.0528,0.0208,0.0378,0.034
1.5424228477603772,-0.06259999999999999,0.0508,0.0714,0.0492,0.0218,0.0394,0.052399999999999995,0.02659999999999999,0.03359999999999999,0.0656,0.052399999999999995,0.0436,0.015799999999999998,-0.007000000000000001,0.008600000000000002,0.033400000000000006,0.029199999999999997,0.05399999999999999,0.06479999999999998,0.044,0.009399999999999995,0.014199999999999992,0.019199999999999995
1.5415216310293387,-0.05119999999999999,0.0638,0.0746,0.0464,0.0252,0.0498,0.0598,0.02759999999999999,0.046,0.07280000000000002,0.062,0.0538,0.0178,-0.008799999999999997,0.007200000000000003,0.060200000000000004,0.0128,0.0592,0.0698,0.048600000000000004,0.022,0.0158,0.0206
1.5406214668207288,-0.022999999999999993,0.0836,0.08,0.0636,0.049,0.06520000000000001,0.0886,0.0576,0.06459999999999999,0.0896,0.0624,0.0772,0.039400000000000004,0.012800000000000002,0.028800000000000006,0.0792,0.0152,0.062400000000000004,0.06499999999999999,0.061,0.0368,0.04940000000000001,0.041
1.5397223532917774,0.0036000000000000034,0.093,0.0994,0.06879999999999999,0.063,0.0712,0.1114,0.06459999999999999,0.06559999999999999,0.1018,0.078,0.0958,0.0544,0.03540000000000001,0.037,0.09820000000000002,0.028399999999999998,0.053399999999999996,0.0706,0.0708,0.052,0.054200000000000005,0.056799999999999996
1.5388051922265518,0.004999999999999993,0.106,0.12440000000000001,0.082,0.07180000000000002,0.07579999999999999,0.13260000000000002,0.082,0.0654,0.11040000000000001,0.09540000000000001,0.1154,0.0696,0.052399999999999995,0.054,0.11140000000000003,0.05800000000000001,0.0526,0.074,0.07280000000000002,0.07019999999999998,0.054799999999999995,0.08979999999999999
1.5379081968026393,0.015599999999999998,0.1036,0.1238,0.075,0.0758,0.086,0.1428,0.10179999999999999,0.0512,0.1194,0.1008,0.116,0.0716,0.056799999999999996,0.0664,0.12220000000000002,0.06459999999999999,0.047400000000000005,0.0654,0.08620000000000001,0.0704,0.0572,0.09820000000000001
1.537012246516932,-2.55351295663786e-18,0.09759999999999999,0.11079999999999998,0.0782,0.07640000000000001,0.09140000000000001,0.13939999999999997,0.0992,0.046,0.1072,0.08059999999999999,0.1056,0.0718,0.0678,0.062,0.1134,0.0684,0.04980000000000002,0.0652,0.07859999999999999,0.0564,0.048,0.0846
1.5361173395438723,0.010799999999999997,0.1226,0.1174,0.085,0.1034,0.10479999999999998,0.16920000000000002,0.11220000000000001,0.0818,0.12340000000000001,0.0834,0.1142,0.0932,0.10540000000000001,0.07940000000000001,0.15180000000000002,0.1006,0.08020000000000002,0.071,0.103,0.087,0.06459999999999999,0.0968
1.5352234740621518,0.005799999999999997,0.1362,0.1144,0.0896,0.12279999999999998,0.1024,0.1746,0.111,0.0912,0.1108,0.09440000000000001,0.1184,0.09759999999999999,0.11,0.0964,0.158,0.131,0.0824,0.0872,0.096,0.1034,0.062,0.10959999999999999
1.534330648254699,0.0232,0.14439999999999997,0.13579999999999998,0.0906,0.13340000000000002,0.11040000000000001,0.174,0.1118,0.10180000000000002,0.1284,0.1016,0.1206,0.1154,0.1212,0.11400000000000002,0.1596,0.13259999999999997,0.0942,0.0876,0.1156,0.1046,0.0648,0.1162
1.5334198973597972,0.036,0.14039999999999997,0.1416,0.0932,0.1432,0.12359999999999997,0.17160000000000003,0.111,0.1046,0.1232,0.0906,0.1222,0.1178,0.13099999999999998,0.10840000000000001,0.15020000000000003,0.1318,0.1088,0.09540000000000001,0.12279999999999998,0.1062,0.0732,0.1366
1.532529167490607,0.030199999999999994,0.119,0.11299999999999999,0.0848,0.1402,0.11779999999999999,0.15439999999999998,0.11080000000000001,0.0814,0.1016,0.0722,0.09439999999999998,0.09659999999999998,0.12399999999999999,0.1006,0.12979999999999997,0.1336,0.09179999999999999,0.07859999999999999,0.1044,0.0932,0.06719999999999998,0.12840000000000001
1.5316394718314208,0.025999999999999995,0.1058,0.10079999999999999,0.08420000000000001,0.1436,0.11220000000000001,0.14579999999999999,0.10479999999999999,0.0686,0.09659999999999999,0.0834,0.067,0.07259999999999998,0.12279999999999999,0.1036,0.13340000000000002,0.1458,0.0896,0.0948,0.0828,0.0884,0.06340000000000001,0.1298
1.5307508085820805,0.0428,0.12200000000000001,0.10599999999999998,0.09980000000000001,0.1486,0.1242,0.1594,0.12400000000000001,0.085,0.10800000000000001,0.09,0.0652,0.0778,0.136,0.114,0.14359999999999998,0.15940000000000001,0.111,0.11779999999999999,0.0882,0.1032,0.08940000000000001,0.1364
1.5298631759466028,0.0446,0.11220000000000002,0.0906,0.07659999999999999,0.1262,0.12000000000000001,0.13779999999999998,0.12459999999999999,0.101,0.104,0.08120000000000001,0.0578,0.06179999999999999,0.1166,0.09659999999999999,0.1336,0.14,0.1108,0.1172,0.09359999999999999,0.10420000000000001,0.08879999999999998,0.119
1.528976572133169,0.03719999999999999,0.1078,0.08139999999999997,0.06599999999999999,0.1142,0.1114,0.11639999999999996,0.10740000000000001,0.12179999999999999,0.0756,0.07259999999999998,0.044,0.06559999999999999,0.10299999999999998,0.084,0.1182,0.1346,0.108,0.10899999999999999,0.066,0.1028,0.0714,0.1032
1.5280909953541104,0.0384,0.11300000000000002,0.0884,0.0682,0.11299999999999999,0.10900000000000001,0.12279999999999998,0.0986,0.1278,0.06340000000000001,0.07640000000000001,0.0344,0.0658,0.096,0.0792,0.1138,0.1252,0.10900000000000001,0.102,0.0664,0.1046,0.0742,0.1108
1.5272064438258983,0.04,0.0968,0.0852,0.07,0.09279999999999998,0.1206,0.1172,0.09179999999999999,0.10899999999999999,0.0614,0.08120000000000001,0.0514,0.0684,0.0854,0.07139999999999998,0.07640000000000001,0.11760000000000002,0.09,0.08920000000000002,0.06420000000000001,0.07859999999999999,0.0724,0.1138
1.5263041284064893,0.0502,0.0828,0.0932,0.0698,0.0872,0.14840000000000003,0.1124,0.079,0.11359999999999999,0.0854,0.0644,0.08820000000000001,0.095,0.104,0.052,0.08220000000000001,0.1026,0.0896,0.08259999999999998,0.0734,0.0576,0.08640000000000002,0.10959999999999999
1.5254216437648391,0.0484,0.08580000000000002,0.0866,0.06620000000000001,0.1004,0.15680000000000002,0.1164,0.07659999999999999,0.10859999999999999,0.0788,0.056,0.10940000000000001,0.09720000000000002,0.11359999999999999,0.05620000000000001,0.098,0.1014,0.0814,0.1062,0.074,0.06700000000000002,0.0942,0.1138
1.5245401790105242,0.04219999999999999,0.0884,0.0844,0.0742,0.09340000000000001,0.13419999999999999,0.1082,0.0716,0.114,0.06299999999999999,0.0588,0.1076,0.0928,0.114,0.048799999999999996,0.09539999999999997,0.09759999999999999,0.066,0.10779999999999999,0.0676,0.07119999999999999,0.0974,0.1
1.5236597323765404,0.03219999999999999,0.086,0.08959999999999999,0.069,0.08159999999999998,0.10159999999999998,0.10679999999999999,0.05499999999999999,0.1154,0.0546,0.04439999999999998,0.10859999999999997,0.0884,0.10859999999999997,0.03499999999999999,0.08159999999999998,0.07439999999999998,0.053399999999999996,0.1144,0.0732,0.0556,0.1014,0.08879999999999998
1.5227803020999633,0.015599999999999998,0.0872,0.09299999999999999,0.061399999999999996,0.07740000000000001,0.09759999999999998,0.11259999999999999,0.05840000000000002,0.1168,0.054200000000000005,0.0326,0.1276,0.0906,0.11120000000000001,0.027,0.07659999999999999,0.07700000000000001,0.0576,0.1008,0.0938,0.05700000000000001,0.08959999999999999,0.0862
1.5219018864219351,-0.0055999999999999965,0.0656,0.081,0.054799999999999995,0.0596,0.0854,0.086,0.046,0.10099999999999999,0.0338,0.009400000000000002,0.11979999999999999,0.08039999999999997,0.0846,0.008400000000000001,0.053,0.060399999999999995,0.05319999999999999,0.083,0.0862,0.031199999999999995,0.059,0.06999999999999998
1.5210244835876552,0.0032000000000000023,0.073,0.0792,0.08220000000000001,0.0704,0.08699999999999998,0.09400000000000001,0.0442,0.09759999999999999,0.04200000000000001,0.014600000000000004,0.1156,0.09359999999999999,0.0878,0.016600000000000004,0.056,0.0546,0.06579999999999998,0.09620000000000001,0.0838,0.037200000000000004,0.0648,0.064
1.520148091846367,0.005399999999999997,0.0878,0.0874,0.09359999999999999,0.0732,0.09,0.10480000000000002,0.055799999999999995,0.09820000000000001,0.0528,0.023400000000000008,0.1276,0.09300000000000001,0.09479999999999998,0.0238,0.0606,0.063,0.0714,0.113,0.1042,0.045,0.08859999999999998,0.07759999999999999
1.5192727094513465,0.0007999999999999954,0.07759999999999999,0.083,0.0866,0.07180000000000002,0.07879999999999998,0.0896,0.0574,0.10940000000000001,0.07,0.018600000000000002,0.12079999999999999,0.0874,0.096,0.035,0.061799999999999994,0.0648,0.0736,0.10679999999999998,0.103,0.037,0.0838,0.082
1.518398334659891,0.002,0.08720000000000001,0.09280000000000001,0.0818,0.07820000000000002,0.07940000000000001,0.0858,0.05119999999999999,0.1102,0.0684,0.025800000000000003,0.10940000000000001,0.08940000000000001,0.09340000000000001,0.0412,0.0848,0.06620000000000001,0.08159999999999999,0.11220000000000001,0.1062,0.0354,0.076,0.0696
1.5175249657333072,0.0008000000000000016,0.09460000000000002,0.09520000000000002,0.0844,0.07540000000000001,0.0606,0.0882,0.0638,0.1024,0.05660000000000001,0.038799999999999994,0.0886,0.0724,0.07740000000000001,0.0432,0.08279999999999998,0.07180000000000002,0.07,0.118,0.10980000000000001,0.054,0.0604,0.06559999999999999
1.5166526009369,-0.002999999999999991,0.0902,0.086,0.0928,0.0574,0.049400000000000006,0.0778,0.062,0.08940000000000001,0.0442,0.0394,0.0666,0.057,0.060200000000000004,0.028,0.07860000000000002,0.06980000000000001,0.06620000000000001,0.11180000000000001,0.1056,0.0456,0.0578,0.07379999999999999
1.5157812385399605,-0.0104,0.08899999999999998,0.0716,0.07859999999999999,0.05379999999999999,0.04879999999999998,0.074,0.0648,0.0742,0.0498,0.030399999999999993,0.0574,0.0496,0.038599999999999995,0.019399999999999987,0.08239999999999997,0.0626,0.05759999999999999,0.09659999999999999,0.1038,0.028999999999999995,0.048600000000000004,0.06699999999999999
1.514910876815755,-0.020800000000000006,0.10759999999999997,0.0686,0.08259999999999998,0.045799999999999993,0.0674,0.0664,0.07859999999999999,0.06860000000000001,0.0626,0.0424,0.0638,0.0554,0.042,0.02159999999999999,0.08019999999999998,0.08540000000000002,0.0628,0.0996,0.11320000000000001,0.03339999999999999,0.0446,0.07119999999999999
1.514041514041514,-0.022199999999999994,0.1,0.0634,0.07679999999999998,0.016799999999999995,0.0656,0.0448,0.07640000000000001,0.058,0.0678,0.034199999999999994,0.0588,0.05679999999999999,0.038,0.008599999999999998,0.06499999999999999,0.0772,0.0572,0.09579999999999998,0.09879999999999999,0.02759999999999999,0.048400000000000006,0.06659999999999998
1.5131731484984197,-0.0366,0.0986,0.05279999999999999,0.0852,0.028000000000000008,0.060399999999999995,0.0424,0.07540000000000001,0.0466,0.0694,0.043,0.058,0.04319999999999998,0.0504,0.023000000000000007,0.07799999999999999,0.0736,0.0404,0.08499999999999999,0.10239999999999998,0.029399999999999996,0.0638,0.0644
1.5123057784715954,-0.033999999999999996,0.09959999999999998,0.048,0.0752,0.025600000000000005,0.05019999999999999,0.040600000000000004,0.07379999999999999,0.0444,0.0506,0.046799999999999994,0.06580000000000001,0.031799999999999995,0.055600000000000004,0.022600000000000002,0.07139999999999998,0.08,0.035,0.071,0.1042,0.0238,0.062,0.0728
1.5114394022500945,-0.021999999999999992,0.096,0.0474,0.072,0.034800000000000005,0.044,0.0506,0.0762,0.0448,0.0632,0.048799999999999996,0.07640000000000001,0.0396,0.0708,0.0356,0.08059999999999999,0.0912,0.0338,0.055,0.09579999999999998,0.022600000000000002,0.0684,0.0718
1.5105740181268883,-0.015199999999999993,0.1012,0.0394,0.07119999999999999,0.0386,0.04259999999999999,0.06459999999999999,0.0716,0.0308,0.047799999999999995,0.0498,0.07540000000000001,0.0434,0.065,0.027399999999999997,0.0884,0.081,0.015599999999999998,0.048,0.0824,0.026600000000000002,0.071,0.056799999999999996
1.5097096243988555,-0.014599999999999993,0.08539999999999998,0.0188,0.063,0.032799999999999996,0.0202,0.0586,0.0642,0.020999999999999998,0.029999999999999992,0.038799999999999994,0.0594,0.024799999999999992,0.0562,0.014399999999999996,0.073,0.0484,-0.012800000000000002,0.040799999999999996,0.0592,0.0188,0.06819999999999998,0.053200000000000004
1.5088462193667713,-0.0242,0.07059999999999998,-0.0044,0.05179999999999999,0.0292,0.0016000000000000012,0.051,0.05740000000000001,0.018199999999999997,0.021,0.043,0.04440000000000001,0.006599999999999993,0.054,0.0104,0.064,0.03219999999999999,-0.015,0.0272,0.045,-0.0010000000000000035,0.0656,0.050600000000000006
1.5079838013352953,-0.045,0.064,-0.0035999999999999947,0.0456,0.027600000000000003,-0.015399999999999994,0.0596,0.0422,0.022,0.022999999999999996,0.0428,0.040600000000000004,-0.004400000000000002,0.05940000000000001,0.0094,0.053200000000000004,0.0272,-0.007999999999999988,0.02900000000000001,0.034000000000000016,0.010400000000000006,0.04919999999999999,0.0344
1.5071223686129613,-0.0418,0.07859999999999999,0.0078,0.06819999999999998,0.031999999999999994,0.012800000000000006,0.06719999999999998,0.0506,0.0386,0.0348,0.0594,0.0572,0.0033999999999999976,0.0772,0.041400000000000006,0.0608,0.045200000000000004,0.0134,0.037200000000000004,0.053000000000000005,0.0442,0.053,0.0546
1.5062619195121654,-0.025999999999999995,0.061399999999999996,0.013399999999999999,0.075,0.054,0.03680000000000002,0.0782,0.0538,0.046799999999999994,0.040600000000000004,0.0762,0.0798,0.006599999999999992,0.0842,0.059,0.0724,0.0458,0.017199999999999997,0.035,0.0536,0.06,0.056,0.06919999999999998
1.5054024523491563,-0.0188,0.057,0.0072,0.076,0.07700000000000001,0.0476,0.0854,0.0516,0.058,0.038,0.0876,0.0788,0.006399999999999996,0.0886,0.06420000000000001,0.08700000000000001,0.05120000000000001,0.01,0.0394,0.058,0.0742,0.04979999999999999,0.0626
1.5045439654440225,-0.014800000000000002,0.06,0.0044,0.065,0.082,0.0594,0.09359999999999999,0.0508,0.0734,0.05,0.08480000000000001,0.0808,0.026000000000000002,0.08280000000000001,0.0572,0.0732,0.0538,0.0182,0.05500000000000001,0.061,0.09440000000000001,0.0378,0.07220000000000001
1.503686457120683,-0.0208,0.0648,0.008000000000000005,0.06720000000000001,0.0986,0.05899999999999999,0.09759999999999999,0.0626,0.07840000000000001,0.06559999999999999,0.09800000000000003,0.067,0.03760000000000001,0.0854,0.06340000000000001,0.06879999999999999,0.068,0.023600000000000006,0.06340000000000001,0.057,0.0992,0.0412,0.07759999999999999
1.5028299257068753,-0.019399999999999994,0.056600000000000004,0.010000000000000004,0.0654,0.10779999999999999,0.0626,0.09140000000000001,0.030399999999999993,0.060200000000000004,0.054,0.0846,0.0544,0.0246,0.0818,0.047,0.0636,0.05560000000000001,0.018000000000000002,0.0654,0.05419999999999999,0.09679999999999998,0.0288,0.0638
1.5019743695341456,-0.011799999999999998,0.06760000000000001,0.029200000000000007,0.07940000000000001,0.1124,0.08960000000000003,0.0872,0.04440000000000001,0.063,0.04719999999999999,0.084,0.06659999999999999,0.0222,0.0848,0.0562,0.062200000000000005,0.07320000000000002,0.04280000000000002,0.0834,0.0746,0.1042,0.0258,0.0726
1.5011197869378368,-0.012600000000000002,0.0876,0.046799999999999994,0.1018,0.129,0.11720000000000001,0.105,0.0656,0.07799999999999999,0.074,0.10000000000000002,0.0896,0.0416,0.1016,0.08340000000000002,0.0814,0.11320000000000001,0.0842,0.1016,0.1092,0.1306,0.04040000000000001,0.08660000000000002
1.500266176257078,-0.0045999999999999965,0.1024,0.059,0.12040000000000001,0.1576,0.1326,0.1238,0.07680000000000001,0.09079999999999999,0.1,0.1,0.1044,0.0604,0.111,0.1008,0.10640000000000001,0.138,0.1128,0.11600000000000002,0.12919999999999998,0.1584,0.048,0.09340000000000002
1.4994135358347742,-0.002600000000000004,0.105,0.0604,0.11220000000000001,0.16419999999999998,0.13079999999999997,0.1128,0.09,0.0828,0.096,0.07839999999999998,0.0968,0.05199999999999999,0.09559999999999999,0.0964,0.10080000000000001,0.1498,0.1046,0.099,0.13240000000000002,0.1346,0.0624,0.086
1.498561864017596,0.008600000000000002,0.09599999999999999,0.0712,0.10540000000000001,0.182,0.10439999999999998,0.11259999999999999,0.0912,0.07659999999999999,0.09499999999999999,0.076,0.08979999999999999,0.048,0.098,0.0792,0.104,0.14439999999999997,0.0968,0.1,0.1196,0.12,0.07759999999999999,0.0864
1.4977111591559673,0.0238,0.1052,0.088,0.1008,0.18459999999999996,0.1062,0.1184,0.1076,0.08020000000000001,0.09659999999999998,0.07959999999999998,0.07579999999999999,0.071,0.09359999999999997,0.0872,0.10279999999999999,0.1508,0.1152,0.1152,0.1178,0.113,0.0872,0.0952
1.4968794891295163,0.046200000000000005,0.12040000000000001,0.1238,0.1254,0.182,0.1146,0.1352,0.13960000000000003,0.09359999999999999,0.11320000000000001,0.10499999999999998,0.0852,0.09540000000000001,0.09099999999999998,0.10939999999999998,0.1144,0.15580000000000002,0.13579999999999998,0.13319999999999999,0.12100000000000001,0.10940000000000001,0.1004,0.1196
1.4960306927587288,0.0546,0.1164,0.1452,0.121,0.1702,0.1102,0.14039999999999997,0.14360000000000003,0.1,0.1154,0.10959999999999998,0.088,0.10000000000000002,0.09999999999999999,0.12499999999999999,0.1248,0.17060000000000003,0.143,0.13,0.1162,0.1058,0.10540000000000001,0.11779999999999999
1.4951828584520033,0.0522,0.10959999999999999,0.1432,0.1232,0.1472,0.1212,0.1266,0.1306,0.09259999999999999,0.11320000000000001,0.09240000000000001,0.093,0.089,0.0878,0.1262,0.12879999999999997,0.15259999999999999,0.13099999999999998,0.127,0.1186,0.09720000000000001,0.0866,0.1024
1.4943359845745963,0.0544,0.1154,0.1444,0.13340000000000002,0.1314,0.11359999999999999,0.1222,0.1558,0.1014,0.1176,0.0942,0.0912,0.0836,0.07019999999999998,0.1316,0.1188,0.14759999999999998,0.128,0.125,0.1172,0.09799999999999999,0.0752,0.10899999999999999
1.4934900694954654,0.062200000000000005,0.109,0.1422,0.13119999999999998,0.1202,0.1078,0.12399999999999999,0.15819999999999998,0.1146,0.13279999999999997,0.0902,0.1052,0.0866,0.07940000000000001,0.1386,0.11199999999999999,0.1452,0.13479999999999998,0.107,0.11600000000000002,0.1014,0.0852,0.1128
1.4926451115872594,0.0494,0.08999999999999998,0.12859999999999996,0.10740000000000001,0.09899999999999999,0.0842,0.1012,0.1492,0.1034,0.11999999999999998,0.06919999999999998,0.094,0.07840000000000001,0.066,0.11879999999999999,0.08339999999999997,0.126,0.11979999999999999,0.0828,0.0986,0.09140000000000001,0.069,0.1016
1.4918011092263086,0.0466,0.0724,0.12159999999999997,0.1024,0.06719999999999998,0.07899999999999999,0.07740000000000001,0.14079999999999998,0.0798,0.09620000000000001,0.06720000000000001,0.08299999999999999,0.078,0.039200000000000006,0.10579999999999998,0.0592,0.08880000000000002,0.0992,0.0636,0.08280000000000001,0.0712,0.0654,0.0872
1.4909580607926127,0.0448,0.0714,0.11959999999999997,0.10599999999999998,0.054200000000000005,0.0988,0.088,0.12579999999999997,0.08179999999999998,0.0986,0.09340000000000001,0.08799999999999998,0.09620000000000001,0.056400000000000006,0.10299999999999998,0.05779999999999999,0.0696,0.11,0.0582,0.08059999999999999,0.077,0.05299999999999999,0.0884
1.4901338717042805,0.04359999999999999,0.083,0.11039999999999997,0.11359999999999999,0.051000000000000004,0.11320000000000001,0.0942,0.1194,0.1004,0.11400000000000003,0.09559999999999999,0.0958,0.09779999999999998,0.0692,0.11019999999999998,0.052399999999999995,0.069,0.11939999999999998,0.0616,0.09540000000000001,0.09000000000000001,0.0474,0.08700000000000001
1.4892927060688677,0.033600000000000005,0.0856,0.09459999999999998,0.12240000000000001,0.038799999999999994,0.10079999999999999,0.0872,0.10940000000000001,0.10679999999999998,0.11020000000000002,0.08399999999999999,0.0892,0.0768,0.0718,0.1036,0.0588,0.054400000000000004,0.1034,0.045200000000000004,0.0912,0.10180000000000002,0.04000000000000001,0.07659999999999999
1.4884524895568252,0.011199999999999996,0.0644,0.047,0.0888,0.02959999999999999,0.08120000000000001,0.06459999999999999,0.07279999999999999,0.08999999999999998,0.09100000000000001,0.04,0.062,0.0424,0.060200000000000004,0.08039999999999997,0.0346,0.029999999999999992,0.07539999999999998,0.017199999999999993,0.08940000000000001,0.0734,0.016999999999999998,0.0564
1.4876132205626538,-0.0006000000000000054,0.0538,0.009999999999999993,0.07299999999999998,0.019199999999999995,0.0684,0.046,0.056,0.05679999999999999,0.06879999999999999,0.025999999999999995,0.0482,0.01679999999999999,0.036,0.056999999999999995,0.015799999999999995,-0.004400000000000007,0.05059999999999998,-0.0018000000000000034,0.08220000000000001,0.03439999999999999,0.008199999999999999,0.0396
1.4867748974844728,-0.004400000000000004,0.047,0.0013999999999999987,0.0848,0.0362,0.071,0.06380000000000002,0.07320000000000002,0.06,0.066,0.0362,0.055400000000000005,0.031000000000000007,0.04560000000000001,0.0632,0.02680000000000001,0.012000000000000002,0.04679999999999999,0.00540000000000001,0.07699999999999999,0.0286,0.0252,0.0496
1.4859375187240111,-0.0212,0.048799999999999996,-0.0068000000000000005,0.08580000000000002,0.0484,0.0952,0.07180000000000002,0.06420000000000001,0.053,0.071,0.043,0.05840000000000001,0.05660000000000001,0.0656,0.078,0.048400000000000006,0.017,0.05299999999999998,0.016400000000000005,0.0844,0.03560000000000001,0.0432,0.068
1.4851188693933768,-0.02559999999999999,0.0314,-0.019600000000000003,0.0746,0.0476,0.08159999999999999,0.061399999999999996,0.0528,0.0386,0.0762,0.052399999999999995,0.040600000000000004,0.05940000000000001,0.05880000000000002,0.0768,0.0418,0.015600000000000003,0.03679999999999999,0.011600000000000001,0.07540000000000001,0.023,0.040600000000000004,0.0624
1.4842833544803813,-0.0264,0.027600000000000003,-0.024,0.0832,0.0504,0.07759999999999999,0.0608,0.055200000000000006,0.03559999999999999,0.07280000000000002,0.0448,0.027399999999999994,0.045399999999999996,0.0538,0.08599999999999998,0.0526,0.005799999999999995,0.014599999999999993,0.026600000000000002,0.06719999999999998,0.008199999999999994,0.0334,0.059
1.4834487791455815,-0.0324,0.027600000000000003,-0.0304,0.0688,0.0528,0.0638,0.05679999999999999,0.039799999999999995,0.052,0.063,0.02259999999999999,0.0232,0.02339999999999999,0.059,0.07859999999999999,0.055600000000000004,0.016,-0.0030000000000000035,0.03,0.05,-0.002400000000000007,0.0198,0.0624
1.4826151418049645,-0.027600000000000003,0.02140000000000001,-0.0314,0.06499999999999999,0.0584,0.055799999999999995,0.0492,0.053399999999999996,0.055,0.071,0.011599999999999997,0.021,0.013999999999999995,0.0514,0.08259999999999998,0.0674,0.011600000000000001,-0.007999999999999993,0.028600000000000004,0.0394,-0.0001999999999999992,0.03320000000000001,0.0516
1.4817824408780755,-0.0308,0.018000000000000002,-0.016199999999999992,0.0664,0.0706,0.062,0.0418,0.0592,0.060200000000000004,0.0814,0.01680000000000001,0.027600000000000006,0.030799999999999994,0.0576,0.08099999999999999,0.08460000000000002,0.02,0.0070000000000000106,0.039400000000000004,0.028399999999999995,-0.002999999999999994,0.03860000000000001,0.047200000000000006
1.4809683622161975,-0.023799999999999995,0.025200000000000007,-0.010800000000000004,0.06340000000000001,0.07959999999999999,0.0722,0.044,0.0604,0.057,0.0952,0.023000000000000007,0.04900000000000001,0.0498,0.07579999999999999,0.07779999999999998,0.0814,0.038200000000000005,0.0088,0.0502,0.0298,-0.012199999999999999,0.0418,0.0616
1.4801375095492744,-0.007999999999999993,0.05300000000000001,0.015600000000000001,0.08200000000000002,0.09759999999999999,0.0942,0.062200000000000005,0.0772,0.0788,0.1114,0.045200000000000004,0.0896,0.07979999999999998,0.0886,0.0922,0.10020000000000001,0.05500000000000001,0.033,0.07119999999999999,0.0416,0.02440000000000001,0.0628,0.08979999999999999
1.4793075886093314,0.003,0.061200000000000004,0.0364,0.0952,0.112,0.1044,0.0758,0.0896,0.1042,0.13879999999999998,0.0536,0.1078,0.10019999999999997,0.1124,0.09379999999999998,0.1102,0.0712,0.05240000000000001,0.0842,0.060399999999999995,0.051,0.0778,0.1098
1.4784785978299748,0.003999999999999995,0.0782,0.053399999999999996,0.08059999999999999,0.1108,0.1092,0.07080000000000002,0.076,0.11499999999999999,0.146,0.048799999999999996,0.1154,0.09340000000000001,0.1162,0.09179999999999998,0.11080000000000001,0.06800000000000002,0.0616,0.07640000000000001,0.0708,0.063,0.0836,0.111
1.477668144334811,0.0172,0.0912,0.0664,0.0896,0.1164,0.10679999999999999,0.07659999999999999,0.09540000000000001,0.13559999999999997,0.14279999999999998,0.05700000000000001,0.1272,0.08699999999999998,0.117,0.0864,0.112,0.07780000000000001,0.0734,0.07,0.0808,0.0708,0.086,0.1114
1.4768409894834629,0.003399999999999997,0.1018,0.0668,0.0832,0.11359999999999999,0.11320000000000001,0.07440000000000001,0.0984,0.1378,0.13119999999999998,0.05240000000000001,0.1296,0.07640000000000001,0.10679999999999998,0.0768,0.1212,0.07659999999999999,0.08400000000000002,0.076,0.0896,0.0852,0.07640000000000001,0.11
1.4760147601476015,0.018000000000000002,0.11040000000000001,0.0804,0.0868,0.1216,0.12699999999999997,0.07959999999999999,0.11300000000000002,0.147,0.1406,0.07579999999999999,0.1542,0.0922,0.1182,0.07740000000000001,0.13240000000000002,0.10479999999999999,0.1128,0.0756,0.1002,0.1014,0.0846,0.11120000000000001
1.4751894547747362,0.033600000000000005,0.10640000000000001,0.0886,0.089,0.118,0.12599999999999997,0.0778,0.12440000000000001,0.1324,0.1416,0.0906,0.1528,0.1032,0.1274,0.0804,0.1276,0.10179999999999999,0.1222,0.06899999999999999,0.1002,0.10779999999999999,0.07740000000000001,0.09799999999999999
1.474382602285293,0.0414,0.10540000000000001,0.07879999999999998,0.09199999999999998,0.10640000000000001,0.1152,0.06799999999999999,0.1144,0.12379999999999998,0.1294,0.1052,0.1564,0.1072,0.1222,0.08459999999999998,0.11480000000000001,0.1056,0.1102,0.0636,0.1014,0.10999999999999999,0.06319999999999998,0.10859999999999999
1.4735591206179441,0.0526,0.1002,0.075,0.1046,0.0906,0.1162,0.07119999999999999,0.123,0.10579999999999999,0.1262,0.10779999999999998,0.1648,0.1174,0.1184,0.09179999999999998,0.10980000000000001,0.1118,0.106,0.0582,0.1076,0.11699999999999998,0.06,0.1262
1.4727365583096785,0.0396,0.0814,0.0788,0.1056,0.07679999999999998,0.10859999999999999,0.06699999999999999,0.1184,0.0984,0.10799999999999998,0.09399999999999999,0.1406,0.099,0.09820000000000001,0.09179999999999998,0.104,0.1108,0.10539999999999998,0.0484,0.1066,0.10940000000000001,0.05119999999999999,0.1072
1.4719149138217558,0.037399999999999996,0.0644,0.06559999999999999,0.1008,0.0684,0.1062,0.069,0.10199999999999998,0.0768,0.0902,0.0892,0.1222,0.0886,0.0952,0.08159999999999999,0.09639999999999997,0.1034,0.09499999999999999,0.050600000000000006,0.0932,0.0952,0.03499999999999999,0.0804
1.4711116383912684,0.046,0.0722,0.079,0.1184,0.0888,0.1268,0.086,0.10359999999999998,0.0922,0.0874,0.11499999999999999,0.1306,0.10540000000000001,0.1056,0.1012,0.1218,0.1216,0.09999999999999999,0.0734,0.1004,0.1252,0.048600000000000004,0.08020000000000001
1.4702918054946228,0.064,0.072,0.0852,0.1182,0.0942,0.1416,0.09340000000000001,0.10679999999999998,0.09820000000000002,0.0878,0.13440000000000002,0.1274,0.12260000000000003,0.11220000000000001,0.1192,0.1298,0.1326,0.11199999999999999,0.0756,0.1156,0.14079999999999998,0.05660000000000001,0.08940000000000001
1.4694728858551385,0.0474,0.0484,0.061799999999999994,0.07959999999999998,0.072,0.1212,0.072,0.0876,0.0804,0.06679999999999998,0.123,0.10840000000000001,0.11359999999999999,0.09299999999999999,0.113,0.11259999999999999,0.109,0.0952,0.060399999999999995,0.099,0.12359999999999999,0.0386,0.059
1.4686722728887838,0.0636,0.052399999999999995,0.0606,0.0958,0.0842,0.12159999999999999,0.0856,0.0902,0.073,0.07440000000000001,0.1358,0.11259999999999999,0.133,0.1108,0.1168,0.1248,0.10479999999999998,0.09600000000000002,0.0724,0.1052,0.12179999999999998,0.0456,0.052399999999999995
1.467855155841235,0.06160000000000001,0.068,0.0702,0.09459999999999999,0.0876,0.11359999999999999,0.09040000000000001,0.073,0.0668,0.05499999999999999,0.1394,0.11,0.1346,0.1164,0.12079999999999999,0.1152,0.09179999999999999,0.087,0.077,0.1032,0.12159999999999999,0.053399999999999996,0.061
1.4670389475178647,0.03599999999999999,0.0778,0.074,0.0902,0.1012,0.12359999999999999,0.09719999999999998,0.059,0.081,0.04619999999999999,0.13279999999999995,0.10899999999999999,0.13979999999999998,0.10099999999999999,0.12059999999999998,0.10759999999999997,0.1036,0.09259999999999999,0.07799999999999999,0.1144,0.1316,0.06479999999999998,0.07440000000000001
1.466240983800402,0.0238,0.06819999999999997,0.0638,0.0762,0.10539999999999998,0.1252,0.09799999999999999,0.0626,0.0788,0.029199999999999993,0.12059999999999998,0.1052,0.1524,0.09519999999999998,0.10659999999999999,0.11339999999999997,0.1082,0.09240000000000001,0.07740000000000001,0.1176,0.12319999999999998,0.06699999999999999,0.0768
1.4654265691291348,0.0013999999999999933,0.0584,0.038,0.053200000000000004,0.09039999999999998,0.11679999999999999,0.0884,0.029999999999999992,0.0696,-1.0658141036401501e-17,0.10979999999999998,0.0886,0.11819999999999997,0.0808,0.0858,0.0992,0.103,0.0702,0.06780000000000001,0.10879999999999998,0.09739999999999997,0.06919999999999998,0.05079999999999999
1.4646130586790136,-0.013400000000000007,0.06799999999999999,0.020399999999999998,0.038,0.08679999999999999,0.11580000000000001,0.08079999999999998,0.015399999999999994,0.059,-0.005000000000000002,0.1196,0.09279999999999998,0.11439999999999997,0.08999999999999998,0.07119999999999999,0.0938,0.08979999999999998,0.07640000000000002,0.0684,0.10879999999999998,0.1066,0.0652,0.04339999999999999
1.463817731082517,-0.0352,0.0798,0.037200000000000004,0.03060000000000001,0.07840000000000001,0.09620000000000001,0.07379999999999999,0.02540000000000001,0.0584,-0.01080000000000001,0.12639999999999998,0.07740000000000001,0.09820000000000001,0.0912,0.06219999999999999,0.0906,0.07779999999999998,0.07600000000000003,0.063,0.10479999999999998,0.09659999999999999,0.06799999999999999,0.046799999999999994
1.4630060054036833,-0.033599999999999984,0.0844,0.0424,0.02480000000000001,0.054400000000000004,0.08920000000000002,0.07540000000000001,0.03280000000000001,0.0544,-0.008399999999999994,0.112,0.0704,0.07740000000000001,0.08059999999999999,0.063,0.0874,0.06960000000000001,0.0708,0.061000000000000006,0.0922,0.0606,0.046,0.038
1.4621951794726664,-0.02599999999999998,0.0948,0.049000000000000016,0.023600000000000003,0.05840000000000002,0.0756,0.0732,0.039000000000000014,0.05980000000000002,0.00200000000000001,0.1072,0.0722,0.0704,0.08280000000000001,0.0632,0.09380000000000001,0.0644,0.062400000000000004,0.0846,0.07840000000000001,0.057200000000000015,0.0448,0.04380000000000002
1.4614024749558043,-0.010599999999999995,0.1228,0.073,0.0448,0.08600000000000002,0.0884,0.0824,0.0482,0.0884,0.030600000000000006,0.1194,0.0916,0.0834,0.1134,0.0844,0.1026,0.08159999999999999,0.07540000000000001,0.10940000000000001,0.09200000000000001,0.06580000000000001,0.060200000000000004,0.0688
1.4605934249737917,-0.031200000000000006,0.11999999999999998,0.0866,0.0446,0.09259999999999999,0.081,0.0644,0.03439999999999999,0.1032,0.03640000000000001,0.1088,0.094,0.07019999999999998,0.1076,0.0828,0.0932,0.09240000000000001,0.0668,0.1162,0.0892,0.06500000000000002,0.06,0.0728
1.459802455764454,-0.04180000000000002,0.10599999999999998,0.071,0.0498,0.0942,0.0742,0.0574,0.0428,0.11259999999999999,0.058,0.09140000000000001,0.092,0.0694,0.0916,0.065,0.09359999999999999,0.087,0.069,0.119,0.0952,0.0652,0.051,0.060399999999999995
1.4589951759030475,-0.042000000000000016,0.09839999999999997,0.05719999999999998,0.0464,0.079,0.0616,0.0466,0.056799999999999996,0.1046,0.0636,0.0882,0.0906,0.0444,0.09079999999999999,0.06520000000000001,0.1006,0.0706,0.060399999999999995,0.1138,0.08,0.052399999999999995,0.045,0.0504
1.458188788409751,-0.0374,0.11,0.07759999999999999,0.06559999999999999,0.09259999999999999,0.07199999999999998,0.0576,0.0592,0.12179999999999999,0.0922,0.1024,0.09620000000000001,0.04000000000000001,0.1118,0.084,0.1078,0.07880000000000001,0.07379999999999998,0.1428,0.08580000000000002,0.054,0.055,0.046599999999999996
1.4574004207656053,-0.02940000000000001,0.12099999999999998,0.1044,0.07440000000000001,0.114,0.07640000000000001,0.06979999999999999,0.08220000000000001,0.1426,0.10199999999999998,0.1212,0.102,0.058,0.1146,0.1128,0.1248,0.08040000000000001,0.09440000000000001,0.1534,0.10620000000000002,0.06799999999999999,0.054,0.0648
1.45659579466698,-0.009399999999999999,0.12059999999999998,0.12479999999999998,0.08079999999999998,0.13060000000000002,0.07840000000000001,0.0922,0.1066,0.17999999999999997,0.1066,0.1276,0.1102,0.0648,0.12100000000000001,0.1366,0.1406,0.09980000000000003,0.1022,0.151,0.11259999999999999,0.06119999999999999,0.0714,0.07540000000000001
1.4558091481168405,-0.005800000000000006,0.10159999999999997,0.11739999999999998,0.0892,0.131,0.0876,0.0898,0.1052,0.192,0.109,0.1154,0.1062,0.068,0.11460000000000002,0.1424,0.1336,0.12400000000000001,0.09620000000000001,0.13340000000000002,0.09759999999999999,0.056600000000000004,0.061599999999999995,0.0746
1.4550062776480528,-0.0122,0.11119999999999998,0.1134,0.09500000000000001,0.13019999999999998,0.085,0.07700000000000001,0.1142,0.1874,0.1066,0.12359999999999999,0.10579999999999998,0.0762,0.12440000000000001,0.1448,0.1288,0.1262,0.1066,0.12400000000000001,0.0984,0.06200000000000001,0.0694,0.08900000000000001
1.4542042922481528,-0.020999999999999998,0.0938,0.0896,0.08499999999999999,0.1108,0.078,0.0634,0.108,0.168,0.087,0.1172,0.096,0.0664,0.113,0.11999999999999998,0.1142,0.10939999999999998,0.105,0.0986,0.08359999999999998,0.03459999999999999,0.0518,0.0716
1.453420225983403,-0.014999999999999994,0.0588,0.07640000000000001,0.0808,0.08499999999999999,0.0664,0.0656,0.097,0.14320000000000002,0.07439999999999998,0.0952,0.096,0.0476,0.088,0.0916,0.106,0.0986,0.1004,0.08759999999999998,0.0686,0.0242,0.0444,0.0676
1.4526199875824422,-0.005799999999999999,0.0448,0.07540000000000001,0.06919999999999998,0.0674,0.05859999999999999,0.08080000000000001,0.096,0.1242,0.0706,0.092,0.092,0.03559999999999999,0.08120000000000002,0.0882,0.1006,0.09280000000000001,0.0928,0.08599999999999998,0.053200000000000004,0.0112,0.047200000000000006,0.08599999999999998
1.451837628352984,-0.004400000000000002,0.0416,0.073,0.0632,0.0544,0.05179999999999999,0.07659999999999999,0.082,0.12200000000000001,0.0616,0.08879999999999998,0.07880000000000001,0.018399999999999996,0.076,0.08359999999999998,0.09099999999999998,0.0844,0.0922,0.07699999999999999,0.0446,-0.002000000000000003,0.0576,0.0942
1.45103913124883,0.0124,0.0438,0.09380000000000001,0.07259999999999998,0.0624,0.05279999999999999,0.09480000000000001,0.09320000000000002,0.133,0.0832,0.0968,0.08120000000000002,0.0492,0.10080000000000003,0.09540000000000001,0.09720000000000001,0.11,0.1156,0.09899999999999999,0.0624,0.006000000000000001,0.06599999999999999,0.1216
1.4502584734860005,0.012799999999999997,0.03679999999999999,0.0896,0.0654,0.053399999999999996,0.048,0.0928,0.09540000000000001,0.1232,0.07199999999999998,0.0974,0.07440000000000001,0.05179999999999999,0.09040000000000001,0.0852,0.0896,0.1046,0.1024,0.0742,0.05919999999999999,0.0027999999999999995,0.0586,0.1386
1.4494617120013091,0.007599999999999994,0.0198,0.07179999999999999,0.05059999999999999,0.037,0.028199999999999985,0.0714,0.08399999999999999,0.1034,0.061,0.0828,0.0596,0.05,0.08599999999999998,0.0606,0.0704,0.08519999999999997,0.0906,0.055200000000000006,0.0326,-0.011800000000000003,0.03519999999999999,0.12359999999999999
1.4486658255058646,-0.0048000000000000004,0.010799999999999997,0.056,0.05,0.014599999999999997,-0.0008000000000000078,0.05259999999999998,0.07199999999999998,0.0656,0.0592,0.0636,0.04419999999999999,0.0428,0.059,0.045399999999999996,0.066,0.0642,0.07879999999999998,0.041,0.014399999999999994,-0.0212,0.013599999999999996,0.114
1.4478877186427221,0.017,0.0332,0.06659999999999999,0.0578,0.029,0.0030000000000000035,0.0746,0.08099999999999999,0.048600000000000004,0.074,0.06880000000000001,0.06780000000000001,0.0624,0.07579999999999999,0.06239999999999998,0.087,0.0588,0.0942,0.061599999999999995,0.03459999999999999,0.0014000000000000093,0.0442,0.132
1.4470935592666503,0.020000000000000004,0.005,0.0546,0.05000000000000002,0.0338,-0.0033999999999999985,0.056199999999999986,0.05419999999999999,0.037200000000000004,0.0596,0.0466,0.05,0.065,0.0616,0.034199999999999994,0.0696,0.0604,0.08259999999999999,0.0538,0.033400000000000006,-0.0031999999999999993,0.04,0.1156
1.446317140024494,0.012800000000000004,-0.0007999999999999966,0.05740000000000001,0.07,0.0436,0.002800000000000006,0.054200000000000005,0.047799999999999995,0.037,0.0544,0.038799999999999994,0.0446,0.0596,0.0636,0.0378,0.0596,0.06720000000000001,0.07880000000000001,0.062,0.0436,0.014400000000000008,0.045399999999999996,0.117
1.4455247021519666,0.0044,0.009,0.0544,0.07659999999999999,0.0586,0.012400000000000005,0.046799999999999994,0.06620000000000001,0.0364,0.0546,0.0424,0.03440000000000001,0.0626,0.06919999999999998,0.0498,0.064,0.0798,0.08140000000000001,0.0758,0.0498,0.0184,0.0508,0.11320000000000001
1.4447499650463718,-0.0010000000000000005,0.026200000000000008,0.0432,0.08399999999999999,0.0684,0.012999999999999996,0.0422,0.0856,0.0518,0.0506,0.04000000000000001,0.03640000000000001,0.08199999999999999,0.0752,0.060200000000000004,0.06,0.07759999999999999,0.07979999999999998,0.0698,0.056,0.020399999999999998,0.055,0.1108
1.4439592430858808,0.007400000000000001,0.026,0.048600000000000004,0.0884,0.08120000000000001,0.027399999999999997,0.0526,0.099,0.057,0.04319999999999999,0.041,0.039,0.102,0.09,0.0686,0.0654,0.0756,0.06239999999999998,0.07499999999999998,0.0546,0.032,0.03779999999999999,0.1076
1.4431861826561607,-0.001799999999999998,0.013599999999999994,0.0356,0.0964,0.08120000000000001,0.0356,0.044,0.0984,0.053,0.030999999999999996,0.039400000000000004,0.0476,0.09759999999999998,0.07479999999999999,0.04779999999999999,0.06520000000000001,0.0582,0.0502,0.0624,0.059,0.023399999999999994,0.03439999999999999,0.0814
1.4423971710403871,-0.004199999999999997,0.006399999999999994,0.0286,0.09659999999999999,0.071,0.025799999999999993,0.0404,0.09459999999999999,0.0588,0.0358,0.0248,0.0418,0.09299999999999999,0.0732,0.046400000000000004,0.062,0.053200000000000004,0.04879999999999999,0.0638,0.0512,0.016599999999999993,0.032,0.061799999999999994
1.4416257818494664,-0.009800000000000005,0.011399999999999997,0.016199999999999992,0.0886,0.079,0.02739999999999999,0.0522,0.0968,0.065,0.0358,-0.0006000000000000072,0.0378,0.09379999999999998,0.0686,0.0428,0.05379999999999999,0.05879999999999999,0.04,0.06239999999999998,0.049,0.018399999999999996,0.0474,0.06420000000000001
1.4408384750351495,-0.014400000000000003,0.019800000000000005,0.008399999999999998,0.07499999999999998,0.1026,0.0586,0.061200000000000004,0.09340000000000001,0.0724,0.025199999999999993,0.009799999999999998,0.05919999999999999,0.1,0.0874,0.0448,0.036799999999999986,0.0634,0.0394,0.06919999999999998,0.051,0.024399999999999995,0.05379999999999999,0.06719999999999998
1.4400687516694344,-0.0238,0.028600000000000007,0.009000000000000013,0.052,0.1006,0.054000000000000006,0.038,0.0808,0.07979999999999998,0.016400000000000005,0.016400000000000005,0.052399999999999995,0.09720000000000001,0.07959999999999999,0.04500000000000001,0.0346,0.065,0.039200000000000006,0.061,0.05740000000000001,0.016800000000000006,0.0376,0.048
1.4392998502663865,-0.0352,0.03459999999999999,0.0019999999999999983,0.030999999999999993,0.09580000000000001,0.038200000000000005,0.0414,0.07379999999999999,0.07339999999999998,0.011399999999999999,-0.0008000000000000114,0.0482,0.085,0.0856,0.039799999999999995,0.033600000000000005,0.045200000000000004,0.030199999999999994,0.0464,0.0516,0.008399999999999994,0.0344,0.047
1.4385150812064966,-0.03519999999999999,0.0424,0.004400000000000001,0.014600000000000004,0.09,0.0316,0.040600000000000004,0.0686,0.0678,0.004399999999999997,-0.014200000000000003,0.04,0.0856,0.07740000000000001,0.03740000000000001,0.0334,0.030399999999999996,0.027,0.036,0.0436,-0.004799999999999999,0.024399999999999998,0.036
1.4377478375808732,-0.04560000000000001,0.0434,0.009399999999999999,0.006,0.0762,0.023399999999999997,0.03359999999999999,0.052,0.06,-0.002,-0.016800000000000006,0.0432,0.09,0.0728,0.018199999999999997,0.014199999999999994,0.007799999999999995,0.014199999999999999,0.0023999999999999968,0.0338,-0.018600000000000002,0.004399999999999997,0.010599999999999993
1.4369647595981134,-0.05780000000000002,0.03319999999999999,0.002199999999999995,-0.013200000000000003,0.05579999999999999,0.0208,0.027800000000000002,0.030799999999999994,0.040600000000000004,-0.005399999999999999,-0.032400000000000005,0.026399999999999996,0.0696,0.056600000000000004,-0.007000000000000003,0.015800000000000005,-0.0032,0.0031999999999999963,-0.02540000000000001,0.018399999999999996,-0.0288,-0.0176,-0.010599999999999998
1.4361991683943525,-0.0576,0.0502,0.01540000000000001,-0.014999999999999993,0.045200000000000004,0.02640000000000001,0.030800000000000004,0.03740000000000001,0.0396,0.001800000000000003,-0.01859999999999999,0.0376,0.0692,0.06160000000000002,0.001400000000000003,0.02540000000000001,0.011800000000000001,0.0254,-0.03760000000000001,0.027800000000000005,-0.027399999999999994,-0.0015999999999999962,-0.008599999999999997
1.4354177760285232,-0.04119999999999999,0.069,0.04120000000000001,-0.0073999999999999925,0.068,0.04660000000000001,0.0418,0.05300000000000001,0.054200000000000005,0.015000000000000006,-0.009999999999999998,0.038000000000000006,0.07959999999999999,0.074,0.025800000000000003,0.033,0.024399999999999998,0.0378,-0.024799999999999992,0.028800000000000003,-0.003199999999999994,0.007600000000000002,0.013000000000000008
1.4346538319141058,-0.039200000000000006,0.0912,0.055,0.00040000000000000555,0.0964,0.06420000000000001,0.047200000000000006,0.06919999999999998,0.05460000000000001,0.016200000000000003,-0.0007999999999999971,0.0606,0.08420000000000001,0.085,0.0352,0.0436,0.0288,0.046799999999999994,-0.025399999999999995,0.038799999999999994,0.005199999999999997,0.017200000000000003,0.033800000000000004
1.433890700524989,-0.01499999999999999,0.1178,0.09,0.0352,0.1192,0.0902,0.06559999999999999,0.08,0.0594,0.037200000000000004,0.030199999999999998,0.07640000000000001,0.097,0.10600000000000001,0.064,0.0746,0.04660000000000001,0.0694,-0.002599999999999997,0.056799999999999996,0.020399999999999998,0.0368,0.0538
1.4331118173938169,0.0010000000000000018,0.1406,0.11980000000000002,0.062400000000000004,0.131,0.1006,0.07640000000000001,0.101,0.06860000000000001,0.0692,0.0426,0.0702,0.1144,0.11880000000000002,0.08940000000000001,0.1014,0.05560000000000001,0.09440000000000001,0.020399999999999998,0.07780000000000001,0.0384,0.054,0.0852
1.432350325166626,-0.009200000000000002,0.1184,0.1286,0.08320000000000002,0.13439999999999996,0.09620000000000001,0.0884,0.09679999999999998,0.0636,0.0768,0.046400000000000004,0.069,0.11299999999999999,0.1212,0.07940000000000001,0.1014,0.0502,0.095,0.013799999999999995,0.0678,0.0428,0.0582,0.0986
1.431573114133321,-0.0013999999999999967,0.13360000000000002,0.1466,0.1124,0.1376,0.1118,0.10579999999999999,0.1068,0.0728,0.085,0.0716,0.08520000000000001,0.1254,0.1148,0.1026,0.11679999999999999,0.07520000000000002,0.11359999999999999,0.0356,0.073,0.0664,0.067,0.115
1.430813255792486,-0.010199999999999999,0.1266,0.14839999999999998,0.11520000000000001,0.13879999999999998,0.0916,0.1182,0.1034,0.0694,0.10179999999999999,0.0768,0.09359999999999999,0.11759999999999998,0.1296,0.1008,0.1092,0.0922,0.118,0.038200000000000005,0.07840000000000001,0.07119999999999999,0.07859999999999999,0.1142
1.430054203667397,-0.015000000000000003,0.1232,0.15439999999999998,0.1152,0.1462,0.0986,0.119,0.1056,0.08120000000000001,0.1066,0.08579999999999999,0.07699999999999999,0.09939999999999997,0.13639999999999997,0.1004,0.117,0.1076,0.12359999999999999,0.055600000000000004,0.09100000000000001,0.08899999999999998,0.0876,0.1226
1.4292794817709233,-0.0046,0.1272,0.1662,0.1384,0.1616,0.1148,0.12140000000000001,0.12660000000000002,0.10740000000000001,0.12359999999999997,0.11120000000000001,0.0912,0.11379999999999998,0.16219999999999998,0.10740000000000001,0.1258,0.12040000000000001,0.1426,0.084,0.1264,0.09879999999999999,0.0994,0.13140000000000002
1.4285220556893194,-0.031000000000000007,0.10939999999999998,0.14620000000000002,0.1338,0.16419999999999998,0.1152,0.1198,0.1196,0.09,0.12819999999999998,0.10740000000000001,0.0838,0.1082,0.15239999999999998,0.0998,0.12240000000000001,0.118,0.1266,0.0856,0.11679999999999999,0.0892,0.0808,0.1286
1.427748992515832,-0.051,0.09839999999999997,0.1328,0.1184,0.13179999999999997,0.0974,0.11359999999999999,0.094,0.06199999999999999,0.12819999999999998,0.11320000000000001,0.0808,0.08799999999999998,0.14159999999999998,0.0832,0.11359999999999999,0.1302,0.10859999999999999,0.0746,0.11099999999999999,0.08899999999999998,0.08,0.1124
1.4269931872583317,-0.0572,0.0912,0.13979999999999998,0.1158,0.1144,0.0882,0.11259999999999999,0.0872,0.0536,0.1286,0.10840000000000001,0.056600000000000004,0.07479999999999998,0.1316,0.07740000000000001,0.1194,0.14120000000000002,0.103,0.08159999999999999,0.1092,0.10399999999999998,0.0756,0.09919999999999997
1.4262381817763568,-0.069,0.0814,0.136,0.1034,0.095,0.08220000000000001,0.10779999999999999,0.09259999999999999,0.0516,0.12340000000000001,0.10840000000000001,0.0494,0.05919999999999999,0.1178,0.07460000000000003,0.11000000000000001,0.149,0.0854,0.0674,0.10179999999999999,0.1042,0.06700000000000002,0.0874
1.4254675878559357,-0.06819999999999998,0.0516,0.1266,0.08619999999999997,0.078,0.0644,0.098,0.08800000000000001,0.0424,0.1088,0.10579999999999999,0.05,0.0522,0.10640000000000001,0.053399999999999996,0.10499999999999998,0.15139999999999998,0.05319999999999999,0.06280000000000002,0.09839999999999997,0.106,0.0714,0.06
1.4247141954386167,-0.06879999999999999,0.046,0.10159999999999998,0.08120000000000001,0.06,0.0554,0.07759999999999999,0.0856,0.030999999999999993,0.0988,0.08779999999999999,0.041,0.049400000000000006,0.101,0.0492,0.0836,0.1522,0.030999999999999993,0.06,0.0862,0.09359999999999999,0.0572,0.029399999999999992
1.423961598971073,-0.08120000000000001,0.022399999999999996,0.0906,0.065,0.0578,0.0418,0.0638,0.0866,0.010399999999999993,0.0912,0.0756,0.022999999999999993,0.037200000000000004,0.0892,0.035199999999999995,0.06659999999999999,0.1304,0.0062,0.0412,0.0678,0.08120000000000001,0.0426,0.009800000000000001
1.423193462491966,-0.0688,0.0216,0.0842,0.055,0.058,0.053,0.0606,0.08799999999999998,0.018,0.0874,0.0852,0.0228,0.045399999999999996,0.08279999999999998,0.022600000000000002,0.07600000000000001,0.12840000000000001,0.016399999999999998,0.036,0.0686,0.07859999999999999,0.0428,0.0082
1.4224424713790809,-0.0498,0.018999999999999993,0.0722,0.0626,0.0504,0.0404,0.0694,0.08279999999999998,0.0092,0.08620000000000001,0.07799999999999999,0.0378,0.0538,0.08220000000000001,0.035,0.07759999999999999,0.1208,0.0252,0.03339999999999999,0.046200000000000005,0.07640000000000001,0.045,0.020600000000000004
1.4216922724145837,-0.0606,0.008599999999999995,0.06479999999999998,0.0574,0.046,0.029199999999999993,0.060200000000000004,0.059,-0.010600000000000004,0.061,0.0718,0.0324,0.03499999999999999,0.0694,0.0476,0.055,0.1196,0.015999999999999997,0.010799999999999994,0.003999999999999993,0.0698,0.042,0.013399999999999999
1.4209265816402536,-0.05880000000000002,-0.0062000000000000085,0.05419999999999999,0.03579999999999999,0.0362,0.010199999999999994,0.0504,0.0416,-0.014800000000000008,0.03159999999999999,0.05679999999999998,0.02059999999999999,0.022199999999999994,0.061399999999999996,0.0456,0.038799999999999994,0.10279999999999999,0.015199999999999993,0.008799999999999997,-0.009600000000000006,0.06520000000000001,0.0394,-0.003400000000000002
1.4201779803694754,-0.040600000000000004,0.009600000000000004,0.046200000000000005,0.03219999999999999,0.0554,0.015,0.05,0.03459999999999999,-0.002999999999999999,0.019399999999999997,0.047200000000000006,0.0258,0.027800000000000002,0.06960000000000001,0.0518,0.04900000000000001,0.08940000000000001,0.033400000000000006,0.0146,-0.00019999999999999041,0.0466,0.049600000000000005,0.011800000000000007
1.4194301674698657,-0.028999999999999998,0.0094,0.03059999999999999,0.030199999999999998,0.057600000000000005,0.018800000000000004,0.0522,0.03400000000000001,-0.0022,0.0258,0.048799999999999996,0.037,0.029999999999999995,0.067,0.062000000000000006,0.040600000000000004,0.09399999999999999,0.022799999999999994,0.014,-0.0009999999999999966,0.045399999999999996,0.054799999999999995,0.009400000000000002
1.4186831416966994,-0.021199999999999997,-0.0003999999999999968,0.0342,0.03140000000000001,0.0584,0.024200000000000006,0.0598,0.04440000000000001,0.0016000000000000018,0.0264,0.0628,0.0502,0.048400000000000006,0.07680000000000001,0.05920000000000001,0.0412,0.07599999999999998,0.0312,0.0252,0.006400000000000004,0.045,0.05700000000000001,0.001400000000000001
1.4179206879202306,-0.027800000000000002,0.012400000000000001,0.029800000000000004,0.03459999999999999,0.06480000000000001,0.03900000000000001,0.059,0.0366,0.003800000000000001,0.0328,0.0598,0.046799999999999994,0.0458,0.07840000000000001,0.0648,0.034800000000000005,0.0736,0.0424,0.016799999999999995,0.008600000000000005,0.0404,0.05,0.005800000000000003
1.4171752497199936,-0.012799999999999994,0.038,0.0368,0.0296,0.0876,0.0482,0.0714,0.0376,0.0212,0.058400000000000014,0.0732,0.0578,0.0444,0.08580000000000002,0.0834,0.0586,0.07379999999999999,0.055,0.0304,0.030600000000000002,0.0646,0.0732,0.016999999999999998
1.4164305949008498,0.008800000000000004,0.054,0.055,0.0456,0.1062,0.0626,0.0844,0.043,0.048600000000000004,0.07440000000000001,0.0838,0.07759999999999999,0.06520000000000001,0.1056,0.1042,0.0762,0.09140000000000001,0.0752,0.0502,0.0518,0.0772,0.07740000000000001,0.03300000000000001
1.415670559760706,0.0024000000000000002,0.0496,0.07180000000000002,0.056600000000000004,0.1072,0.07780000000000001,0.083,0.0538,0.0476,0.088,0.0814,0.071,0.0674,0.09999999999999999,0.1092,0.0708,0.09179999999999999,0.0748,0.0506,0.0604,0.08120000000000001,0.06420000000000001,0.043
1.4149274849663955,-0.013199999999999996,0.06559999999999999,0.0742,0.0424,0.1038,0.091,0.08379999999999999,0.061200000000000004,0.0442,0.1004,0.0876,0.071,0.0676,0.1046,0.10740000000000001,0.067,0.0942,0.066,0.0516,0.0834,0.06839999999999997,0.071,0.045
1.4141851898315523,0.012000000000000002,0.084,0.09459999999999999,0.0518,0.118,0.10980000000000001,0.0978,0.0852,0.0684,0.1172,0.0856,0.08620000000000001,0.0874,0.10540000000000001,0.11320000000000001,0.0906,0.0992,0.075,0.06960000000000001,0.1114,0.09720000000000001,0.083,0.0572
1.413443673129752,0.039200000000000006,0.11159999999999998,0.1184,0.0878,0.1458,0.131,0.10359999999999998,0.1156,0.09820000000000001,0.1564,0.10699999999999998,0.11059999999999999,0.1006,0.121,0.127,0.0994,0.1038,0.07199999999999998,0.09240000000000001,0.1442,0.13820000000000002,0.1014,0.09060000000000003
1.4126868392271237,0.039200000000000006,0.11040000000000001,0.1258,0.10479999999999999,0.14479999999999998,0.1384,0.10599999999999998,0.14420000000000002,0.11259999999999999,0.1708,0.10740000000000001,0.11680000000000001,0.0992,0.1282,0.13539999999999996,0.0912,0.10640000000000001,0.0638,0.09259999999999999,0.14880000000000002,0.1592,0.0814,0.09259999999999999
1.4119468925781695,0.0368,0.11,0.1364,0.1102,0.1432,0.1366,0.11359999999999999,0.14460000000000003,0.12060000000000003,0.1772,0.1024,0.12240000000000001,0.1072,0.1394,0.14099999999999996,0.0958,0.09240000000000001,0.0762,0.0886,0.14559999999999998,0.15819999999999998,0.081,0.1056
1.4112077206719171,0.028799999999999992,0.1198,0.133,0.1172,0.12879999999999997,0.1182,0.10099999999999999,0.1178,0.1166,0.16899999999999998,0.08020000000000001,0.1164,0.0836,0.13779999999999998,0.1316,0.0952,0.08159999999999999,0.0752,0.09659999999999999,0.1366,0.1586,0.07540000000000001,0.1066
1.4104693222922402,0.052000000000000005,0.12819999999999998,0.146,0.1358,0.1438,0.11199999999999999,0.12340000000000001,0.12940000000000002,0.1378,0.178,0.09620000000000001,0.14099999999999996,0.08500000000000002,0.1396,0.1452,0.11059999999999999,0.095,0.0872,0.12260000000000003,0.14959999999999998,0.1664,0.0818,0.11359999999999999
1.409731696225557,0.0512,0.1138,0.14920000000000003,0.1454,0.13440000000000002,0.134,0.137,0.13019999999999998,0.146,0.1688,0.097,0.1446,0.0824,0.141,0.13779999999999998,0.1034,0.0942,0.0906,0.1388,0.1436,0.15259999999999996,0.073,0.122
1.4089788312293339,0.022799999999999994,0.1044,0.1052,0.1256,0.1018,0.1258,0.11479999999999999,0.11159999999999998,0.1408,0.15639999999999998,0.08459999999999998,0.13019999999999998,0.0578,0.12599999999999997,0.122,0.08299999999999999,0.07679999999999998,0.07740000000000001,0.1216,0.12059999999999998,0.142,0.0688,0.1062
1.4082427628814465,0.007799999999999998,0.09999999999999999,0.07639999999999998,0.1198,0.07640000000000001,0.11299999999999999,0.09720000000000001,0.10139999999999998,0.13419999999999999,0.1424,0.07159999999999998,0.1256,0.03899999999999999,0.12379999999999997,0.1198,0.0848,0.07439999999999998,0.0582,0.11299999999999999,0.10079999999999999,0.12040000000000001,0.07880000000000001,0.10799999999999998
1.407507463194815,0.015200000000000005,0.09679999999999998,0.08779999999999999,0.13219999999999998,0.087,0.10579999999999998,0.1012,0.09499999999999999,0.14780000000000004,0.1444,0.06799999999999999,0.1384,0.045,0.12079999999999998,0.1276,0.1004,0.09559999999999999,0.063,0.12340000000000001,0.1032,0.13439999999999996,0.08979999999999999,0.1196
1.4067729309660217,0.007800000000000001,0.0878,0.0716,0.1156,0.0584,0.09179999999999999,0.0968,0.0752,0.1206,0.1394,0.060399999999999975,0.12340000000000001,0.0434,0.1276,0.11099999999999999,0.0882,0.0896,0.0528,0.11919999999999997,0.097,0.12079999999999999,0.085,0.11040000000000001
1.4060391649941604,0.0038000000000000035,0.07899999999999999,0.055799999999999995,0.0984,0.03520000000000001,0.07399999999999998,0.0858,0.0638,0.0872,0.11959999999999997,0.05019999999999999,0.11059999999999999,0.039200000000000006,0.126,0.09659999999999998,0.08880000000000002,0.1034,0.0536,0.1024,0.06259999999999999,0.0852,0.0834,0.0832
1.405290237766042,-0.001199999999999998,0.0688,0.0614,0.09440000000000001,0.036400000000000016,0.0694,0.081,0.05120000000000001,0.07639999999999998,0.1142,0.047200000000000006,0.1046,0.0606,0.11259999999999999,0.08339999999999997,0.093,0.103,0.05160000000000001,0.1062,0.040600000000000004,0.07079999999999999,0.0942,0.06919999999999998
1.4045580173077794,0.004000000000000002,0.0762,0.0636,0.0928,0.04440000000000001,0.076,0.078,0.0526,0.07939999999999997,0.1124,0.048999999999999995,0.11699999999999998,0.0804,0.1102,0.0736,0.09980000000000001,0.1156,0.0656,0.1172,0.05160000000000001,0.07179999999999999,0.09580000000000001,0.0678
1.4038265594928112,0.024800000000000013,0.08059999999999999,0.06060000000000001,0.07579999999999998,0.0648,0.1024,0.08920000000000002,0.0714,0.08779999999999999,0.13,0.0698,0.1294,0.1044,0.1144,0.09239999999999998,0.1024,0.1418,0.082,0.1262,0.0742,0.08179999999999998,0.10479999999999999,0.0814
1.4030958631302617,0.0017999999999999971,0.0756,0.05840000000000001,0.0572,0.0476,0.10380000000000002,0.067,0.0516,0.0778,0.12340000000000001,0.0644,0.11480000000000001,0.1018,0.10859999999999999,0.07679999999999998,0.09559999999999999,0.115,0.07,0.1208,0.0518,0.066,0.09279999999999998,0.0752
1.4023659270317341,0.002200000000000003,0.077,0.0598,0.0522,0.0396,0.0888,0.0476,0.053399999999999996,0.0648,0.1034,0.045,0.114,0.10579999999999999,0.10500000000000001,0.06680000000000001,0.0874,0.11420000000000002,0.053399999999999996,0.117,0.0476,0.0608,0.0968,0.0828
1.4016367500113036,0.0202,0.0808,0.0896,0.060399999999999995,0.048,0.095,0.0562,0.06899999999999999,0.0644,0.11,0.0588,0.1252,0.12179999999999999,0.11,0.07520000000000002,0.10640000000000001,0.12459999999999999,0.0624,0.12140000000000001,0.05740000000000001,0.057,0.1144,0.0892
1.400892504095351,0.0228,0.07019999999999998,0.0928,0.0536,0.0702,0.093,0.06659999999999999,0.082,0.052399999999999995,0.09799999999999999,0.061399999999999996,0.13479999999999998,0.13179999999999997,0.1196,0.07579999999999999,0.09479999999999998,0.12040000000000001,0.06679999999999998,0.123,0.048600000000000004,0.06559999999999999,0.1082,0.07840000000000001
1.4001648581203916,0.00439999999999999,0.058,0.0884,0.03399999999999999,0.06119999999999999,0.0974,0.054799999999999995,0.0844,0.024399999999999995,0.0916,0.05,0.119,0.13099999999999998,0.1156,0.0664,0.08799999999999998,0.09379999999999998,0.0494,0.105,0.032799999999999996,0.0512,0.09699999999999999,0.05999999999999999
1.3994379676549256,-0.002800000000000001,0.05899999999999999,0.0854,0.03679999999999999,0.05879999999999999,0.0844,0.0476,0.0968,0.0248,0.085,0.055799999999999995,0.11,0.1216,0.1076,0.0632,0.0818,0.0856,0.03719999999999999,0.1056,0.0238,0.03679999999999999,0.09659999999999999,0.0564
1.398711831522904,-0.0007999999999999961,0.07379999999999998,0.1062,0.055799999999999995,0.0674,0.0952,0.056600000000000004,0.1056,0.053200000000000004,0.0888,0.0586,0.117,0.1354,0.11080000000000001,0.0736,0.09559999999999999,0.09240000000000001,0.0348,0.1202,0.0418,0.045,0.1032,0.0704
1.3979864485507165,0.004400000000000005,0.0818,0.10479999999999999,0.0448,0.062199999999999984,0.1006,0.058,0.116,0.063,0.077,0.06420000000000001,0.1138,0.1252,0.10979999999999998,0.0874,0.095,0.08059999999999999,0.03220000000000001,0.1242,0.03419999999999999,0.03799999999999999,0.0988,0.08
1.3972618175671867,0.0064000000000000055,0.07759999999999999,0.09299999999999999,0.041400000000000006,0.0464,0.09479999999999998,0.0544,0.11040000000000001,0.05820000000000001,0.06579999999999998,0.0714,0.10840000000000001,0.1004,0.1148,0.0916,0.08699999999999998,0.058,0.024000000000000018,0.112,0.029,0.035199999999999995,0.0988,0.07780000000000001
1.3965379374035658,-0.0128,0.06400000000000002,0.09440000000000001,0.0448,0.031199999999999995,0.07999999999999999,0.039799999999999995,0.1014,0.048400000000000006,0.056,0.04879999999999999,0.0984,0.08120000000000001,0.1114,0.08120000000000001,0.0824,0.0586,0.009000000000000001,0.07279999999999999,0.015200000000000005,0.027800000000000002,0.0798,0.07840000000000001
1.395814806893524,-0.0258,0.045,0.06859999999999998,0.0348,0.0017999999999999924,0.0608,0.0296,0.09699999999999999,0.0338,0.0394,0.01279999999999999,0.06879999999999999,0.07199999999999998,0.0996,0.05879999999999999,0.057,0.065,0.001,0.0362,0.015600000000000001,0.017599999999999994,0.055399999999999984,0.0658
1.3950924248731478,-0.0338,0.0422,0.0562,0.029800000000000004,-0.008600000000000003,0.0644,0.019600000000000003,0.1012,0.02459999999999999,0.047799999999999995,0.014399999999999998,0.0544,0.07659999999999999,0.09099999999999998,0.0574,0.06700000000000002,0.0588,0.014199999999999999,0.0174,0.02640000000000001,0.020600000000000004,0.050600000000000006,0.0562
1.394355110761273,-0.020799999999999992,0.05040000000000001,0.0638,0.038799999999999994,0.0032000000000000062,0.0712,0.033600000000000005,0.10999999999999999,0.0294,0.061,0.014400000000000001,0.056600000000000004,0.1008,0.10540000000000001,0.0686,0.0746,0.0688,0.03040000000000001,0.03480000000000001,0.048799999999999996,0.03360000000000001,0.06240000000000001,0.06960000000000001
1.3936342384463227,-0.012200000000000006,0.0624,0.06719999999999998,0.040799999999999996,0.002600000000000005,0.077,0.034,0.09659999999999999,0.0418,0.068,0.019600000000000003,0.061799999999999994,0.1076,0.09780000000000001,0.07740000000000001,0.091,0.0694,0.0354,0.049,0.0742,0.041,0.06819999999999998,0.07980000000000001
1.3929141111185999,0.016599999999999997,0.084,0.0834,0.07780000000000001,0.030200000000000008,0.0878,0.0502,0.1142,0.0738,0.067,0.05220000000000001,0.0692,0.13019999999999998,0.11180000000000001,0.09340000000000001,0.10820000000000002,0.08499999999999999,0.060000000000000005,0.0736,0.0964,0.0646,0.0736,0.08940000000000001
1.392194727623838,0.018399999999999996,0.07699999999999999,0.088,0.0756,0.0494,0.09140000000000001,0.04679999999999999,0.1012,0.07840000000000001,0.0708,0.061,0.0824,0.1274,0.1072,0.097,0.11259999999999999,0.08120000000000001,0.06719999999999998,0.069,0.1056,0.066,0.07,0.09440000000000001
1.3914760868101532,0.010799999999999997,0.0554,0.08259999999999999,0.052,0.048400000000000006,0.08699999999999998,0.0484,0.06999999999999998,0.0684,0.07840000000000001,0.0598,0.0762,0.11680000000000001,0.092,0.0886,0.1022,0.0698,0.078,0.0588,0.10280000000000002,0.074,0.063,0.0874
1.3907581875280395,-0.004000000000000002,0.04,0.06720000000000001,0.0546,0.0476,0.07540000000000001,0.0562,0.032799999999999996,0.0562,0.0902,0.0546,0.0654,0.1168,0.0854,0.08080000000000001,0.09559999999999999,0.05819999999999999,0.08100000000000002,0.0476,0.1172,0.0844,0.06,0.07499999999999998
1.3900410286303613,-0.011600000000000001,0.04360000000000001,0.07640000000000001,0.0586,0.06420000000000001,0.08280000000000001,0.0686,0.033400000000000006,0.047,0.1066,0.054799999999999995,0.0648,0.1158,0.0798,0.079,0.0876,0.08020000000000001,0.0852,0.07019999999999998,0.12960000000000002,0.092,0.05679999999999999,0.0728
1.3893246089723479,0.005400000000000001,0.0516,0.0844,0.07540000000000001,0.0824,0.0896,0.0768,0.055799999999999995,0.0464,0.1168,0.06819999999999998,0.075,0.13,0.1034,0.0874,0.0932,0.07779999999999998,0.094,0.0984,0.141,0.091,0.0834,0.06520000000000001
1.388608927411588,0.013599999999999994,0.0436,0.08899999999999998,0.0932,0.09079999999999998,0.0876,0.0772,0.061399999999999996,0.0492,0.116,0.08120000000000001,0.08579999999999999,0.1392,0.11359999999999999,0.1092,0.1056,0.0654,0.09559999999999999,0.11120000000000001,0.13019999999999998,0.09399999999999999,0.10339999999999998,0.07540000000000001
1.3878939828080228,0.005799999999999995,0.048,0.092,0.09340000000000001,0.103,0.0742,0.08779999999999999,0.06520000000000001,0.054200000000000005,0.1098,0.0824,0.08679999999999999,0.1432,0.12,0.121,0.1046,0.07119999999999999,0.08400000000000002,0.1162,0.13060000000000002,0.07959999999999998,0.10099999999999999,0.0856
1.38717977402394,-0.019800000000000005,0.0424,0.077,0.09620000000000002,0.1052,0.0722,0.0832,0.0544,0.05380000000000002,0.10759999999999997,0.07979999999999998,0.08179999999999998,0.1232,0.1068,0.10540000000000001,0.09720000000000001,0.061599999999999995,0.0718,0.10599999999999998,0.11500000000000002,0.0722,0.09459999999999999,0.0694
1.3864662999239679,-0.0198,0.038799999999999994,0.08379999999999999,0.0996,0.09899999999999999,0.0634,0.07759999999999999,0.0508,0.0518,0.1182,0.07540000000000001,0.0778,0.1256,0.1056,0.1022,0.0898,0.0638,0.0708,0.0942,0.09579999999999998,0.08120000000000001,0.0922,0.06
1.3857535593750698,-0.0296,0.027000000000000003,0.05859999999999999,0.0814,0.06659999999999999,0.054200000000000005,0.0694,0.02859999999999999,0.036,0.11279999999999998,0.057,0.06719999999999998,0.11280000000000001,0.09620000000000001,0.09140000000000001,0.0674,0.053200000000000004,0.0594,0.07640000000000001,0.0866,0.066,0.09359999999999999,0.049
1.3850415512465375,-0.0184,0.0412,0.0654,0.0912,0.0668,0.07740000000000001,0.10000000000000002,0.047,0.0502,0.117,0.0636,0.067,0.125,0.10179999999999999,0.11320000000000001,0.079,0.07019999999999998,0.07859999999999999,0.1024,0.0974,0.0832,0.10740000000000001,0.05600000000000001
1.384330274409985,-0.0013999999999999933,0.061399999999999996,0.06659999999999999,0.1066,0.0768,0.08780000000000002,0.10700000000000001,0.0652,0.05240000000000001,0.11699999999999998,0.0724,0.07160000000000001,0.13040000000000002,0.11099999999999999,0.1334,0.0866,0.07940000000000001,0.0788,0.12340000000000001,0.104,0.0724,0.1062,0.06340000000000001
1.3836197277393438,0.006799999999999997,0.067,0.071,0.1008,0.0856,0.0864,0.09659999999999999,0.0728,0.048600000000000004,0.10479999999999998,0.0788,0.0702,0.12499999999999999,0.1152,0.12199999999999998,0.0886,0.09199999999999998,0.07640000000000001,0.1252,0.1014,0.0626,0.10159999999999998,0.0724
1.382909910110856,0.0108,0.06980000000000001,0.07379999999999999,0.1038,0.092,0.0842,0.0832,0.0808,0.060200000000000004,0.09579999999999998,0.07980000000000001,0.05800000000000001,0.1334,0.11779999999999997,0.1164,0.1014,0.07940000000000001,0.06900000000000002,0.1118,0.08020000000000001,0.062,0.09140000000000001,0.0702
1.3822008204030676,0.001999999999999997,0.068,0.0676,0.09359999999999999,0.0916,0.07579999999999999,0.0814,0.0584,0.0696,0.09259999999999999,0.07540000000000001,0.044,0.132,0.0922,0.095,0.103,0.0686,0.06620000000000001,0.1072,0.0704,0.06180000000000002,0.076,0.0646
1.3814924574968248,0.011999999999999997,0.082,0.078,0.0902,0.1108,0.0884,0.099,0.07179999999999999,0.078,0.10840000000000001,0.0842,0.06600000000000002,0.1316,0.0912,0.1008,0.10959999999999999,0.0864,0.0866,0.11479999999999999,0.0892,0.07120000000000001,0.1016,0.07280000000000002
1.3807848202752662,0.0218,0.0634,0.087,0.08279999999999998,0.1124,0.0922,0.08379999999999999,0.066,0.08940000000000001,0.09879999999999999,0.0902,0.0722,0.11839999999999998,0.0818,0.08619999999999997,0.10540000000000001,0.0858,0.091,0.10799999999999998,0.078,0.0678,0.1128,0.0574
1.3800779076238174,0.028199999999999996,0.0544,0.0912,0.0746,0.101,0.0842,0.0834,0.0596,0.085,0.0858,0.08940000000000001,0.0718,0.10540000000000001,0.07440000000000001,0.09199999999999998,0.10740000000000001,0.08379999999999999,0.0732,0.1056,0.0798,0.0588,0.10439999999999998,0.06
1.379371718430186,0.024199999999999996,0.0496,0.09459999999999999,0.08259999999999999,0.09759999999999999,0.0922,0.0994,0.0732,0.0978,0.07859999999999999,0.105,0.0716,0.09980000000000001,0.0818,0.103,0.11780000000000002,0.0876,0.0732,0.10859999999999997,0.0964,0.057,0.0958,0.0628
1.3786662515843544,0.021999999999999995,0.053,0.1062,0.0862,0.1142,0.0906,0.09720000000000001,0.10099999999999999,0.1192,0.0854,0.1142,0.0844,0.09040000000000001,0.0868,0.11079999999999998,0.12480000000000001,0.10699999999999998,0.08680000000000002,0.11320000000000001,0.09739999999999997,0.0616,0.0994,0.0732
1.377961505978575,0.004599999999999996,0.04240000000000001,0.0854,0.0782,0.1004,0.067,0.0708,0.0892,0.1152,0.07,0.087,0.07399999999999998,0.07640000000000001,0.0824,0.0916,0.10479999999999999,0.093,0.07540000000000001,0.07739999999999998,0.07019999999999998,0.045200000000000004,0.085,0.055200000000000006
1.3772574805073639,-0.005599999999999997,0.0286,0.062,0.0592,0.08480000000000001,0.055200000000000006,0.0668,0.08239999999999997,0.1216,0.061000000000000006,0.0698,0.0572,0.060399999999999995,0.0846,0.0694,0.0864,0.07859999999999998,0.0628,0.047200000000000006,0.048199999999999986,0.040600000000000004,0.08059999999999999,0.054799999999999995
1.3765541740674956,-0.0152,0.024199999999999996,0.0518,0.051,0.0712,0.048799999999999996,0.0554,0.08479999999999999,0.1194,0.05839999999999999,0.05279999999999999,0.0584,0.039599999999999996,0.09659999999999999,0.06179999999999998,0.07740000000000001,0.07399999999999998,0.0418,0.04,0.047799999999999995,0.0426,0.0746,0.03879999999999999
1.3758515855579967,-0.0256,0.009599999999999997,0.04460000000000001,0.033999999999999996,0.05019999999999999,0.0338,0.04379999999999999,0.0668,0.11359999999999999,0.047,0.046000000000000006,0.055600000000000004,0.02059999999999999,0.08499999999999999,0.050799999999999984,0.05279999999999999,0.06999999999999998,0.02959999999999999,0.03339999999999999,0.04079999999999999,0.01859999999999999,0.0734,0.022999999999999993
1.3751649643455213,-0.0324,-0.0009999999999999985,0.046,0.019600000000000003,0.03319999999999999,0.029399999999999996,0.039200000000000006,0.06919999999999998,0.10899999999999999,0.028199999999999996,0.033,0.04800000000000001,0.019799999999999995,0.0832,0.0592,0.039200000000000006,0.0652,0.0208,0.024199999999999996,0.026,0.01,0.0656,0.031200000000000006
1.3744637928550052,-0.03319999999999999,0.005800000000000004,0.0498,0.0136,0.023,0.0342,0.0416,0.06580000000000001,0.10840000000000001,0.016799999999999995,0.030199999999999998,0.03219999999999999,0.019600000000000003,0.08599999999999998,0.047200000000000006,0.0298,0.0574,0.0008000000000000016,0.02540000000000001,0.017000000000000008,0.014600000000000002,0.039,0.0264
1.3737633360291592,-0.0376,0.014,0.0378,0.014000000000000002,0.013199999999999998,0.03540000000000001,0.06559999999999999,0.0668,0.1024,0.02159999999999999,0.030199999999999998,0.03500000000000001,0.0224,0.08899999999999998,0.055200000000000006,0.023600000000000003,0.0482,-0.005800000000000001,0.0362,0.021600000000000008,0.0254,0.0296,0.0324
1.3730635927759138,-0.0378,0.0178,0.027800000000000002,0.0009999999999999983,0.027000000000000003,0.0334,0.067,0.076,0.1,0.0286,0.036,0.0338,0.0252,0.09759999999999999,0.0334,0.0142,0.053,-0.004799999999999997,0.0378,0.02540000000000001,0.0346,0.024999999999999998,0.030999999999999993
1.3723645620054232,-0.0368,0.0352,0.019,-0.0027999999999999956,0.029199999999999997,0.021999999999999995,0.055,0.0742,0.099,0.0374,0.0304,0.0402,0.014199999999999996,0.0848,0.0158,-0.0007999999999999998,0.0498,-0.004399999999999994,0.028399999999999998,0.020399999999999998,0.0338,0.03219999999999999,0.0296
1.3716662426300594,-0.034199999999999994,0.05060000000000001,0.020600000000000007,-0.005399999999999994,0.0216,0.011800000000000001,0.061000000000000006,0.053399999999999996,0.095,0.045200000000000004,0.0384,0.0288,0.0232,0.0742,0.004800000000000004,-0.004799999999999998,0.031,-0.02059999999999999,0.03520000000000001,0.02500000000000001,0.0376,0.026600000000000002,0.0316
1.3709686335644078,-0.03300000000000001,0.053,0.032600000000000004,-0.0182,0.03319999999999999,0.03040000000000001,0.05840000000000001,0.0404,0.089,0.0546,0.055200000000000006,0.0316,0.0268,0.0746,0.005400000000000002,0.0082,0.019999999999999993,-0.02780000000000001,0.04,0.039400000000000004,0.0412,0.026,0.0386
1.3702717337252606,-0.0324,0.06140000000000001,0.0492,0.008800000000000007,0.051,0.05380000000000002,0.07020000000000001,0.0644,0.0858,0.07959999999999999,0.082,0.054,0.0586,0.08680000000000002,0.016000000000000004,0.03040000000000001,0.018399999999999996,-0.00959999999999999,0.06660000000000002,0.0682,0.054400000000000004,0.039799999999999995,0.03960000000000001
1.3695755420316107,-0.022,0.0606,0.05,0.024,0.0582,0.059,0.09079999999999999,0.076,0.083,0.09279999999999998,0.0896,0.056799999999999996,0.0714,0.079,0.033,0.030799999999999994,0.017,0.015800000000000005,0.0832,0.0708,0.061200000000000004,0.051,0.048600000000000004
1.3688951691247901,-0.013800000000000002,0.052399999999999995,0.025599999999999987,0.035199999999999995,0.057,0.0546,0.09179999999999999,0.0778,0.07379999999999999,0.0864,0.07699999999999999,0.0482,0.06720000000000001,0.0834,0.0296,0.029999999999999992,0.0128,0.025,0.08020000000000001,0.0724,0.0642,0.052399999999999995,0.0526
1.3682003751517158,-0.008200000000000002,0.05120000000000001,0.010799999999999997,0.042,0.055600000000000004,0.04159999999999999,0.0908,0.0746,0.0688,0.094,0.0886,0.046,0.0526,0.0808,0.03660000000000001,0.0294,0.0128,0.015599999999999998,0.0772,0.0636,0.0608,0.054799999999999995,0.05040000000000001
1.3675062861176055,-0.006599999999999999,0.05380000000000002,0.019400000000000008,0.061,0.0804,0.0508,0.09720000000000002,0.0704,0.0908,0.11120000000000001,0.11900000000000002,0.0586,0.0588,0.0906,0.0656,0.0516,0.027400000000000008,0.030000000000000006,0.08,0.07160000000000001,0.0638,0.0704,0.06020000000000001
1.3668129009501553,-0.005800000000000001,0.0576,0.01859999999999999,0.0696,0.09779999999999998,0.051,0.0942,0.055199999999999985,0.1,0.11280000000000001,0.124,0.048,0.0518,0.0886,0.0608,0.052,0.039200000000000006,0.046799999999999994,0.0736,0.05279999999999999,0.06420000000000001,0.0704,0.0504
1.3661202185792352,-0.003600000000000004,0.056400000000000006,0.03459999999999999,0.07959999999999999,0.0916,0.056,0.10080000000000001,0.04719999999999999,0.101,0.0968,0.1144,0.04159999999999999,0.055800000000000016,0.0866,0.0768,0.05600000000000001,0.036,0.0688,0.0702,0.0386,0.0536,0.0634,0.0512
1.365428237936882,-0.011200000000000003,0.053200000000000004,0.03239999999999999,0.07579999999999999,0.0932,0.065,0.1024,0.0384,0.094,0.0932,0.105,0.021799999999999993,0.05740000000000001,0.0782,0.0842,0.0526,0.0312,0.056799999999999996,0.07759999999999999,0.029600000000000005,0.041,0.05759999999999999,0.045
1.3647519783400652,-0.006599999999999998,0.0342,0.0338,0.07119999999999999,0.10099999999999999,0.07740000000000001,0.1062,0.0424,0.0932,0.081,0.09520000000000002,0.0264,0.0514,0.081,0.0932,0.0516,0.034199999999999994,0.0604,0.07859999999999999,0.014799999999999997,0.0308,0.05779999999999999,0.031199999999999995
1.3640613827622243,0.004400000000000004,0.03860000000000001,0.0404,0.09340000000000001,0.10219999999999997,0.07400000000000001,0.1346,0.053399999999999996,0.10579999999999998,0.08940000000000001,0.09820000000000002,0.043,0.053,0.0886,0.095,0.0578,0.0456,0.0726,0.0952,0.02500000000000001,0.037399999999999996,0.064,0.030999999999999996
1.3633714857450716,-0.016200000000000006,0.012799999999999997,0.02059999999999999,0.0644,0.0858,0.0434,0.11259999999999998,0.0216,0.08059999999999999,0.06720000000000001,0.08059999999999999,0.0368,0.02459999999999999,0.06459999999999999,0.0838,0.047200000000000006,0.04179999999999999,0.0714,0.0726,0.016800000000000002,0.025199999999999997,0.05,0.014999999999999996
1.3626822862292163,-0.009599999999999992,0.004399999999999999,0.02439999999999999,0.056799999999999996,0.0756,0.048600000000000004,0.09679999999999998,0.009000000000000001,0.0996,0.055600000000000004,0.09720000000000001,0.03159999999999999,0.0326,0.061200000000000004,0.07940000000000001,0.04979999999999999,0.0508,0.0658,0.055199999999999985,0.0108,0.014599999999999998,0.0482,0.009599999999999997
1.3619937831574092,-0.0112,0.005999999999999997,0.044599999999999994,0.0394,0.07600000000000001,0.05379999999999999,0.10599999999999998,0.009600000000000004,0.11220000000000001,0.063,0.1036,0.038200000000000005,0.034,0.057,0.0848,0.05059999999999999,0.055600000000000004,0.06599999999999999,0.0632,0.011399999999999999,0.0154,0.0526,0.0184
1.3613209204285965,-0.029800000000000004,0.006800000000000006,0.046599999999999996,0.045399999999999996,0.06900000000000002,0.0584,0.10939999999999998,0.003400000000000002,0.10779999999999999,0.0562,0.09679999999999998,0.049,0.03219999999999999,0.058,0.0628,0.0544,0.044,0.0868,0.0708,0.037200000000000004,0.0208,0.0496,0.012999999999999998
1.3606337919985954,-0.04700000000000001,0.0018000000000000002,0.03159999999999999,0.039400000000000004,0.0332,0.048,0.0804,-0.009800000000000001,0.0742,0.0348,0.0662,0.04440000000000001,0.0192,0.04919999999999999,0.01779999999999999,0.029399999999999996,0.0316,0.0866,0.0648,0.031199999999999995,0.013399999999999999,0.03519999999999999,-0.0082
1.3599473568765081,-0.035399999999999994,0.016000000000000007,0.0502,0.05260000000000001,0.027800000000000012,0.06420000000000001,0.0834,0.006800000000000005,0.0752,0.05100000000000002,0.0684,0.0644,0.025199999999999997,0.061200000000000004,0.03240000000000001,0.0412,0.039400000000000004,0.0864,0.07659999999999999,0.054799999999999995,0.03280000000000001,0.04320000000000001,0.011800000000000003
1.3592616140135487,-0.027999999999999994,0.0342,0.0588,0.0726,0.027000000000000017,0.0726,0.07479999999999999,0.014400000000000007,0.07440000000000001,0.07620000000000002,0.0842,0.0824,0.019000000000000003,0.0692,0.0334,0.0492,0.045200000000000004,0.0804,0.09340000000000001,0.084,0.052,0.0562,0.0182
1.3585765623630466,-0.0132,0.027,0.0726,0.0732,0.024399999999999995,0.08080000000000001,0.07199999999999998,0.019,0.0638,0.0696,0.088,0.0896,0.017,0.078,0.031,0.055400000000000005,0.0516,0.09240000000000001,0.09359999999999999,0.0932,0.0626,0.064,0.024199999999999996
1.3579070709725463,-0.018399999999999996,0.027800000000000002,0.0702,0.07540000000000001,0.0192,0.0862,0.0528,0.008199999999999999,0.05119999999999999,0.0658,0.0834,0.08899999999999998,0.0052,0.075,0.0316,0.0484,0.0494,0.09559999999999999,0.0756,0.0974,0.0788,0.0586,0.02759999999999999
1.3572233836454581,-0.0304,0.025600000000000005,0.061399999999999996,0.0576,0.024399999999999998,0.09,0.0378,0.015600000000000003,0.0458,0.056600000000000004,0.07840000000000001,0.08259999999999999,0.008400000000000005,0.06659999999999999,0.025199999999999997,0.039200000000000006,0.0516,0.09240000000000001,0.0596,0.08,0.07640000000000001,0.0512,0.02759999999999999
1.356540384426041,-0.0184,0.047200000000000006,0.07779999999999998,0.07359999999999998,0.03440000000000001,0.107,0.046799999999999994,0.04160000000000001,0.064,0.068,0.0742,0.072,0.019400000000000008,0.07740000000000001,0.0362,0.05,0.07780000000000001,0.102,0.0644,0.0828,0.08120000000000001,0.062,0.034199999999999994
1.3558728978502854,-0.02359999999999999,0.07620000000000002,0.0896,0.0882,0.047799999999999995,0.10840000000000001,0.061,0.05980000000000002,0.05,0.0778,0.0592,0.07859999999999999,0.02540000000000001,0.092,0.039,0.0626,0.0898,0.116,0.07559999999999999,0.095,0.0852,0.0752,0.0504
1.355191256830601,-0.023399999999999997,0.09240000000000001,0.1032,0.10739999999999998,0.0578,0.1144,0.064,0.065,0.0456,0.0738,0.068,0.092,0.0426,0.11059999999999999,0.0428,0.0772,0.10940000000000001,0.13,0.0728,0.11520000000000001,0.0906,0.0804,0.0588
1.3545103008323685,-0.0122,0.09079999999999998,0.1076,0.10339999999999998,0.0682,0.11779999999999999,0.057,0.06,0.0546,0.08679999999999999,0.0748,0.0942,0.05919999999999999,0.1196,0.05679999999999999,0.0718,0.13060000000000002,0.1202,0.07780000000000001,0.107,0.10300000000000002,0.0974,0.062200000000000005
1.3538300288234781,0.0062,0.0872,0.11,0.104,0.0886,0.11999999999999998,0.0636,0.07440000000000001,0.06659999999999999,0.1002,0.081,0.094,0.0768,0.1186,0.07959999999999999,0.0912,0.1356,0.113,0.0854,0.11,0.11620000000000003,0.0964,0.0686
1.3531652061940045,-0.014200000000000003,0.0778,0.1042,0.11320000000000001,0.087,0.10339999999999998,0.055200000000000006,0.07959999999999999,0.0638,0.09779999999999998,0.07759999999999999,0.08659999999999998,0.08059999999999999,0.1134,0.0624,0.077,0.1252,0.117,0.076,0.1082,0.10680000000000002,0.0836,0.058
1.3524862842620768,-0.018999999999999996,0.0694,0.1036,0.1042,0.08020000000000001,0.0992,0.0528,0.08479999999999999,0.07440000000000001,0.091,0.063,0.06659999999999999,0.0864,0.1124,0.056,0.0678,0.12440000000000001,0.12379999999999998,0.05979999999999999,0.0984,0.1032,0.08120000000000001,0.062200000000000005
1.3518080432578574,-0.0264,0.0858,0.0998,0.11120000000000001,0.08259999999999999,0.096,0.06180000000000002,0.0862,0.0846,0.0996,0.0688,0.0778,0.099,0.12340000000000002,0.0606,0.07659999999999999,0.12459999999999999,0.1372,0.07479999999999999,0.099,0.10259999999999998,0.08059999999999999,0.0782
1.3511452045241572,-0.04280000000000002,0.07179999999999999,0.07579999999999998,0.0984,0.0814,0.06919999999999998,0.0562,0.084,0.0674,0.07959999999999998,0.0484,0.0584,0.085,0.10940000000000001,0.038200000000000005,0.0734,0.11979999999999999,0.1166,0.06779999999999999,0.081,0.07499999999999998,0.06119999999999999,0.0634
1.3504683075582662,-0.0378,0.0642,0.07320000000000002,0.10899999999999999,0.07019999999999998,0.054599999999999996,0.046400000000000004,0.081,0.06719999999999998,0.0862,0.0512,0.0528,0.0842,0.1176,0.0436,0.07740000000000001,0.1242,0.12079999999999998,0.0778,0.08480000000000001,0.076,0.053399999999999996,0.0634
1.3497920884766943,-0.0338,0.0616,0.0836,0.1174,0.052399999999999995,0.0596,0.062400000000000004,0.07959999999999999,0.08120000000000001,0.08379999999999999,0.0572,0.0668,0.08060000000000002,0.1114,0.036,0.07959999999999999,0.11159999999999999,0.12179999999999999,0.081,0.09140000000000001,0.07579999999999999,0.055200000000000006,0.07540000000000001
1.3491312247717901,-0.040400000000000005,0.054400000000000004,0.077,0.11040000000000001,0.047799999999999995,0.051,0.0626,0.0752,0.0888,0.0756,0.0692,0.07579999999999999,0.07400000000000001,0.0984,0.0386,0.07640000000000001,0.1008,0.1032,0.07940000000000001,0.1012,0.08079999999999998,0.060200000000000004,0.061
1.3484563437258719,-0.025999999999999992,0.05820000000000001,0.071,0.1182,0.058,0.053200000000000004,0.068,0.0828,0.09199999999999998,0.09380000000000001,0.0644,0.0734,0.07299999999999998,0.0866,0.045,0.089,0.08220000000000001,0.099,0.0722,0.0996,0.0908,0.0608,0.055200000000000006
1.3477821375389933,-0.006999999999999992,0.0704,0.0836,0.1264,0.07440000000000001,0.0608,0.075,0.1036,0.0968,0.09359999999999999,0.0684,0.06659999999999999,0.0728,0.0772,0.0444,0.1044,0.0866,0.1044,0.0734,0.1032,0.0898,0.0496,0.0634
1.3471232400486701,-0.00900000000000001,0.06620000000000001,0.0844,0.10439999999999998,0.07199999999999998,0.0606,0.09240000000000001,0.1036,0.084,0.0814,0.060200000000000004,0.0572,0.06880000000000001,0.06999999999999998,0.046000000000000006,0.0878,0.0832,0.0974,0.0636,0.1012,0.08259999999999999,0.052399999999999995,0.0724
1.3464503659304623,0.0023999999999999976,0.0684,0.0902,0.08120000000000001,0.0762,0.07759999999999999,0.10859999999999999,0.1062,0.08779999999999999,0.08880000000000002,0.0584,0.0646,0.0726,0.0734,0.0638,0.11120000000000001,0.08499999999999999,0.09540000000000001,0.054400000000000004,0.091,0.08480000000000001,0.064,0.07979999999999998
1.3457781636639896,-0.013800000000000017,0.0504,0.0686,0.05919999999999999,0.06919999999999998,0.0662,0.1024,0.0932,0.05979999999999999,0.071,0.045799999999999993,0.08,0.05979999999999999,0.05579999999999999,0.068,0.1102,0.06459999999999999,0.079,0.039,0.0712,0.06919999999999998,0.056,0.0706
1.3451212236264034,-0.0076,0.0298,0.0748,0.06219999999999999,0.066,0.060200000000000004,0.09600000000000002,0.0876,0.056799999999999996,0.0682,0.0434,0.0862,0.052399999999999995,0.047200000000000006,0.071,0.1178,0.062,0.0692,0.026199999999999994,0.068,0.0662,0.0528,0.065
1.3444503474970455,0.016399999999999998,0.03439999999999999,0.0932,0.07059999999999998,0.064,0.0722,0.09759999999999999,0.09059999999999999,0.07440000000000001,0.0906,0.0588,0.0968,0.07919999999999998,0.057,0.07659999999999999,0.11699999999999998,0.0682,0.0886,0.0412,0.0732,0.07459999999999999,0.0634,0.08099999999999999
1.3437801402299598,0.018999999999999996,0.0466,0.1002,0.05279999999999999,0.07960000000000002,0.08520000000000001,0.1028,0.08799999999999998,0.06980000000000001,0.089,0.053,0.0862,0.0864,0.0508,0.06359999999999998,0.1162,0.07659999999999997,0.09720000000000001,0.037399999999999996,0.069,0.07199999999999998,0.07740000000000001,0.0828
1.3431251489352483,0.0188,0.0572,0.09240000000000001,0.03919999999999999,0.09740000000000001,0.08200000000000002,0.0846,0.0884,0.0608,0.0836,0.055600000000000004,0.085,0.10319999999999997,0.0598,0.0678,0.1042,0.07479999999999999,0.0844,0.040799999999999996,0.06020000000000001,0.0684,0.0734,0.081
1.3424562619088862,0.008799999999999994,0.061799999999999994,0.092,0.0326,0.0856,0.07279999999999999,0.057399999999999986,0.0882,0.042,0.0846,0.05,0.07799999999999999,0.0978,0.0572,0.0572,0.1024,0.073,0.0874,0.0378,0.0496,0.047200000000000006,0.0544,0.08080000000000001
1.3418025602458528,-0.0015999999999999996,0.0742,0.09359999999999999,0.021999999999999995,0.0748,0.0714,0.045200000000000004,0.07940000000000001,0.047799999999999995,0.0852,0.07440000000000001,0.08059999999999998,0.1082,0.051,0.0482,0.0916,0.08120000000000001,0.09,0.057600000000000005,0.047799999999999995,0.03760000000000001,0.0506,0.07840000000000001
1.3411349895629414,-0.004799999999999998,0.07959999999999999,0.09380000000000001,0.024399999999999998,0.06559999999999999,0.08120000000000001,0.054799999999999995,0.07379999999999999,0.0502,0.101,0.08979999999999999,0.09340000000000001,0.1016,0.056600000000000004,0.067,0.0864,0.08259999999999999,0.09779999999999998,0.055400000000000005,0.05420000000000001,0.04940000000000001,0.0634,0.08140000000000001
1.340468082806335,-0.003800000000000001,0.09,0.0992,0.0396,0.07,0.078,0.0474,0.07579999999999999,0.05279999999999999,0.11159999999999998,0.0886,0.098,0.08780000000000002,0.06520000000000001,0.0688,0.0804,0.0834,0.09079999999999999,0.0582,0.061799999999999994,0.047799999999999995,0.07019999999999998,0.07019999999999998
1.3398163155051324,0.0018000000000000013,0.0986,0.092,0.0432,0.0674,0.0592,0.0386,0.0694,0.05700000000000001,0.09620000000000001,0.09259999999999999,0.08939999999999998,0.07640000000000001,0.0592,0.062200000000000005,0.06599999999999999,0.07879999999999998,0.08259999999999999,0.07060000000000001,0.071,0.0444,0.0686,0.0654
1.3391507192535315,0.026600000000000002,0.131,0.10699999999999998,0.055799999999999995,0.0892,0.0868,0.053,0.0804,0.0854,0.10479999999999999,0.1118,0.0996,0.08320000000000002,0.078,0.07060000000000001,0.0702,0.0942,0.102,0.10180000000000003,0.09620000000000001,0.0732,0.0798,0.07840000000000001
1.3385002320786694,0.047800000000000016,0.1728,0.1146,0.0614,0.11280000000000001,0.11699999999999998,0.0706,0.11059999999999999,0.1114,0.1182,0.1308,0.11059999999999999,0.10540000000000004,0.10080000000000001,0.09040000000000001,0.09300000000000001,0.1152,0.12040000000000001,0.11900000000000001,0.1082,0.107,0.09259999999999999,0.088
1.3378359424730544,0.0456,0.18,0.1196,0.0664,0.1308,0.13459999999999997,0.09040000000000001,0.1258,0.1198,0.10779999999999999,0.1356,0.1182,0.09620000000000002,0.11159999999999999,0.1036,0.117,0.1202,0.1256,0.13040000000000002,0.123,0.1252,0.103,0.096
1.3371723119062253,0.0496,0.17139999999999997,0.1296,0.07940000000000001,0.12040000000000001,0.13019999999999998,0.10540000000000001,0.1406,0.1318,0.1062,0.1484,0.1446,0.09460000000000002,0.1212,0.12879999999999997,0.12440000000000001,0.1232,0.12179999999999999,0.14980000000000002,0.1446,0.12919999999999998,0.10880000000000001,0.10980000000000001
1.3365237448533058,0.05940000000000001,0.16119999999999998,0.1326,0.0734,0.105,0.11220000000000001,0.10679999999999998,0.13040000000000002,0.1274,0.1022,0.138,0.1336,0.0778,0.11279999999999998,0.13119999999999998,0.12459999999999999,0.12040000000000001,0.127,0.13440000000000002,0.149,0.1328,0.1124,0.108
1.335861415151254,0.0664,0.1362,0.13,0.08,0.109,0.11999999999999998,0.13960000000000003,0.1202,0.148,0.1118,0.1348,0.1376,0.09259999999999999,0.11879999999999999,0.1578,0.1182,0.1092,0.1278,0.138,0.152,0.14279999999999998,0.1228,0.1272
1.3352141188125208,0.0496,0.11099999999999999,0.12140000000000001,0.069,0.09459999999999999,0.11499999999999999,0.147,0.10959999999999999,0.14320000000000002,0.1018,0.11179999999999998,0.12199999999999998,0.0836,0.12199999999999998,0.16379999999999995,0.10479999999999999,0.10199999999999998,0.116,0.1286,0.1454,0.12359999999999997,0.1272,0.1366
1.3345530861540118,0.0356,0.1046,0.0964,0.06280000000000002,0.08900000000000001,0.1144,0.14939999999999998,0.1098,0.1416,0.0834,0.10079999999999999,0.10399999999999998,0.083,0.11659999999999997,0.146,0.10679999999999999,0.0928,0.111,0.1352,0.15,0.11979999999999999,0.12120000000000002,0.13
1.333907056798623,0.016399999999999988,0.09759999999999999,0.08139999999999997,0.0606,0.08180000000000001,0.12040000000000001,0.1412,0.1114,0.1514,0.06899999999999999,0.10839999999999998,0.09040000000000001,0.08199999999999999,0.11299999999999999,0.1388,0.1274,0.09499999999999999,0.134,0.13019999999999998,0.1404,0.1146,0.114,0.129
1.3332473173773736,0.0047999999999999935,0.07599999999999998,0.07379999999999999,0.0494,0.07180000000000002,0.1192,0.13219999999999998,0.1088,0.1368,0.0658,0.09759999999999998,0.09140000000000002,0.08120000000000001,0.10459999999999998,0.1242,0.13440000000000002,0.08359999999999998,0.1388,0.12199999999999998,0.13179999999999997,0.1092,0.1,0.1376
1.332602551289078,-0.006000000000000004,0.0492,0.0576,0.03559999999999999,0.059,0.09759999999999999,0.1144,0.1022,0.125,0.068,0.0992,0.0684,0.06979999999999999,0.08379999999999999,0.10799999999999998,0.13219999999999998,0.0638,0.1198,0.1114,0.11439999999999997,0.07659999999999997,0.07599999999999998,0.11599999999999999
1.3319441013136835,-0.04100000000000001,0.007199999999999997,0.041400000000000006,0.011999999999999997,0.0348,0.0684,0.101,0.072,0.0872,0.0498,0.0732,0.04379999999999999,0.043,0.062000000000000006,0.0684,0.08999999999999998,0.0386,0.1032,0.09440000000000001,0.1042,0.0374,0.05939999999999999,0.09820000000000001
1.3313005947907497,-0.0506,0.009800000000000005,0.038200000000000005,0.008200000000000002,0.006999999999999998,0.055799999999999995,0.0996,0.0624,0.07479999999999999,0.053,0.0782,0.03979999999999999,0.05040000000000001,0.054400000000000004,0.05639999999999998,0.07099999999999998,0.03200000000000001,0.1062,0.07959999999999999,0.1002,0.0228,0.06940000000000002,0.0968
1.3306434304846118,-0.0536,0.020399999999999998,0.0318,0.0158,0.020000000000000007,0.055200000000000006,0.1014,0.06080000000000002,0.07640000000000001,0.053200000000000004,0.07759999999999999,0.043,0.0538,0.048600000000000004,0.05440000000000001,0.071,0.027200000000000005,0.1022,0.0762,0.0872,0.026199999999999998,0.07119999999999999,0.105
1.3300011798397562,-0.0584,0.026000000000000002,0.0438,0.0296,0.0292,0.076,0.101,0.0718,0.10300000000000001,0.061399999999999996,0.0858,0.0592,0.06380000000000002,0.054400000000000004,0.054000000000000006,0.069,0.03540000000000001,0.096,0.0906,0.0896,0.04100000000000001,0.056600000000000004,0.099
1.3293452974410103,-0.03819999999999999,0.0496,0.07360000000000003,0.0358,0.0426,0.10120000000000001,0.09879999999999999,0.0878,0.112,0.061399999999999996,0.1004,0.071,0.071,0.061799999999999994,0.0404,0.064,0.04860000000000001,0.1072,0.0882,0.1002,0.0688,0.0572,0.09079999999999999
1.3287042990013287,-0.033600000000000005,0.048799999999999996,0.0722,0.0358,0.049,0.0992,0.0868,0.1016,0.10699999999999998,0.055799999999999995,0.0942,0.07579999999999999,0.0658,0.0544,0.023999999999999994,0.056999999999999995,0.0378,0.09679999999999998,0.0694,0.1002,0.09179999999999999,0.03879999999999999,0.0706
1.3280496947627718,-0.030999999999999993,0.052399999999999995,0.08120000000000001,0.038200000000000005,0.0512,0.0842,0.0782,0.1088,0.0938,0.0594,0.08979999999999999,0.08020000000000001,0.06,0.059,0.027199999999999995,0.048399999999999985,0.031199999999999995,0.09020000000000002,0.062400000000000004,0.10280000000000002,0.07659999999999999,0.03500000000000001,0.0562
1.3274099448696677,-0.028399999999999995,0.0586,0.0854,0.038200000000000005,0.0492,0.06499999999999999,0.07959999999999999,0.0998,0.0884,0.0762,0.08,0.0952,0.0664,0.0588,0.04,0.037399999999999996,0.020399999999999998,0.0836,0.0712,0.10859999999999999,0.0768,0.0294,0.067
1.3267566150586876,-0.02859999999999999,0.06520000000000001,0.07799999999999999,0.036599999999999994,0.0562,0.0678,0.06759999999999998,0.08999999999999998,0.07740000000000001,0.0708,0.0864,0.1034,0.06719999999999998,0.06860000000000001,0.0402,0.0228,0.028199999999999996,0.07379999999999999,0.063,0.1056,0.0654,0.0268,0.0546
1.3261181100678032,-0.019799999999999995,0.06659999999999999,0.07959999999999999,0.03539999999999999,0.06,0.062200000000000005,0.0732,0.09559999999999999,0.0746,0.0722,0.076,0.1164,0.0852,0.0762,0.0502,0.0296,0.0466,0.0752,0.0506,0.096,0.0808,0.0432,0.059
1.3254802193455977,-0.009599999999999996,0.083,0.084,0.047799999999999995,0.0704,0.0704,0.0634,0.1134,0.0838,0.076,0.08580000000000002,0.1182,0.09659999999999999,0.085,0.0706,0.03559999999999999,0.047799999999999995,0.0694,0.05720000000000001,0.09159999999999999,0.09720000000000001,0.0516,0.0698
1.3248287872474545,0.0018000000000000065,0.0974,0.1042,0.0522,0.0874,0.0882,0.07000000000000002,0.12919999999999998,0.1008,0.08940000000000001,0.08580000000000002,0.133,0.106,0.09720000000000001,0.08220000000000001,0.055200000000000006,0.0564,0.0722,0.075,0.1028,0.10679999999999999,0.048,0.073
1.3241921360073472,0.0040000000000000036,0.092,0.1092,0.04879999999999999,0.085,0.09400000000000001,0.06620000000000001,0.1266,0.0964,0.09559999999999999,0.0828,0.1264,0.1006,0.09399999999999999,0.08259999999999999,0.0562,0.0608,0.06,0.07859999999999999,0.10779999999999998,0.1062,0.0458,0.0636
1.3235419690888908,-0.011000000000000003,0.08259999999999999,0.0906,0.035199999999999995,0.0824,0.0824,0.0528,0.11159999999999999,0.06819999999999998,0.0892,0.08020000000000001,0.1184,0.0902,0.0828,0.0808,0.0522,0.0644,0.062200000000000005,0.05999999999999999,0.088,0.08079999999999998,0.05700000000000001,0.063
1.3229065537217415,-0.030199999999999998,0.08780000000000002,0.055,0.0206,0.067,0.0596,0.02139999999999999,0.0942,0.026799999999999994,0.07339999999999998,0.0512,0.10479999999999999,0.0714,0.07199999999999998,0.0686,0.055,0.0576,0.0576,0.052,0.061399999999999996,0.0578,0.0424,0.064
1.3222576483007924,-0.02059999999999999,0.0994,0.05119999999999999,0.0238,0.065,0.055799999999999995,0.01919999999999999,0.0834,0.018999999999999996,0.07079999999999999,0.044,0.10959999999999999,0.0674,0.0746,0.0804,0.0642,0.06499999999999999,0.0676,0.0696,0.0564,0.053200000000000004,0.060399999999999995,0.0694
1.3216234652114598,-0.019999999999999997,0.10840000000000001,0.0608,0.0376,0.07479999999999999,0.0732,0.0198,0.07920000000000002,0.02859999999999999,0.075,0.042600000000000006,0.1168,0.08059999999999999,0.089,0.08880000000000002,0.07239999999999998,0.0814,0.0734,0.07440000000000001,0.04740000000000001,0.0592,0.065,0.07540000000000001
1.3209898901660824,-0.023200000000000005,0.103,0.0674,0.046799999999999994,0.0808,0.08779999999999999,0.012799999999999995,0.0762,0.027,0.069,0.0492,0.124,0.07759999999999999,0.1022,0.0842,0.07299999999999998,0.0964,0.0662,0.0686,0.0326,0.0616,0.0694,0.0678
1.3203428632273866,-0.019199999999999995,0.1056,0.08840000000000002,0.06719999999999998,0.10000000000000002,0.0932,0.040000000000000015,0.091,0.0484,0.088,0.0574,0.137,0.0884,0.109,0.10859999999999999,0.07540000000000001,0.10900000000000001,0.0834,0.0778,0.038000000000000006,0.07940000000000001,0.07800000000000001,0.08300000000000002
1.319710515112814,-0.0346,0.1188,0.09459999999999999,0.09720000000000001,0.1124,0.1082,0.0578,0.09720000000000001,0.0482,0.0852,0.0592,0.135,0.08079999999999998,0.1128,0.1176,0.0628,0.1108,0.09039999999999998,0.0852,0.0614,0.0748,0.08720000000000001,0.08940000000000001
1.3190647405484757,-0.03159999999999999,0.1184,0.097,0.1042,0.1092,0.09620000000000001,0.0804,0.0828,0.05,0.09359999999999999,0.054000000000000006,0.1372,0.0884,0.11220000000000001,0.11,0.0516,0.11220000000000001,0.09379999999999998,0.0778,0.07620000000000002,0.0654,0.08800000000000001,0.0852
1.3184336158041914,-0.05700000000000001,0.09799999999999999,0.0858,0.1006,0.08659999999999998,0.06579999999999998,0.07019999999999998,0.0588,0.0292,0.0872,0.04,0.11579999999999999,0.0564,0.09459999999999999,0.08999999999999998,0.0368,0.0884,0.074,0.04619999999999999,0.07320000000000002,0.0476,0.07940000000000001,0.0866
1.3178030947117836,-0.0626,0.10779999999999999,0.0884,0.11259999999999999,0.0958,0.06399999999999999,0.07740000000000001,0.0596,0.03200000000000001,0.07740000000000001,0.046400000000000004,0.1088,0.05059999999999998,0.10940000000000001,0.0792,0.0356,0.0854,0.0856,0.040600000000000004,0.07800000000000001,0.037200000000000004,0.0682,0.07959999999999999
1.3171591850608655,-0.0544,0.1138,0.09299999999999999,0.12480000000000001,0.10099999999999999,0.0598,0.096,0.05279999999999999,0.038400000000000004,0.0708,0.0562,0.11359999999999999,0.055799999999999995,0.1192,0.07019999999999998,0.0418,0.07399999999999998,0.09040000000000001,0.056400000000000006,0.10440000000000002,0.0436,0.068,0.08120000000000001
1.3165298820431695,-0.0502,0.0804,0.0876,0.1232,0.10219999999999997,0.0514,0.10779999999999998,0.05279999999999999,0.0588,0.06659999999999999,0.058,0.11079999999999998,0.0502,0.104,0.06399999999999999,0.049,0.0736,0.07959999999999999,0.053,0.09979999999999999,0.03139999999999999,0.0696,0.0684
1.3159011800662195,-0.06520000000000001,0.066,0.09079999999999998,0.1374,0.10899999999999999,0.0668,0.10939999999999998,0.06700000000000002,0.06659999999999999,0.08,0.072,0.11259999999999999,0.05660000000000001,0.109,0.052799999999999986,0.057600000000000005,0.06899999999999999,0.0746,0.0402,0.0984,0.02659999999999999,0.0596,0.0708
1.3152591272619276,-0.06499999999999999,0.0578,0.0882,0.12960000000000002,0.09979999999999999,0.06300000000000001,0.11359999999999998,0.07,0.0674,0.06699999999999999,0.0678,0.1162,0.0512,0.09179999999999999,0.0418,0.060200000000000004,0.0504,0.061399999999999996,0.0228,0.09379999999999998,0.0304,0.0582,0.07820000000000002
1.3146316380946323,-0.052,0.0582,0.0932,0.133,0.11099999999999999,0.0636,0.12519999999999998,0.0814,0.084,0.06119999999999999,0.0688,0.11899999999999998,0.061,0.08259999999999999,0.03559999999999999,0.064,0.036599999999999994,0.0656,0.023399999999999994,0.10379999999999999,0.0368,0.05179999999999999,0.0828
1.3140047473719905,-0.0638,0.0644,0.081,0.1226,0.10179999999999999,0.0522,0.11699999999999998,0.08380000000000001,0.0834,0.0444,0.0628,0.1196,0.053,0.074,0.0212,0.0608,0.0328,0.051,0.023000000000000003,0.108,0.024199999999999996,0.04879999999999999,0.073
1.3133645433939882,-0.045,0.0702,0.09179999999999999,0.10779999999999998,0.0888,0.039,0.1076,0.07979999999999998,0.1022,0.047799999999999995,0.0688,0.12979999999999997,0.054200000000000005,0.07540000000000001,0.008600000000000003,0.0702,0.03660000000000001,0.049,0.023,0.0996,0.033600000000000005,0.0508,0.0832
1.3127388602462444,-0.0444,0.05099999999999999,0.07579999999999998,0.09439999999999998,0.0792,0.04440000000000001,0.0842,0.07659999999999999,0.1004,0.031999999999999994,0.0598,0.1336,0.03679999999999999,0.056,0.011400000000000004,0.06639999999999997,0.0338,0.03359999999999999,0.014199999999999996,0.08699999999999998,0.018199999999999997,0.0378,0.0742
1.3121137729619912,-0.019799999999999995,0.0572,0.06099999999999999,0.1042,0.0958,0.0684,0.07579999999999999,0.0884,0.1196,0.054000000000000006,0.07859999999999999,0.14659999999999995,0.07199999999999998,0.0628,0.0366,0.0702,0.053000000000000005,0.0518,0.0344,0.0864,0.0342,0.04,0.07759999999999999
1.3114754098360655,0.0012000000000000068,0.0534,0.0732,0.1056,0.09459999999999999,0.07960000000000002,0.056600000000000004,0.091,0.1202,0.0704,0.0674,0.1504,0.0906,0.0666,0.0534,0.0726,0.055600000000000004,0.052,0.0322,0.08059999999999999,0.04720000000000001,0.061799999999999994,0.0868
1.310851524922036,0.006200000000000001,0.05140000000000001,0.07179999999999999,0.10540000000000001,0.1026,0.0862,0.03599999999999999,0.10179999999999999,0.12099999999999998,0.07479999999999998,0.0572,0.14500000000000002,0.09240000000000001,0.069,0.06659999999999999,0.0704,0.0634,0.0432,0.032600000000000004,0.0668,0.0546,0.06380000000000002,0.09440000000000001
1.3102282333051565,0.003599999999999995,0.07579999999999999,0.0782,0.1038,0.10479999999999999,0.0974,0.05140000000000001,0.11580000000000001,0.12199999999999998,0.0838,0.0736,0.1478,0.1022,0.09099999999999998,0.0948,0.0684,0.0684,0.0434,0.045399999999999996,0.07799999999999999,0.08120000000000001,0.060399999999999995,0.09620000000000001
1.3096055341395152,0.010799999999999997,0.07440000000000001,0.0828,0.11159999999999999,0.11059999999999999,0.10900000000000001,0.06720000000000001,0.11680000000000001,0.1354,0.0884,0.0916,0.14899999999999997,0.1182,0.09999999999999999,0.1148,0.07699999999999999,0.08120000000000001,0.05320000000000001,0.0718,0.0932,0.1134,0.07300000000000001,0.1092
1.3089696086814244,-0.0008000000000000034,0.053,0.081,0.10280000000000002,0.10299999999999998,0.09579999999999998,0.0514,0.1002,0.1284,0.0844,0.1022,0.12779999999999997,0.125,0.08599999999999998,0.1018,0.057999999999999996,0.08799999999999998,0.0592,0.0788,0.09040000000000001,0.1006,0.06559999999999999,0.09459999999999999
1.3083481050054866,0.0056,0.0546,0.075,0.0834,0.08220000000000001,0.089,0.0502,0.0986,0.10859999999999999,0.0912,0.107,0.1138,0.1042,0.0804,0.09140000000000001,0.0546,0.09140000000000001,0.0508,0.08020000000000001,0.0882,0.09559999999999999,0.06459999999999999,0.0814
1.3077271912340094,0.022999999999999993,0.0458,0.082,0.07940000000000001,0.0732,0.1002,0.0384,0.0906,0.09659999999999998,0.09880000000000001,0.1124,0.09000000000000001,0.096,0.0932,0.09,0.0664,0.0832,0.0528,0.0868,0.08,0.1006,0.0544,0.07400000000000001
1.3071068665275232,-0.0020000000000000035,0.020999999999999998,0.0592,0.06819999999999998,0.0732,0.091,0.02,0.0782,0.0772,0.0902,0.10299999999999998,0.07119999999999999,0.0846,0.0902,0.09359999999999999,0.0516,0.061,0.04700000000000001,0.0856,0.0644,0.08879999999999998,0.0358,0.06420000000000002
1.306473364801079,-0.0088,0.028199999999999992,0.065,0.07640000000000001,0.079,0.08680000000000002,0.020399999999999998,0.0788,0.09359999999999999,0.08979999999999999,0.11780000000000002,0.0686,0.0834,0.1,0.089,0.055799999999999995,0.0636,0.055600000000000004,0.1044,0.0646,0.09819999999999997,0.0456,0.07119999999999999
1.3058542287561739,-0.0075999999999999965,0.0394,0.07019999999999998,0.068,0.08779999999999999,0.0932,0.046400000000000004,0.08560000000000002,0.10520000000000002,0.073,0.1166,0.0728,0.07379999999999999,0.1044,0.07640000000000001,0.061399999999999996,0.07180000000000002,0.054000000000000006,0.10740000000000001,0.052,0.1032,0.053399999999999996,0.067
1.305235679248858,-0.012799999999999994,0.0536,0.061000000000000006,0.0608,0.0842,0.0912,0.05940000000000001,0.08059999999999999,0.10959999999999999,0.0748,0.127,0.0616,0.0752,0.10579999999999999,0.07520000000000002,0.0782,0.07379999999999999,0.07180000000000002,0.1226,0.0582,0.10840000000000001,0.0528,0.07100000000000001
1.3046177154460425,-0.0106,0.0562,0.07440000000000001,0.06119999999999999,0.0752,0.1032,0.08220000000000001,0.08079999999999998,0.10799999999999998,0.0818,0.133,0.0586,0.07940000000000001,0.1196,0.07379999999999999,0.09,0.0742,0.078,0.13,0.0748,0.10959999999999999,0.056799999999999996,0.0818
1.3039866236210869,0.004600000000000003,0.055799999999999995,0.099,0.0818,0.0874,0.11400000000000002,0.0854,0.07840000000000001,0.1202,0.09480000000000001,0.12919999999999995,0.0718,0.07640000000000001,0.12079999999999998,0.0576,0.0984,0.077,0.09380000000000001,0.12459999999999999,0.0772,0.10000000000000002,0.0628,0.0948
1.3033698417036306,0.0086,0.072,0.08499999999999999,0.0688,0.07579999999999999,0.10280000000000002,0.0688,0.0688,0.1024,0.08120000000000001,0.0996,0.071,0.0508,0.1232,0.036599999999999994,0.086,0.0772,0.1024,0.1014,0.0476,0.07199999999999998,0.0582,0.0846
1.3027536429824653,0.016599999999999993,0.08059999999999998,0.0652,0.07179999999999999,0.08739999999999998,0.12840000000000001,0.0714,0.0644,0.1022,0.08159999999999999,0.07599999999999998,0.0838,0.0314,0.12899999999999998,0.03059999999999999,0.09680000000000001,0.07379999999999999,0.1164,0.0992,0.0324,0.07740000000000001,0.054799999999999995,0.088
1.302138026630823,0.0172,0.06659999999999998,0.0606,0.08159999999999999,0.10179999999999999,0.1398,0.08180000000000001,0.058,0.10699999999999998,0.0694,0.07899999999999999,0.0824,0.0412,0.12899999999999998,0.03679999999999999,0.1026,0.0808,0.1242,0.09179999999999999,0.03820000000000001,0.07440000000000001,0.05979999999999999,0.10100000000000002
1.3015229918234967,0.011200000000000003,0.0644,0.0528,0.0832,0.10679999999999999,0.1352,0.0854,0.06,0.10759999999999997,0.0708,0.07379999999999998,0.07880000000000001,0.0546,0.118,0.0362,0.09540000000000001,0.0912,0.12040000000000001,0.0898,0.0582,0.0648,0.06859999999999998,0.10000000000000002
1.3008948897911223,0.021999999999999992,0.07999999999999999,0.07700000000000001,0.1006,0.11399999999999999,0.1554,0.1144,0.0696,0.11099999999999999,0.0804,0.08779999999999999,0.09500000000000001,0.0676,0.1206,0.049,0.10360000000000003,0.12359999999999999,0.13340000000000002,0.09459999999999999,0.08940000000000001,0.08079999999999998,0.088,0.10300000000000001
1.300281028480349,0.0378,0.1022,0.09580000000000001,0.10740000000000001,0.1386,0.1644,0.1404,0.0844,0.1046,0.0974,0.09999999999999999,0.11059999999999999,0.09440000000000003,0.12440000000000001,0.0654,0.1206,0.13240000000000002,0.1506,0.09259999999999999,0.1034,0.1046,0.1016,0.1062
1.2996677462293913,0.038200000000000005,0.1032,0.114,0.1114,0.136,0.14820000000000003,0.12499999999999999,0.07579999999999999,0.0814,0.09979999999999999,0.09540000000000001,0.11040000000000001,0.104,0.1242,0.07599999999999998,0.12140000000000001,0.1198,0.14,0.09,0.10980000000000001,0.091,0.07899999999999999,0.09279999999999998
1.299055042219289,0.024399999999999998,0.0708,0.0912,0.09379999999999998,0.10779999999999998,0.12359999999999997,0.1024,0.063,0.05219999999999999,0.07980000000000001,0.06819999999999998,0.11220000000000001,0.07379999999999999,0.1026,0.04919999999999999,0.097,0.10119999999999997,0.11059999999999999,0.055600000000000004,0.095,0.07379999999999999,0.029399999999999985,0.067
1.2984429156326245,0.010399999999999994,0.060399999999999995,0.0686,0.0808,0.08299999999999999,0.09659999999999999,0.09459999999999999,0.054799999999999995,0.03299999999999999,0.06459999999999999,0.045200000000000004,0.09879999999999999,0.054799999999999995,0.0792,0.0366,0.08199999999999999,0.08739999999999998,0.09079999999999998,0.030399999999999996,0.073,0.0664,0.002399999999999995,0.047200000000000006
1.2978313656535208,-0.0014000000000000013,0.0494,0.047999999999999994,0.073,0.08099999999999999,0.08220000000000001,0.0916,0.054,0.02459999999999999,0.0614,0.0418,0.0878,0.0418,0.0736,0.038400000000000004,0.0832,0.0912,0.08700000000000001,0.0376,0.0696,0.061399999999999996,-7.105427357601002e-18,0.04860000000000001
1.2972068207971545,0.016600000000000004,0.051,0.0724,0.0892,0.115,0.0868,0.1188,0.06700000000000002,0.061600000000000016,0.09120000000000002,0.0658,0.1108,0.0624,0.0834,0.0704,0.09779999999999998,0.1036,0.09360000000000002,0.060000000000000005,0.108,0.08220000000000001,0.01720000000000001,0.07680000000000001
1.2965964343598055,0.0258,0.0726,0.09720000000000001,0.09620000000000001,0.138,0.0742,0.1442,0.0876,0.075,0.1056,0.09259999999999999,0.1226,0.0788,0.098,0.0968,0.1134,0.1176,0.07880000000000001,0.0746,0.131,0.08059999999999999,0.03459999999999999,0.1016
1.2959866220735787,0.0228,0.094,0.1042,0.0862,0.1402,0.0662,0.13219999999999998,0.09140000000000001,0.0782,0.1058,0.09440000000000001,0.12239999999999998,0.07880000000000001,0.0994,0.104,0.09659999999999999,0.1194,0.07680000000000001,0.08279999999999998,0.1296,0.0842,0.0418,0.1002
1.2953773831287543,0.01799999999999999,0.09680000000000001,0.1062,0.08159999999999999,0.1316,0.06599999999999999,0.135,0.0928,0.0878,0.09300000000000001,0.09459999999999999,0.12940000000000002,0.078,0.0996,0.1002,0.086,0.1274,0.085,0.08220000000000001,0.1164,0.1016,0.05160000000000001,0.1006
1.2947687167171347,0.03540000000000001,0.09480000000000001,0.09559999999999999,0.08300000000000002,0.129,0.06459999999999999,0.13,0.0988,0.0952,0.09120000000000002,0.09659999999999999,0.1256,0.09459999999999999,0.10959999999999999,0.0896,0.0964,0.126,0.08500000000000002,0.0852,0.10500000000000001,0.10380000000000002,0.06020000000000001,0.11720000000000001
1.294160622032041,0.0292,0.07019999999999998,0.0752,0.07099999999999998,0.106,0.0506,0.10199999999999998,0.08159999999999999,0.088,0.0836,0.076,0.10579999999999998,0.0772,0.10940000000000001,0.07759999999999999,0.092,0.12380000000000001,0.08020000000000001,0.07959999999999999,0.0808,0.0834,0.040400000000000005,0.1262
1.2935530982683079,0.0342,0.0696,0.0746,0.0674,0.1066,0.0528,0.10199999999999998,0.0916,0.1016,0.09340000000000001,0.0722,0.1028,0.0686,0.11120000000000001,0.09079999999999999,0.09259999999999999,0.14120000000000002,0.09179999999999999,0.08799999999999998,0.07479999999999999,0.089,0.0546,0.14780000000000001
1.292932663232749,0.031999999999999994,0.10020000000000003,0.0864,0.08179999999999998,0.1362,0.0616,0.11019999999999998,0.116,0.1288,0.11059999999999999,0.1044,0.09899999999999999,0.09459999999999999,0.1186,0.11359999999999999,0.09179999999999999,0.15680000000000002,0.11359999999999999,0.10299999999999998,0.0964,0.0922,0.0986,0.1704
1.2923262915446425,0.0428,0.103,0.10859999999999997,0.08999999999999998,0.16599999999999995,0.06699999999999999,0.11919999999999997,0.12919999999999998,0.1492,0.123,0.137,0.10659999999999999,0.11259999999999999,0.123,0.1232,0.1028,0.1716,0.12419999999999998,0.12519999999999998,0.11180000000000001,0.0952,0.12779999999999997,0.17720000000000002
1.2917204883536813,0.05360000000000001,0.1286,0.13439999999999996,0.10600000000000001,0.17819999999999997,0.0752,0.133,0.1382,0.15999999999999998,0.125,0.1528,0.10840000000000001,0.14239999999999997,0.14,0.1398,0.1082,0.172,0.12319999999999998,0.14099999999999996,0.1312,0.10679999999999998,0.1442,0.1744
1.2911152528607575,0.028399999999999995,0.1174,0.12359999999999999,0.0808,0.1596,0.0634,0.1036,0.122,0.13739999999999997,0.09399999999999999,0.1452,0.07840000000000001,0.146,0.1196,0.12240000000000001,0.08679999999999999,0.1614,0.10599999999999998,0.133,0.11519999999999997,0.09120000000000002,0.114,0.1444
1.2905105842682596,0.0352,0.0974,0.1176,0.0746,0.1422,0.05940000000000001,0.0844,0.1162,0.13579999999999998,0.07840000000000001,0.1444,0.077,0.1498,0.118,0.127,0.0628,0.15299999999999997,0.11059999999999999,0.1446,0.12419999999999998,0.10280000000000002,0.09479999999999998,0.1368
1.289906481780071,0.034,0.0998,0.12120000000000002,0.0852,0.14039999999999997,0.061200000000000004,0.0906,0.1142,0.1422,0.0906,0.1392,0.0722,0.16279999999999997,0.11839999999999998,0.1358,0.07179999999999999,0.15819999999999998,0.1238,0.1514,0.13739999999999997,0.10880000000000001,0.0836,0.14820000000000003
1.2893029446015638,0.05380000000000002,0.11220000000000002,0.136,0.10720000000000002,0.1546,0.0626,0.1052,0.1272,0.13999999999999996,0.10720000000000002,0.14059999999999997,0.07,0.1742,0.11979999999999999,0.157,0.0896,0.156,0.1346,0.1524,0.1482,0.10579999999999999,0.08700000000000001,0.17120000000000002
1.2886999719395973,0.039799999999999995,0.109,0.1472,0.10199999999999998,0.1428,0.05179999999999999,0.0876,0.1254,0.13140000000000002,0.1114,0.1254,0.0772,0.15819999999999998,0.10399999999999998,0.15380000000000002,0.08479999999999999,0.13899999999999998,0.11759999999999998,0.141,0.13639999999999997,0.0942,0.060399999999999995,0.14479999999999998
1.288097563002514,0.038400000000000004,0.1138,0.16119999999999998,0.1102,0.1468,0.066,0.09620000000000001,0.13739999999999997,0.1404,0.11240000000000001,0.14039999999999997,0.09179999999999999,0.167,0.1062,0.16440000000000002,0.0832,0.1334,0.11499999999999999,0.15159999999999998,0.1502,0.0938,0.0714,0.1292
1.2874957170001349,0.031199999999999995,0.10180000000000002,0.152,0.11599999999999999,0.1448,0.07060000000000001,0.0902,0.1446,0.1366,0.10640000000000001,0.16079999999999997,0.1014,0.166,0.10840000000000001,0.15080000000000002,0.0804,0.1232,0.119,0.145,0.15739999999999998,0.089,0.075,0.1196
1.2868944331437586,0.0376,0.0782,0.1448,0.1108,0.13379999999999997,0.0716,0.07759999999999999,0.1366,0.1184,0.0896,0.15680000000000002,0.11079999999999998,0.146,0.1016,0.134,0.0746,0.1124,0.10499999999999998,0.146,0.12819999999999998,0.08139999999999997,0.0686,0.1152
1.2862937106461552,0.0428,0.07880000000000001,0.1212,0.10640000000000001,0.1374,0.08799999999999998,0.07659999999999999,0.13779999999999998,0.1176,0.0846,0.15080000000000002,0.1242,0.1398,0.1036,0.149,0.0834,0.09879999999999999,0.1226,0.15220000000000003,0.11479999999999999,0.101,0.0638,0.11479999999999999
1.2856935487215644,0.0444,0.0638,0.11100000000000003,0.09340000000000001,0.1408,0.0922,0.09020000000000002,0.13319999999999999,0.12279999999999999,0.0874,0.14519999999999997,0.12299999999999998,0.1346,0.09340000000000001,0.146,0.0892,0.09599999999999999,0.12739999999999999,0.15660000000000002,0.106,0.11459999999999998,0.0604,0.11339999999999997
1.2850939465856919,0.07379999999999999,0.0906,0.13060000000000002,0.1148,0.14920000000000003,0.1076,0.1262,0.16440000000000002,0.131,0.099,0.154,0.13739999999999997,0.13599999999999998,0.1046,0.16659999999999997,0.1162,0.08899999999999998,0.146,0.17159999999999997,0.1128,0.1216,0.0942,0.13
1.2844949034557056,0.0684,0.11700000000000002,0.13820000000000002,0.1194,0.15940000000000001,0.1162,0.1436,0.17959999999999998,0.12279999999999998,0.11259999999999999,0.15459999999999996,0.13299999999999998,0.13879999999999998,0.11599999999999999,0.15739999999999998,0.1448,0.09720000000000001,0.1482,0.1644,0.09980000000000001,0.1198,0.11359999999999999,0.13240000000000002
1.2838964185502326,0.07779999999999998,0.1232,0.1494,0.1248,0.1546,0.1284,0.1452,0.1916,0.12440000000000001,0.11939999999999998,0.16599999999999998,0.15919999999999995,0.1528,0.13699999999999998,0.166,0.16519999999999999,0.10599999999999998,0.14639999999999997,0.17839999999999998,0.0862,0.124,0.12599999999999997,0.12499999999999999
1.2832984910893548,0.07579999999999998,0.1082,0.14720000000000003,0.11639999999999998,0.1422,0.12779999999999997,0.13479999999999998,0.19219999999999998,0.1212,0.1146,0.1674,0.16699999999999998,0.1436,0.16419999999999998,0.15580000000000002,0.1644,0.10080000000000001,0.143,0.18819999999999998,0.0808,0.1304,0.12079999999999998,0.10940000000000001
1.2827011202946075,0.0724,0.099,0.13419999999999999,0.112,0.13739999999999997,0.1284,0.13299999999999998,0.1982,0.1274,0.111,0.16779999999999998,0.155,0.1318,0.175,0.1548,0.14980000000000002,0.1004,0.152,0.18919999999999998,0.0884,0.12099999999999998,0.12359999999999997,0.1102
1.282104305388974,0.0698,0.114,0.1338,0.11040000000000001,0.13439999999999996,0.13379999999999997,0.1478,0.207,0.13179999999999997,0.1114,0.1548,0.1544,0.12500000000000003,0.179,0.154,0.162,0.102,0.15220000000000003,0.17779999999999999,0.103,0.131,0.12679999999999997,0.1174
1.281508045596883,0.07840000000000001,0.12400000000000001,0.1446,0.1128,0.13999999999999996,0.1366,0.16719999999999996,0.20140000000000002,0.1402,0.1144,0.14039999999999997,0.1492,0.13760000000000003,0.1876,0.1616,0.17760000000000004,0.10179999999999999,0.1432,0.191,0.12359999999999999,0.154,0.13739999999999997,0.12499999999999999
1.280912340144206,0.0882,0.12780000000000002,0.14639999999999997,0.116,0.1408,0.1352,0.187,0.19080000000000003,0.1538,0.1232,0.126,0.142,0.151,0.1994,0.16539999999999996,0.19419999999999998,0.09359999999999997,0.1462,0.19159999999999996,0.13419999999999999,0.16019999999999998,0.1398,0.1338
1.2803171882582525,0.0792,0.12240000000000001,0.15719999999999995,0.12239999999999998,0.13439999999999996,0.12919999999999998,0.17279999999999998,0.181,0.16,0.1298,0.12380000000000001,0.1254,0.154,0.2002,0.14759999999999995,0.18259999999999998,0.10179999999999999,0.13539999999999996,0.1732,0.13879999999999998,0.138,0.13459999999999997,0.1372
1.2797225891677675,0.0722,0.11159999999999999,0.15379999999999996,0.1142,0.10719999999999998,0.1162,0.14200000000000002,0.1712,0.15239999999999998,0.1118,0.11320000000000001,0.11040000000000001,0.1482,0.18419999999999997,0.12859999999999996,0.1686,0.09820000000000001,0.11819999999999997,0.1466,0.1256,0.1174,0.1182,0.1316
1.2791285421029286,0.0546,0.0912,0.1474,0.10399999999999998,0.0984,0.1102,0.13140000000000002,0.14560000000000003,0.14859999999999998,0.10099999999999999,0.11059999999999998,0.0996,0.14780000000000001,0.1714,0.11580000000000001,0.15499999999999997,0.1102,0.09819999999999997,0.1348,0.10979999999999998,0.10939999999999998,0.0916,0.1316
1.2785350462953415,0.0536,0.07220000000000001,0.1466,0.10559999999999999,0.09,0.1076,0.1254,0.1358,0.1606,0.10860000000000002,0.1114,0.104,0.1462,0.16540000000000002,0.127,0.1454,0.12040000000000001,0.11279999999999998,0.1434,0.11579999999999999,0.10839999999999998,0.0734,0.1306
1.277942100978038,0.03319999999999999,0.0708,0.1312,0.103,0.1078,0.1052,0.1288,0.12580000000000002,0.15780000000000002,0.106,0.117,0.1036,0.1358,0.1536,0.11780000000000002,0.1378,0.1092,0.1052,0.1354,0.12179999999999998,0.10759999999999997,0.07900000000000001,0.13839999999999997
1.2773497053854712,0.019,0.0814,0.1252,0.0988,0.118,0.10540000000000001,0.1254,0.1194,0.1608,0.11480000000000001,0.1316,0.0932,0.1364,0.12040000000000002,0.1144,0.14179999999999998,0.11159999999999999,0.0994,0.1198,0.1142,0.11199999999999999,0.0698,0.139
1.2767578587535136,0.0188,0.0722,0.1226,0.0888,0.12099999999999998,0.0984,0.13440000000000002,0.08579999999999999,0.1534,0.11159999999999998,0.13019999999999998,0.0768,0.12819999999999998,0.0998,0.0968,0.13379999999999997,0.10740000000000001,0.094,0.1024,0.106,0.1088,0.0606,0.13179999999999997
1.2761665603194534,0.018000000000000002,0.0724,0.1174,0.094,0.12179999999999999,0.0952,0.13279999999999997,0.0704,0.14739999999999998,0.1134,0.13279999999999997,0.07019999999999998,0.1198,0.10380000000000003,0.09540000000000001,0.1196,0.10940000000000001,0.1,0.10479999999999998,0.1032,0.1114,0.053,0.13240000000000002
1.2755758093219902,0.005200000000000002,0.0686,0.11120000000000002,0.0856,0.11899999999999998,0.0938,0.1282,0.055,0.14179999999999998,0.10540000000000001,0.1422,0.0746,0.1028,0.10280000000000002,0.08220000000000001,0.109,0.10980000000000001,0.10300000000000001,0.0864,0.08080000000000001,0.09240000000000001,0.0458,0.1238
1.274985605001234,0.000800000000000002,0.0834,0.12120000000000002,0.09240000000000001,0.1232,0.1088,0.13419999999999999,0.055,0.146,0.1068,0.1522,0.08979999999999999,0.11259999999999999,0.10540000000000001,0.09179999999999999,0.1042,0.13419999999999999,0.11120000000000001,0.089,0.0916,0.107,0.0578,0.1068
1.274395946598699,-0.013400000000000002,0.104,0.11200000000000002,0.09359999999999999,0.11199999999999999,0.1016,0.14459999999999998,0.0448,0.1288,0.10540000000000001,0.1502,0.09299999999999999,0.10859999999999999,0.08799999999999998,0.0896,0.101,0.1412,0.11679999999999999,0.088,0.0902,0.11039999999999997,0.061399999999999996,0.1028
1.2738199188453438,-0.014399999999999998,0.13360000000000002,0.1138,0.10579999999999998,0.1474,0.1194,0.15439999999999998,0.0526,0.1394,0.132,0.1718,0.11579999999999999,0.113,0.0922,0.1114,0.11320000000000001,0.15759999999999996,0.151,0.0932,0.1114,0.13419999999999999,0.0792,0.12200000000000001
1.2732313379197042,-0.0057999999999999935,0.1376,0.1046,0.1052,0.1522,0.1292,0.1478,0.0624,0.132,0.15059999999999998,0.1668,0.11120000000000001,0.10579999999999999,0.09199999999999998,0.119,0.11320000000000001,0.1578,0.15519999999999998,0.08299999999999999,0.12599999999999997,0.13739999999999997,0.0862,0.1128
1.2726433006619797,7.105427357601002e-18,0.1468,0.1188,0.101,0.1494,0.1222,0.1482,0.0656,0.12459999999999997,0.14339999999999997,0.17520000000000002,0.1142,0.1186,0.09359999999999999,0.121,0.11159999999999999,0.16119999999999998,0.13779999999999998,0.0658,0.12480000000000001,0.13219999999999998,0.09799999999999999,0.107
1.272055806319245,0.0206,0.136,0.1262,0.1006,0.1306,0.1142,0.13439999999999996,0.0654,0.127,0.136,0.1584,0.1092,0.1232,0.1028,0.1176,0.10599999999999998,0.16119999999999998,0.1426,0.05179999999999999,0.1212,0.12320000000000002,0.0884,0.09459999999999999
1.2714688541399641,0.014199999999999994,0.12139999999999998,0.10339999999999998,0.09280000000000001,0.10740000000000001,0.1044,0.1272,0.049,0.11,0.11499999999999999,0.12299999999999998,0.1022,0.10739999999999998,0.098,0.1124,0.08279999999999998,0.14119999999999996,0.1226,0.040999999999999995,0.1148,0.09979999999999999,0.07,0.0804
1.2708824433739878,0.027000000000000003,0.1562,0.1194,0.12060000000000003,0.1098,0.124,0.1364,0.07959999999999999,0.12279999999999998,0.1238,0.13319999999999996,0.1182,0.1326,0.108,0.13040000000000002,0.09839999999999997,0.15099999999999997,0.13240000000000002,0.067,0.12379999999999998,0.11759999999999998,0.09180000000000002,0.097
1.2702965732725504,0.028399999999999995,0.15139999999999998,0.1138,0.12340000000000004,0.1154,0.1182,0.1276,0.07959999999999999,0.1296,0.12240000000000001,0.13739999999999997,0.10659999999999999,0.1492,0.0886,0.121,0.11299999999999999,0.14459999999999998,0.1174,0.06999999999999998,0.11359999999999998,0.1034,0.09120000000000002,0.0792
1.2697112430882653,0.01799999999999999,0.13279999999999997,0.0852,0.10540000000000001,0.09999999999999999,0.0968,0.10959999999999999,0.0752,0.11499999999999999,0.10479999999999998,0.09139999999999998,0.08439999999999998,0.14079999999999998,0.061799999999999994,0.10239999999999998,0.09620000000000001,0.12879999999999997,0.09079999999999999,0.06259999999999999,0.10139999999999998,0.09619999999999998,0.08400000000000002,0.07
1.2691394415786457,0.0015999999999999925,0.11199999999999999,0.076,0.0854,0.09759999999999998,0.0772,0.0942,0.06720000000000001,0.1038,0.0974,0.06459999999999999,0.0704,0.12259999999999996,0.045200000000000004,0.09540000000000001,0.08399999999999999,0.1036,0.07859999999999999,0.053399999999999996,0.09019999999999997,0.09299999999999999,0.07300000000000001,0.066
1.2685551770350592,0.007999999999999993,0.09559999999999998,0.08580000000000002,0.08700000000000001,0.11479999999999999,0.084,0.08220000000000001,0.07700000000000001,0.10959999999999999,0.093,0.06220000000000002,0.0716,0.11039999999999997,0.049,0.0948,0.0778,0.0864,0.0648,0.04639999999999998,0.0902,0.086,0.0626,0.068
1.2679714501912183,0.00039999999999999856,0.05219999999999999,0.0696,0.0844,0.08159999999999999,0.07640000000000001,0.0624,0.0628,0.0892,0.066,0.046200000000000005,0.0526,0.08059999999999998,0.0414,0.0718,0.059000000000000004,0.054200000000000005,0.02419999999999999,0.02999999999999998,0.071,0.0576,0.0474,0.0366
1.2673882603051954,-0.010999999999999996,0.040799999999999996,0.056,0.075,0.06,0.06520000000000001,0.049600000000000005,0.0482,0.0834,0.046,0.0332,0.051,0.06119999999999998,0.03239999999999999,0.045399999999999996,0.053200000000000004,0.02359999999999999,0.016800000000000006,0.016399999999999994,0.0606,0.0564,0.028999999999999995,0.020999999999999998
1.2668056066364268,-0.020399999999999998,0.03500000000000001,0.030799999999999994,0.06299999999999999,0.053200000000000004,0.0666,0.0378,0.039799999999999995,0.08159999999999999,0.0324,0.006200000000000002,0.05220000000000001,0.05339999999999998,0.023200000000000005,0.030200000000000008,0.038799999999999994,-0.005399999999999999,0.011,0.0078,0.05840000000000001,0.049,0.0184,0.014
1.2662234884457106,-0.00999999999999999,0.043600000000000014,0.0386,0.06559999999999999,0.0702,0.07,0.046400000000000004,0.05400000000000001,0.0942,0.03779999999999999,0.023200000000000005,0.050600000000000006,0.0446,0.02240000000000001,0.0366,0.047799999999999995,-0.0023999999999999946,0.02580000000000001,0.0254,0.062,0.064,0.032000000000000015,0.0232
1.265654823267635,0.00900000000000001,0.05740000000000001,0.0582,0.0752,0.08020000000000001,0.07940000000000001,0.055400000000000005,0.07959999999999999,0.11080000000000001,0.045399999999999996,0.048400000000000006,0.061,0.0418,0.027600000000000003,0.031199999999999995,0.06880000000000001,0.016200000000000003,0.0426,0.0458,0.0742,0.086,0.0586,0.0376
1.2650737619620886,0.0008000000000000024,0.033,0.037399999999999996,0.0578,0.07959999999999999,0.07440000000000001,0.0446,0.056600000000000004,0.1028,0.038799999999999994,0.038,0.0554,0.033400000000000006,0.0312,0.0334,0.06719999999999998,0.007399999999999997,0.0364,0.0386,0.0686,0.0782,0.0444,0.0238
1.2644932339414459,-0.000399999999999996,0.026600000000000002,0.0412,0.040799999999999996,0.0824,0.077,0.037200000000000004,0.0526,0.09259999999999999,0.019999999999999997,0.0182,0.06820000000000001,0.02,0.0358,0.0374,0.0498,0.007399999999999999,0.029199999999999997,0.01799999999999999,0.076,0.084,0.045200000000000004,0.032799999999999996
1.263913238471888,0.010399999999999998,0.047,0.0596,0.0508,0.0932,0.078,0.052000000000000005,0.07020000000000001,0.0948,0.01799999999999999,0.0496,0.0782,0.033,0.0464,0.048600000000000004,0.0626,0.03580000000000001,0.0436,0.013999999999999997,0.09340000000000001,0.09040000000000001,0.053000000000000005,0.0396
1.2633466460184204,0.0218,0.05960000000000001,0.072,0.0504,0.0872,0.0848,0.062400000000000004,0.08600000000000002,0.09900000000000002,0.022600000000000002,0.0852,0.08380000000000001,0.038400000000000004,0.0518,0.048,0.07740000000000001,0.0458,0.0588,0.018,0.0922,0.0916,0.061200000000000004,0.06680000000000001
1.2627677016609469,0.022999999999999996,0.06060000000000001,0.0706,0.05260000000000001,0.069,0.07440000000000001,0.0574,0.08199999999999999,0.09540000000000001,0.013399999999999997,0.0858,0.0828,0.0432,0.0626,0.0368,0.0838,0.054799999999999995,0.0684,0.014199999999999996,0.0708,0.0986,0.0692,0.0644
1.2621892876773682,0.027399999999999997,0.0732,0.081,0.038,0.07659999999999999,0.05479999999999999,0.0626,0.0862,0.0868,0.011799999999999993,0.08059999999999999,0.0844,0.0574,0.08479999999999999,0.0384,0.086,0.077,0.08120000000000001,0.0222,0.0698,0.1034,0.08259999999999999,0.08099999999999999
1.2616114033392005,0.030199999999999998,0.07440000000000001,0.08059999999999999,0.032199999999999986,0.08920000000000002,0.047799999999999995,0.056600000000000004,0.0882,0.07959999999999999,0.0176,0.0858,0.0922,0.07,0.09820000000000001,0.0448,0.0838,0.09079999999999998,0.085,0.033600000000000005,0.07019999999999998,0.107,0.0864,0.09240000000000001
1.2610340479192939,0.01779999999999999,0.0458,0.06999999999999998,0.01939999999999999,0.06779999999999999,0.0324,0.028999999999999995,0.0636,0.05939999999999999,0.0188,0.06559999999999999,0.0598,0.0432,0.0882,0.0298,0.07759999999999999,0.07679999999999998,0.0818,0.0224,0.048600000000000004,0.09699999999999999,0.07239999999999998,0.0752
1.2604700333414653,-0.007400000000000002,0.022,0.047,0.0108,0.045399999999999996,0.0242,0.012799999999999997,0.0476,0.045200000000000004,0.014000000000000004,0.037200000000000004,0.0528,0.0326,0.07100000000000001,0.02540000000000001,0.0636,0.066,0.0628,-0.008000000000000004,0.0414,0.07940000000000001,0.05859999999999999,0.0694
1.2598937218683004,-0.0202,0.023600000000000017,0.05600000000000001,0.017600000000000008,0.052000000000000005,0.026,0.004200000000000001,0.0286,0.0494,0.017400000000000006,0.035,0.05460000000000001,0.04760000000000001,0.08040000000000001,0.04600000000000001,0.0584,0.07200000000000001,0.0658,-0.008999999999999994,0.0422,0.0724,0.0594,0.07099999999999998
1.2593179371559726,-0.0202,0.0368,0.07440000000000001,0.018600000000000002,0.06180000000000002,0.031,0.007200000000000007,0.056600000000000004,0.0492,0.017200000000000003,0.04160000000000001,0.06800000000000002,0.07240000000000002,0.08280000000000001,0.043,0.06880000000000001,0.08580000000000002,0.06459999999999999,-0.001599999999999998,0.0404,0.082,0.07499999999999998,0.09999999999999999
1.2587554562988528,-0.0254,0.024799999999999992,0.05859999999999999,0.0208,0.0416,0.0224,0.004800000000000001,0.0684,0.0554,0.0304,0.06340000000000001,0.0606,0.08159999999999999,0.073,0.0308,0.07119999999999999,0.07840000000000001,0.0574,0.0152,0.023600000000000003,0.084,0.07540000000000001,0.10799999999999998
1.2581807112779666,-0.024,0.018800000000000004,0.0596,0.0288,0.037,0.04100000000000001,-0.006,0.06420000000000001,0.0666,0.05120000000000001,0.0606,0.07160000000000001,0.09459999999999999,0.0832,0.044000000000000004,0.07840000000000001,0.06459999999999999,0.0648,0.028800000000000003,0.029600000000000008,0.09579999999999998,0.0722,0.1216
1.2576064908722109,-0.028,0.006799999999999997,0.039799999999999995,0.039200000000000006,0.0362,0.037,-0.0192,0.0466,0.0594,0.0402,0.0358,0.061200000000000004,0.0932,0.09780000000000001,0.044,0.075,0.0584,0.0396,0.014999999999999996,0.0212,0.0832,0.049,0.09620000000000001
1.257032794363627,-0.039200000000000006,0.005800000000000001,0.031199999999999995,0.0308,0.0458,0.0434,-0.009799999999999996,0.031999999999999994,0.0526,0.0426,0.016399999999999994,0.05079999999999999,0.09340000000000001,0.0862,0.0492,0.06919999999999998,0.0586,0.0376,0.017799999999999993,0.038000000000000006,0.07779999999999998,0.03779999999999999,0.09759999999999999
1.2564723525418233,-0.037399999999999996,0.0176,0.024000000000000004,0.0308,0.05280000000000002,0.0638,0.011000000000000012,0.03940000000000001,0.07379999999999999,0.0546,0.026600000000000002,0.062400000000000004,0.1066,0.08159999999999999,0.0692,0.063,0.06720000000000001,0.0514,0.03140000000000001,0.0584,0.07999999999999999,0.038200000000000005,0.09659999999999999
1.2558996900763668,-0.03219999999999999,0.0254,0.041,0.046200000000000005,0.054800000000000015,0.0722,0.04000000000000001,0.05000000000000001,0.09659999999999999,0.058,0.04200000000000001,0.0606,0.1186,0.09280000000000001,0.0852,0.06860000000000001,0.0868,0.056,0.04620000000000001,0.06720000000000001,0.07959999999999998,0.056,0.0998
1.2553275493779044,-0.015999999999999997,0.0448,0.0596,0.0644,0.0724,0.0808,0.078,0.07999999999999999,0.11799999999999998,0.0626,0.06459999999999999,0.07540000000000001,0.13479999999999998,0.10720000000000002,0.1006,0.07599999999999998,0.1176,0.0658,0.0696,0.081,0.09519999999999998,0.0792,0.12279999999999998
1.2547686267366909,-0.009,0.0616,0.0804,0.076,0.07680000000000001,0.0858,0.0998,0.099,0.1196,0.0694,0.0832,0.07540000000000001,0.1426,0.1108,0.08,0.08159999999999999,0.1352,0.0704,0.091,0.0938,0.10759999999999997,0.09499999999999999,0.1212
1.254197515879759,-0.009000000000000003,0.0464,0.0688,0.0736,0.0658,0.09040000000000001,0.10219999999999997,0.09140000000000001,0.10879999999999998,0.07479999999999999,0.0704,0.0678,0.1414,0.1032,0.06559999999999999,0.08180000000000001,0.1222,0.071,0.077,0.0906,0.11159999999999996,0.0916,0.1034
1.2536269246711758,-0.015000000000000003,0.044,0.047799999999999995,0.0674,0.0424,0.093,0.1076,0.0746,0.0932,0.0598,0.076,0.0506,0.11599999999999999,0.1042,0.0648,0.07440000000000001,0.11220000000000001,0.06499999999999999,0.06960000000000001,0.088,0.10299999999999998,0.0706,0.0674
1.253069515041887,-0.0088,0.0434,0.0584,0.05319999999999999,0.037,0.09799999999999999,0.10879999999999998,0.0492,0.0736,0.048799999999999996,0.0706,0.0456,0.0902,0.11179999999999998,0.05919999999999998,0.06659999999999999,0.11320000000000001,0.0696,0.0588,0.0862,0.0922,0.06179999999999999,0.054200000000000005
1.2524999494959699,-0.018600000000000002,0.0412,0.05679999999999999,0.05,0.0378,0.102,0.11059999999999999,0.0368,0.0716,0.043,0.07540000000000001,0.017599999999999994,0.079,0.0996,0.0562,0.0428,0.098,0.0658,0.0582,0.07439999999999998,0.0832,0.0526,0.032600000000000004
1.2519309014912112,-0.014799999999999995,0.046400000000000004,0.0724,0.0508,0.04300000000000001,0.11120000000000001,0.106,0.0342,0.06579999999999998,0.059000000000000004,0.0888,0.019399999999999997,0.0866,0.0856,0.0564,0.03479999999999999,0.09720000000000001,0.07720000000000002,0.07279999999999999,0.08940000000000001,0.0762,0.055600000000000004,0.0328
1.2513749987385334,0.0122,0.048600000000000004,0.0872,0.053399999999999996,0.05320000000000001,0.1186,0.11120000000000001,0.05159999999999998,0.0732,0.0738,0.1154,0.04600000000000001,0.0932,0.09659999999999999,0.0728,0.054200000000000005,0.09379999999999998,0.07479999999999999,0.09620000000000001,0.09499999999999999,0.0834,0.08,0.03140000000000001
1.250806972240155,0.004799999999999997,0.0448,0.08339999999999997,0.0584,0.049400000000000006,0.1072,0.08020000000000001,0.0496,0.0654,0.07659999999999999,0.1076,0.0326,0.082,0.0836,0.0528,0.0616,0.07299999999999998,0.0638,0.0906,0.0734,0.0856,0.07640000000000001,0.04000000000000001
1.2502394611871226,-0.011600000000000003,0.0354,0.06319999999999998,0.04779999999999999,0.029399999999999996,0.09459999999999999,0.04299999999999999,0.0304,0.0502,0.0658,0.08020000000000001,0.02059999999999999,0.056999999999999995,0.0632,0.0258,0.060599999999999994,0.044,0.05479999999999999,0.085,0.056600000000000004,0.0716,0.05779999999999999,0.039
1.2496850592088686,-0.0152,0.03500000000000001,0.046200000000000005,0.0416,0.021999999999999992,0.0872,0.027999999999999994,0.0015999999999999953,0.0422,0.06559999999999999,0.06859999999999998,0.012599999999999995,0.0598,0.0538,0.013399999999999999,0.065,0.02599999999999998,0.0438,0.0704,0.0476,0.0642,0.0438,0.0282
1.249118565528357,-0.015599999999999998,0.0222,0.015399999999999999,0.0368,0.020399999999999995,0.0746,0.024,-0.0198,0.0228,0.0632,0.060599999999999994,0.007199999999999996,0.0654,0.0508,0.029600000000000005,0.0626,0.0024000000000000002,0.033400000000000006,0.07160000000000001,0.029999999999999995,0.045399999999999996,0.0264,0.03440000000000001
1.2485651569768612,-0.0021999999999999967,0.05220000000000001,0.016400000000000005,0.03560000000000001,0.0402,0.075,0.028999999999999995,-0.010999999999999994,0.026200000000000008,0.06459999999999999,0.07639999999999998,0.009800000000000001,0.0724,0.063,0.03560000000000001,0.0732,0.010000000000000009,0.0308,0.09940000000000002,0.0254,0.0394,0.0414,0.06060000000000001
1.2479996779355669,-0.013800000000000002,0.039200000000000006,0.02840000000000001,0.0332,0.0506,0.0648,-0.0002000000000000046,-0.029800000000000004,0.025999999999999995,0.06899999999999999,0.057,0.008599999999999998,0.0778,0.056600000000000004,0.029,0.0714,0.005000000000000002,0.02859999999999999,0.0974,0.009799999999999993,0.03219999999999999,0.044,0.07119999999999999
1.247434710876826,-0.0176,0.05940000000000001,0.048400000000000006,0.0554,0.0732,0.08259999999999999,0.0017999999999999989,0.007600000000000012,0.03540000000000001,0.0876,0.0598,0.0214,0.11059999999999996,0.0748,0.056600000000000004,0.1044,0.0182,0.057400000000000014,0.119,0.028399999999999998,0.0588,0.066,0.0896
1.2468827930174564,0.007800000000000006,0.0746,0.055200000000000006,0.06580000000000001,0.0824,0.0836,0.016000000000000004,0.028200000000000006,0.027600000000000006,0.0992,0.0628,0.050600000000000006,0.1164,0.0868,0.0716,0.123,0.038200000000000005,0.0674,0.1276,0.033,0.067,0.0884,0.1038
1.2463188365010605,-0.009200000000000003,0.0704,0.042,0.06420000000000001,0.0798,0.08280000000000001,0.0364,0.0348,0.041,0.09459999999999999,0.0522,0.0554,0.10940000000000001,0.096,0.0698,0.12079999999999999,0.034,0.06,0.1328,0.030199999999999994,0.0642,0.09780000000000001,0.09499999999999999
1.2457679054020112,-0.0286,0.0756,0.0298,0.058,0.07759999999999999,0.0756,0.030199999999999998,0.033,0.0534,0.088,0.0378,0.047799999999999995,0.1056,0.09279999999999998,0.065,0.1134,0.039200000000000006,0.0616,0.13119999999999998,0.0312,0.053,0.0852,0.08699999999999998
1.2452049567190857,-0.009799999999999993,0.09480000000000001,0.05140000000000001,0.0684,0.07740000000000001,0.085,0.055200000000000006,0.04700000000000001,0.0526,0.09040000000000001,0.056799999999999996,0.0732,0.1144,0.11359999999999999,0.0714,0.131,0.055800000000000016,0.075,0.1464,0.0554,0.06220000000000001,0.0942,0.09079999999999999
1.2446550097364142,0.0038000000000000017,0.0996,0.06559999999999999,0.08159999999999999,0.10500000000000001,0.089,0.09159999999999999,0.064,0.054799999999999995,0.10659999999999999,0.07859999999999999,0.09140000000000001,0.1382,0.1268,0.09720000000000001,0.1492,0.0734,0.09320000000000002,0.147,0.074,0.0876,0.12020000000000002,0.09199999999999998
1.2440930661877576,0.0026000000000000034,0.10620000000000002,0.0818,0.093,0.10740000000000001,0.10159999999999998,0.10740000000000001,0.08940000000000001,0.0564,0.11220000000000001,0.09040000000000001,0.11359999999999999,0.1446,0.13779999999999998,0.12440000000000001,0.1482,0.08220000000000001,0.1152,0.15880000000000002,0.0844,0.0902,0.1482,0.10399999999999998
1.2435316298287136,0.0010000000000000015,0.12,0.0992,0.088,0.1148,0.12040000000000001,0.10880000000000001,0.0988,0.068,0.116,0.0884,0.11839999999999998,0.14179999999999998,0.15039999999999998,0.13279999999999997,0.144,0.0852,0.1264,0.154,0.09340000000000001,0.11220000000000001,0.15139999999999998,0.09620000000000001
1.2429831595829992,-0.004199999999999994,0.10160000000000002,0.08099999999999999,0.0762,0.1016,0.10899999999999999,0.10959999999999999,0.105,0.0668,0.124,0.068,0.11499999999999999,0.12459999999999999,0.13839999999999997,0.13140000000000002,0.1166,0.0742,0.13179999999999997,0.1264,0.09659999999999999,0.1212,0.133,0.08600000000000002
1.2424227243124093,0.009800000000000001,0.11259999999999999,0.07439999999999998,0.0836,0.11259999999999999,0.11199999999999999,0.1254,0.11679999999999999,0.0778,0.12499999999999999,0.0688,0.10979999999999997,0.1144,0.1376,0.1316,0.1076,0.07759999999999999,0.13979999999999998,0.13,0.1206,0.1296,0.1414,0.10300000000000002
1.2418752315997155,0.009999999999999998,0.10199999999999998,0.0652,0.083,0.11359999999999999,0.10279999999999999,0.12079999999999999,0.08879999999999998,0.0884,0.1272,0.0692,0.0992,0.09720000000000001,0.11779999999999999,0.1152,0.0852,0.077,0.1282,0.1188,0.11379999999999998,0.1196,0.12639999999999998,0.1046
1.241315794742427,0.003000000000000003,0.1068,0.06520000000000002,0.07740000000000001,0.1088,0.09979999999999999,0.1188,0.0814,0.098,0.1314,0.06860000000000001,0.0974,0.0854,0.11359999999999998,0.10020000000000001,0.0912,0.0696,0.12140000000000001,0.1102,0.10640000000000001,0.12599999999999997,0.11239999999999997,0.1014
1.24076927695171,0.032400000000000005,0.12580000000000002,0.0734,0.0902,0.10779999999999999,0.09359999999999999,0.1034,0.09620000000000001,0.0886,0.1346,0.0696,0.0994,0.09340000000000001,0.109,0.10399999999999998,0.1062,0.0832,0.1362,0.10480000000000002,0.1018,0.1492,0.10959999999999999,0.12079999999999998
1.2402108358420931,0.0412,0.1286,0.08420000000000001,0.1036,0.088,0.097,0.10599999999999998,0.1066,0.0848,0.13479999999999998,0.075,0.09820000000000001,0.1062,0.1184,0.11180000000000001,0.10059999999999998,0.0856,0.148,0.09580000000000001,0.11580000000000001,0.17579999999999996,0.11099999999999999,0.134
1.2396652903715997,0.020999999999999998,0.1148,0.0714,0.09620000000000001,0.07920000000000002,0.0994,0.1036,0.08940000000000001,0.0734,0.13340000000000002,0.066,0.07540000000000001,0.09679999999999998,0.11040000000000001,0.11579999999999999,0.0876,0.0724,0.147,0.0846,0.11100000000000003,0.16779999999999998,0.10579999999999999,0.13119999999999998
1.2391078423535054,0.014799999999999997,0.11220000000000001,0.065,0.1024,0.06860000000000001,0.099,0.08220000000000001,0.0868,0.0652,0.12440000000000001,0.067,0.05919999999999999,0.07899999999999999,0.09379999999999998,0.10799999999999998,0.06559999999999999,0.06079999999999999,0.13319999999999999,0.0814,0.1098,0.14579999999999999,0.0882,0.12779999999999997
1.2385632666107316,0.023200000000000005,0.1044,0.0636,0.107,0.07379999999999998,0.09359999999999999,0.07320000000000002,0.0854,0.07440000000000001,0.1414,0.0736,0.062200000000000005,0.0696,0.08739999999999998,0.1008,0.081,0.061799999999999994,0.1298,0.07999999999999999,0.11519999999999997,0.14959999999999996,0.0746,0.12139999999999998
1.2380068090374496,0.032400000000000005,0.1102,0.06459999999999999,0.1144,0.0742,0.09359999999999999,0.0756,0.08379999999999999,0.0884,0.1498,0.0714,0.0752,0.075,0.09279999999999998,0.1024,0.0942,0.07859999999999999,0.1278,0.0674,0.11519999999999997,0.14959999999999996,0.07440000000000001,0.12179999999999996
1.2374632004391,0.0218,0.121,0.09040000000000001,0.1262,0.0896,0.1154,0.0804,0.091,0.10779999999999999,0.1484,0.0906,0.0886,0.0852,0.1082,0.10859999999999999,0.10540000000000001,0.087,0.1264,0.081,0.13399999999999998,0.16179999999999997,0.0898,0.11539999999999997
1.2369077306733167,0.011399999999999992,0.13219999999999998,0.10540000000000001,0.1202,0.0854,0.11299999999999999,0.08679999999999999,0.102,0.121,0.1602,0.102,0.10499999999999998,0.09340000000000001,0.116,0.11999999999999998,0.1142,0.08259999999999999,0.135,0.08400000000000002,0.13539999999999996,0.1646,0.09440000000000001,0.09439999999999998
1.236365086645263,0.006999999999999995,0.14479999999999998,0.1114,0.1172,0.07840000000000001,0.1034,0.095,0.12359999999999999,0.1252,0.15400000000000003,0.0886,0.113,0.1062,0.12340000000000001,0.13,0.1252,0.0788,0.13879999999999998,0.082,0.12339999999999998,0.15839999999999999,0.0882,0.07479999999999998
1.23581060205902,0.004600000000000005,0.1252,0.1164,0.11499999999999999,0.0724,0.1062,0.1018,0.12299999999999998,0.1356,0.1464,0.08220000000000001,0.1036,0.109,0.1162,0.13340000000000002,0.10939999999999998,0.08159999999999999,0.1384,0.0716,0.11879999999999998,0.1472,0.09600000000000002,0.06379999999999998
1.235268920036261,-0.011999999999999999,0.11180000000000001,0.116,0.10579999999999999,0.0874,0.1264,0.1166,0.12459999999999999,0.15639999999999998,0.151,0.09559999999999999,0.118,0.10740000000000002,0.12140000000000001,0.1352,0.10499999999999998,0.09359999999999999,0.142,0.0752,0.132,0.14759999999999998,0.10980000000000001,0.0566
1.2347277126669123,-0.0007999999999999971,0.10579999999999999,0.111,0.1004,0.114,0.128,0.12159999999999999,0.13299999999999998,0.15999999999999998,0.1556,0.1034,0.1192,0.0988,0.13040000000000002,0.132,0.11159999999999999,0.1008,0.1414,0.083,0.117,0.1492,0.1144,0.05099999999999999
1.2341746954375348,0.0066,0.1034,0.10880000000000001,0.0922,0.1178,0.11679999999999999,0.12459999999999999,0.13639999999999997,0.16440000000000002,0.1568,0.1006,0.12340000000000001,0.10280000000000002,0.1262,0.12639999999999998,0.11199999999999999,0.1092,0.1276,0.076,0.11820000000000001,0.14739999999999998,0.1176,0.0442
1.2336344462573123,0.0152,0.1072,0.105,0.08480000000000001,0.11359999999999999,0.1154,0.131,0.1362,0.1784,0.15319999999999998,0.09639999999999997,0.14,0.11159999999999999,0.13639999999999997,0.13279999999999997,0.1242,0.1108,0.133,0.07759999999999999,0.10639999999999998,0.1578,0.12380000000000001,0.05040000000000001
1.233082407692843,-0.011600000000000015,0.09059999999999999,0.1066,0.0664,0.1066,0.10940000000000001,0.1278,0.1202,0.17,0.12840000000000001,0.08179999999999998,0.1218,0.10579999999999998,0.12340000000000001,0.1146,0.1044,0.1014,0.1144,0.07440000000000001,0.09459999999999998,0.14279999999999998,0.1044,0.0384
1.2325431141593362,-0.034400000000000014,0.07339999999999998,0.1032,0.0658,0.0968,0.10299999999999998,0.1228,0.1186,0.15119999999999997,0.11120000000000001,0.07579999999999999,0.1078,0.09699999999999999,0.0978,0.09479999999999998,0.08259999999999998,0.0856,0.11339999999999997,0.0856,0.0862,0.13059999999999997,0.1004,0.0314
1.231992051664183,-0.039400000000000004,0.06079999999999999,0.0952,0.0634,0.0898,0.09759999999999999,0.12420000000000002,0.1134,0.13079999999999997,0.10840000000000001,0.07280000000000002,0.1044,0.09459999999999999,0.09780000000000001,0.10679999999999999,0.09359999999999999,0.09200000000000001,0.1216,0.08479999999999999,0.0852,0.1152,0.0922,0.0418
1.2314537112439667,-0.015199999999999993,0.0506,0.10180000000000002,0.07379999999999999,0.09459999999999999,0.10740000000000001,0.132,0.1232,0.11579999999999999,0.11259999999999998,0.07740000000000001,0.115,0.09140000000000001,0.09800000000000002,0.1186,0.08859999999999998,0.10800000000000003,0.1232,0.0876,0.084,0.1092,0.0842,0.056799999999999996
1.2309158410927357,-0.013600000000000001,0.032,0.0928,0.0662,0.101,0.1098,0.12179999999999999,0.1036,0.1002,0.11059999999999999,0.0788,0.1164,0.0756,0.10240000000000002,0.1166,0.0662,0.1056,0.10099999999999999,0.09759999999999999,0.1018,0.10859999999999997,0.09659999999999999,0.068
1.2303662324003055,-0.027199999999999995,0.027800000000000002,0.0854,0.07579999999999999,0.10199999999999998,0.09259999999999999,0.11140000000000003,0.1022,0.0778,0.109,0.0852,0.114,0.0734,0.11500000000000002,0.10940000000000001,0.0716,0.104,0.0952,0.1034,0.1206,0.10299999999999998,0.08839999999999998,0.0834
1.229829311593125,-0.017599999999999998,0.0334,0.09459999999999999,0.0882,0.103,0.0832,0.1066,0.09479999999999998,0.0736,0.0988,0.0886,0.11380000000000001,0.0674,0.1154,0.12420000000000002,0.07840000000000001,0.09540000000000001,0.0886,0.11320000000000002,0.12279999999999998,0.09980000000000001,0.0728,0.0964
1.2292928591963994,-0.0216,0.0348,0.09099999999999998,0.0884,0.07959999999999999,0.0724,0.1088,0.086,0.0732,0.096,0.0742,0.0968,0.06020000000000001,0.0864,0.128,0.0728,0.08720000000000001,0.0756,0.10940000000000001,0.12259999999999999,0.0872,0.0562,0.09459999999999999
1.2287446985611796,-0.02619999999999999,0.0422,0.08859999999999998,0.1012,0.07740000000000001,0.0662,0.11059999999999999,0.07840000000000001,0.083,0.09,0.0628,0.0974,0.06280000000000002,0.084,0.12879999999999997,0.0732,0.08920000000000002,0.0696,0.1062,0.10639999999999998,0.0864,0.037399999999999996,0.0902
1.2282091917591125,-0.021399999999999992,0.0412,0.10179999999999999,0.09779999999999998,0.09259999999999999,0.0722,0.11099999999999999,0.07940000000000001,0.076,0.09540000000000001,0.0586,0.0988,0.06800000000000002,0.092,0.1216,0.07840000000000001,0.0974,0.057,0.113,0.11799999999999998,0.0814,0.027800000000000002,0.0948
1.227661996930845,0.0020000000000000035,0.06,0.09779999999999998,0.1014,0.103,0.091,0.1152,0.0854,0.0686,0.09780000000000001,0.0578,0.09999999999999999,0.07160000000000001,0.1196,0.131,0.0876,0.0952,0.061399999999999996,0.1172,0.12079999999999998,0.09759999999999998,0.0396,0.10940000000000001
1.227127433225465,0.021,0.0788,0.0884,0.1002,0.1062,0.09340000000000001,0.12260000000000003,0.0824,0.07179999999999999,0.108,0.07480000000000002,0.1088,0.08259999999999999,0.12979999999999997,0.134,0.10500000000000001,0.10020000000000001,0.07379999999999999,0.1142,0.11999999999999998,0.10679999999999998,0.050600000000000006,0.1182
1.2265933348500886,0.0428,0.08059999999999999,0.1,0.10380000000000002,0.1044,0.0874,0.1172,0.07839999999999998,0.0844,0.09780000000000001,0.0638,0.10079999999999999,0.10020000000000001,0.12339999999999998,0.11580000000000001,0.101,0.10220000000000001,0.08059999999999999,0.11859999999999998,0.1028,0.1174,0.06360000000000002,0.118
1.2260475785560323,0.030599999999999992,0.0798,0.0898,0.091,0.11600000000000002,0.0698,0.10099999999999999,0.0762,0.0896,0.094,0.0584,0.0842,0.10900000000000001,0.12319999999999998,0.1044,0.1156,0.088,0.07740000000000001,0.09999999999999999,0.10759999999999997,0.1266,0.0704,0.11259999999999999
1.2255144195607914,0.0368,0.10760000000000003,0.09559999999999999,0.10120000000000001,0.1296,0.07740000000000001,0.1124,0.1046,0.1022,0.11320000000000001,0.07499999999999998,0.0818,0.13119999999999998,0.1266,0.10859999999999999,0.1474,0.10160000000000002,0.09059999999999999,0.1032,0.1108,0.14279999999999998,0.0736,0.1194
1.2249817240629879,0.037200000000000004,0.1142,0.093,0.1044,0.13160000000000002,0.0834,0.11059999999999999,0.102,0.11120000000000001,0.12440000000000001,0.0646,0.087,0.14,0.1266,0.11160000000000002,0.15760000000000002,0.09999999999999999,0.0952,0.108,0.11279999999999998,0.147,0.0808,0.10840000000000001
1.2244374006378924,0.0296,0.1026,0.0912,0.091,0.1196,0.0804,0.1168,0.105,0.1002,0.128,0.0514,0.07659999999999999,0.1442,0.1142,0.10220000000000001,0.1422,0.0912,0.0938,0.095,0.12340000000000001,0.1546,0.09140000000000001,0.09880000000000001
1.2239056408231752,0.03540000000000001,0.0948,0.1052,0.09820000000000001,0.136,0.1002,0.11499999999999999,0.1072,0.09320000000000002,0.11779999999999999,0.060200000000000004,0.08679999999999999,0.14759999999999995,0.1262,0.102,0.1436,0.08119999999999998,0.09240000000000001,0.09040000000000001,0.12439999999999998,0.15719999999999998,0.0994,0.1034
1.2233743426829389,0.04720000000000001,0.07579999999999999,0.1044,0.09459999999999999,0.1314,0.11040000000000001,0.10299999999999998,0.11579999999999999,0.08860000000000003,0.11139999999999997,0.065,0.07879999999999998,0.1334,0.1178,0.103,0.14259999999999998,0.07640000000000001,0.09140000000000001,0.08599999999999998,0.11959999999999998,0.15319999999999998,0.10679999999999999,0.105
1.2228435056162046,0.025399999999999992,0.05859999999999998,0.0844,0.0872,0.1138,0.11059999999999998,0.1024,0.10679999999999999,0.081,0.10959999999999999,0.068,0.0668,0.12399999999999999,0.1058,0.0942,0.1318,0.07279999999999999,0.08979999999999998,0.0592,0.10499999999999998,0.14139999999999997,0.115,0.0932
1.2223010803564387,0.018199999999999997,0.060200000000000004,0.0756,0.09340000000000001,0.1062,0.1,0.08679999999999999,0.115,0.09360000000000002,0.10579999999999998,0.0876,0.07440000000000001,0.1194,0.09560000000000002,0.09559999999999999,0.13179999999999997,0.08020000000000001,0.09459999999999998,0.05,0.09679999999999998,0.1454,0.11059999999999999,0.08299999999999999
1.2217711740826864,0.007799999999999994,0.04379999999999999,0.082,0.09599999999999999,0.11059999999999999,0.0814,0.07659999999999999,0.11959999999999998,0.09880000000000001,0.09759999999999998,0.07579999999999999,0.0648,0.1152,0.0986,0.09480000000000001,0.1258,0.08059999999999998,0.0704,0.0414,0.1062,0.13479999999999998,0.1036,0.0698
1.2212417270721714,-0.019200000000000005,0.028799999999999992,0.06659999999999998,0.0734,0.10099999999999999,0.05999999999999999,0.06720000000000001,0.10779999999999998,0.0768,0.0992,0.0684,0.058,0.0984,0.0878,0.0834,0.12359999999999999,0.0648,0.031799999999999995,0.021800000000000003,0.1042,0.10919999999999998,0.07440000000000001,0.0536
1.2207007215916363,-0.026199999999999998,0.010799999999999994,0.06659999999999999,0.060399999999999995,0.086,0.0654,0.06919999999999998,0.084,0.0698,0.087,0.064,0.0506,0.0854,0.0798,0.0674,0.10559999999999999,0.0674,0.021199999999999997,0.027999999999999997,0.08399999999999999,0.10859999999999997,0.073,0.0386
1.2201722017220171,-0.0344,-0.005399999999999998,0.065,0.0556,0.0738,0.052399999999999995,0.06420000000000001,0.0562,0.06720000000000001,0.0572,0.0446,0.0564,0.0772,0.0704,0.055,0.085,0.0448,0.0176,0.008199999999999994,0.06579999999999998,0.09479999999999998,0.061799999999999994,0.031000000000000007
1.2196441393148354,-0.027199999999999995,-0.014999999999999996,0.0536,0.044,0.06,0.0496,0.047,0.039399999999999984,0.053200000000000004,0.0362,0.045,0.055799999999999995,0.0762,0.053,0.03899999999999999,0.0668,0.033600000000000005,0.001599999999999997,-0.0014000000000000004,0.044,0.09140000000000001,0.0466,0.0238
1.21911653377641,-0.03640000000000001,-0.014599999999999995,0.0348,0.0344,0.037399999999999996,0.02739999999999999,0.009399999999999992,0.022999999999999996,0.053399999999999996,0.019600000000000003,0.028999999999999998,0.0416,0.0588,0.0516,0.02059999999999999,0.07179999999999999,0.027600000000000003,-0.0023999999999999968,-0.013800000000000002,0.012800000000000004,0.0636,0.0412,0.0148
1.2185774091471924,-0.0576,-0.021999999999999995,0.0334,0.0238,0.0222,0.010400000000000003,-0.0037999999999999935,0.008199999999999995,0.0484,0.008599999999999993,0.027000000000000003,0.047400000000000005,0.051,0.049,0.015000000000000001,0.0706,0.0292,0.0016000000000000031,-0.012999999999999996,0.010800000000000002,0.055400000000000005,0.046799999999999994,-0.0006000000000000037
1.2180507259189408,-0.0652,-0.0152,0.04660000000000001,0.030200000000000008,0.040000000000000015,0.011800000000000005,-0.0027999999999999917,0.0076,0.0484,0.018000000000000006,0.040000000000000015,0.0654,0.06760000000000001,0.0762,0.022600000000000002,0.07119999999999999,0.03060000000000001,0.0206,-0.008399999999999998,0.0192,0.0572,0.0492,-0.004799999999999999
1.2175244977711446,-0.046799999999999994,0.0152,0.073,0.05540000000000002,0.05460000000000001,0.008600000000000002,0.0020000000000000087,0.0188,0.0624,0.03240000000000001,0.05080000000000002,0.08159999999999999,0.08280000000000001,0.0844,0.05660000000000001,0.07779999999999998,0.051000000000000004,0.037,0.024000000000000007,0.0428,0.0722,0.0436,0.005200000000000005
1.2169987241142408,-0.043,0.017200000000000003,0.0854,0.0564,0.0674,0.014000000000000004,0.014600000000000004,0.0112,0.06559999999999999,0.0454,0.049,0.07940000000000001,0.0846,0.0818,0.062200000000000005,0.0732,0.061200000000000004,0.0502,0.0286,0.069,0.054,0.0498,0.018600000000000005
1.216461470544955,-0.0366,0.0208,0.0872,0.0594,0.0608,0.030199999999999998,0.022800000000000004,0.0019999999999999983,0.0606,0.038200000000000005,0.0598,0.07199999999999998,0.08480000000000001,0.0772,0.06659999999999999,0.0808,0.0516,0.0732,0.027800000000000002,0.073,0.0396,0.052399999999999995,0.038000000000000006
1.2159366144010042,-0.0272,0.028399999999999998,0.0902,0.08379999999999999,0.0628,0.0414,0.01859999999999999,0.01,0.06620000000000001,0.03159999999999999,0.0632,0.07119999999999999,0.08479999999999999,0.0788,0.0742,0.0676,0.048799999999999996,0.0896,0.040799999999999996,0.07959999999999999,0.05160000000000001,0.05819999999999999,0.032799999999999996
1.2154122109720358,-0.013799999999999995,0.0516,0.09540000000000001,0.10579999999999999,0.061200000000000004,0.0438,0.022999999999999993,0.03640000000000001,0.0662,0.048799999999999996,0.06960000000000001,0.0878,0.092,0.0846,0.0952,0.064,0.053,0.1026,0.055800000000000016,0.096,0.055,0.055600000000000004,0.0498
1.214888259672568,0.005600000000000003,0.072,0.1092,0.1216,0.055200000000000006,0.06720000000000001,0.0414,0.055799999999999995,0.07440000000000001,0.0658,0.0916,0.0898,0.0838,0.11159999999999999,0.10679999999999998,0.0714,0.081,0.1308,0.0752,0.0968,0.056,0.0662,0.0578
1.2143647599181282,0.0114,0.09,0.1306,0.1338,0.0832,0.0848,0.0742,0.0854,0.09820000000000001,0.0792,0.113,0.0948,0.0752,0.12919999999999998,0.1242,0.08940000000000001,0.1004,0.15480000000000002,0.0974,0.1102,0.0562,0.0832,0.07740000000000001
1.2138417111252509,0.0174,0.09079999999999999,0.1438,0.1432,0.09999999999999999,0.09399999999999999,0.1052,0.09759999999999999,0.0906,0.08559999999999998,0.118,0.08599999999999998,0.06499999999999999,0.122,0.1252,0.0882,0.119,0.148,0.11259999999999999,0.1168,0.0654,0.0762,0.0896
1.213307240704501,0.019799999999999995,0.1034,0.1396,0.1472,0.1012,0.0968,0.11120000000000001,0.10859999999999999,0.09340000000000001,0.10679999999999999,0.11999999999999998,0.07339999999999998,0.0734,0.1258,0.1284,0.09040000000000001,0.13119999999999998,0.1418,0.1082,0.1256,0.073,0.0732,0.0992
1.2127851023042917,0.007599999999999994,0.10399999999999998,0.1336,0.14559999999999998,0.0938,0.0922,0.118,0.1164,0.1036,0.0974,0.11859999999999998,0.0496,0.07180000000000002,0.10979999999999998,0.12539999999999998,0.0876,0.1254,0.13800000000000004,0.1186,0.126,0.0716,0.08059999999999999,0.09759999999999999
1.212263413108087,0.01720000000000001,0.1032,0.13939999999999997,0.1394,0.0958,0.12079999999999999,0.127,0.1296,0.11680000000000001,0.0988,0.1166,0.0424,0.0726,0.12479999999999998,0.1198,0.0838,0.1264,0.1398,0.119,0.126,0.0912,0.1078,0.10800000000000001
1.21174217253645,0.016799999999999995,0.1046,0.145,0.1468,0.1034,0.1358,0.1356,0.1568,0.11680000000000001,0.0974,0.11120000000000001,0.04080000000000002,0.0756,0.1346,0.1152,0.09459999999999999,0.12300000000000001,0.1264,0.13179999999999997,0.11779999999999999,0.1076,0.121,0.111
1.2112213800109402,0.0061999999999999954,0.0996,0.1394,0.134,0.10540000000000001,0.1396,0.12340000000000001,0.16,0.121,0.11360000000000002,0.1004,0.045,0.0694,0.1386,0.106,0.092,0.12240000000000001,0.1114,0.13979999999999998,0.10959999999999999,0.12780000000000002,0.10999999999999999,0.09739999999999997
1.2107010349541105,0.010799999999999997,0.112,0.1464,0.11959999999999998,0.11520000000000001,0.14439999999999997,0.129,0.16119999999999998,0.1276,0.1274,0.1082,0.0632,0.0662,0.1452,0.102,0.1174,0.1274,0.1162,0.13779999999999998,0.10080000000000001,0.1194,0.10899999999999999,0.10179999999999999
1.210169326111355,0.016799999999999995,0.12400000000000001,0.16500000000000004,0.11259999999999998,0.1332,0.156,0.1444,0.1604,0.1422,0.12380000000000001,0.11359999999999999,0.07340000000000002,0.073,0.16019999999999998,0.08999999999999998,0.1468,0.13760000000000003,0.1186,0.14279999999999998,0.11020000000000002,0.126,0.11139999999999997,0.1062
1.2096498844003942,0.006400000000000002,0.11380000000000001,0.1426,0.09540000000000001,0.1442,0.1432,0.137,0.144,0.12440000000000001,0.11500000000000002,0.1014,0.0502,0.071,0.1318,0.08019999999999998,0.1372,0.1268,0.0892,0.1464,0.12440000000000001,0.1212,0.1026,0.10299999999999998
1.2091308884186713,-0.004200000000000005,0.11,0.12140000000000001,0.0874,0.138,0.1266,0.1142,0.12379999999999998,0.10259999999999998,0.102,0.0734,0.028399999999999998,0.0718,0.1184,0.0752,0.12500000000000003,0.1156,0.07019999999999998,0.132,0.12480000000000001,0.1168,0.0854,0.09659999999999999
1.2086123375927171,-0.017000000000000008,0.11,0.11699999999999998,0.0876,0.13899999999999998,0.1212,0.0988,0.119,0.10600000000000001,0.10579999999999999,0.0768,0.0394,0.0998,0.121,0.0874,0.1308,0.10540000000000001,0.07979999999999998,0.11759999999999998,0.1164,0.10840000000000001,0.08479999999999999,0.081
1.2080942313500451,-0.0092,0.12840000000000001,0.11659999999999998,0.08880000000000002,0.13839999999999997,0.1242,0.09359999999999999,0.111,0.11300000000000002,0.101,0.09200000000000001,0.056600000000000004,0.1168,0.1182,0.0838,0.13340000000000002,0.1008,0.11040000000000001,0.1242,0.1034,0.09659999999999999,0.07840000000000001,0.0864
1.207576569119151,0.007800000000000001,0.13820000000000002,0.12019999999999997,0.08159999999999999,0.1324,0.12259999999999999,0.08220000000000001,0.1006,0.10240000000000002,0.0968,0.0844,0.061599999999999995,0.1148,0.1174,0.08059999999999999,0.1198,0.0948,0.11359999999999999,0.11159999999999999,0.1012,0.0896,0.0732,0.0978
1.2070593503295077,-0.0013999999999999959,0.1322,0.1192,0.08120000000000002,0.1124,0.1034,0.083,0.0906,0.08920000000000002,0.07940000000000001,0.08059999999999999,0.06,0.1038,0.09179999999999998,0.0664,0.1166,0.0698,0.1172,0.0932,0.08659999999999998,0.0654,0.06520000000000001,0.0884
1.2065425744115672,0.005400000000000005,0.1372,0.1168,0.07759999999999999,0.1016,0.07579999999999999,0.09100000000000001,0.0686,0.0922,0.0782,0.0854,0.0756,0.1072,0.07200000000000001,0.0554,0.10740000000000001,0.0664,0.1174,0.09340000000000001,0.0736,0.0576,0.061200000000000004,0.0906
1.2060262407967552,0.0192,0.1572,0.12899999999999998,0.0864,0.10320000000000001,0.069,0.1006,0.0742,0.1018,0.06919999999999998,0.10180000000000002,0.0878,0.10740000000000001,0.0762,0.0748,0.1062,0.0848,0.1288,0.0938,0.07180000000000002,0.0536,0.073,0.1006
1.2055103489174712,0.0282,0.1538,0.13419999999999999,0.09559999999999999,0.1006,0.07759999999999999,0.1034,0.06960000000000001,0.1046,0.061200000000000004,0.11040000000000001,0.0866,0.1186,0.077,0.1002,0.10540000000000001,0.0886,0.135,0.09679999999999998,0.0818,0.06340000000000001,0.0882,0.11259999999999999
1.2049831885409987,0.0136,0.1356,0.1026,0.09259999999999999,0.07659999999999999,0.0554,0.08259999999999999,0.04679999999999999,0.091,0.05080000000000002,0.097,0.0652,0.1046,0.06,0.1134,0.09620000000000001,0.06999999999999998,0.1242,0.0768,0.0636,0.0484,0.07699999999999999,0.0928
1.2044681884409907,-0.0014000000000000035,0.1166,0.09899999999999999,0.098,0.063,0.0424,0.0716,0.04,0.092,0.0442,0.102,0.0664,0.10279999999999999,0.04879999999999999,0.1042,0.0974,0.0554,0.12279999999999998,0.057,0.0538,0.0438,0.07180000000000002,0.08159999999999999
1.203953628366701,-0.005600000000000002,0.09479999999999998,0.0994,0.0836,0.0512,0.0386,0.062200000000000005,0.030599999999999992,0.09379999999999998,0.0446,0.10640000000000001,0.0682,0.0922,0.044,0.0928,0.0838,0.0546,0.13419999999999999,0.0476,0.0482,0.03439999999999999,0.07640000000000001,0.06919999999999998
1.2034395077544207,0.006399999999999997,0.0952,0.0886,0.0642,0.03119999999999999,0.0444,0.06299999999999997,0.02339999999999999,0.0838,0.03219999999999999,0.0988,0.0674,0.085,0.048799999999999996,0.084,0.06620000000000001,0.046799999999999994,0.1334,0.053399999999999996,0.04779999999999999,0.035199999999999995,0.060200000000000004,0.0658
1.202925826041404,0.006999999999999998,0.0728,0.0846,0.056,0.0298,0.048,0.07499999999999998,0.04,0.0852,0.038799999999999994,0.0836,0.061200000000000004,0.0736,0.06340000000000001,0.0864,0.0546,0.05240000000000001,0.10859999999999999,0.054200000000000005,0.06459999999999999,0.048600000000000004,0.05860000000000001,0.0742
1.2024125826658651,0.008199999999999997,0.052,0.08059999999999999,0.07,0.0386,0.0614,0.08159999999999998,0.0482,0.0986,0.05640000000000001,0.08459999999999998,0.07699999999999999,0.0704,0.0626,0.0854,0.061200000000000004,0.066,0.1004,0.0726,0.0762,0.06019999999999999,0.0526,0.0736
1.2018997770669768,0.0014000000000000013,0.0404,0.0596,0.055,0.055,0.0658,0.062200000000000005,0.035399999999999994,0.0974,0.06160000000000001,0.0778,0.0708,0.0644,0.0644,0.07880000000000001,0.0434,0.0864,0.08199999999999999,0.07740000000000001,0.08099999999999999,0.05679999999999999,0.0422,0.0586
1.2013874086848682,-0.018000000000000006,0.018199999999999987,0.045200000000000004,0.046,0.0442,0.06559999999999999,0.0376,0.0252,0.08199999999999999,0.0404,0.0638,0.04679999999999999,0.04179999999999999,0.0546,0.07759999999999999,0.0258,0.08020000000000001,0.06139999999999998,0.060000000000000005,0.07940000000000001,0.048799999999999996,0.0228,0.0364
1.200875476960623,-0.02640000000000001,-0.0032,0.0356,0.053399999999999996,0.0456,0.061,0.03440000000000001,0.0178,0.055199999999999985,0.0422,0.046,0.045200000000000004,0.0386,0.041400000000000006,0.0688,0.0248,0.0732,0.045,0.052399999999999995,0.0872,0.0498,0.028800000000000006,0.02840000000000001
1.200363981336276,-0.02459999999999999,0.004800000000000009,0.023,0.0402,0.048,0.046400000000000004,0.039200000000000006,0.016399999999999998,0.047200000000000006,0.046200000000000005,0.034,0.028399999999999998,0.019,0.0402,0.046400000000000004,0.0076,0.0768,0.024799999999999992,0.051,0.0762,0.0376,0.0248,0.025600000000000005
1.199852921254814,0.0004000000000000092,0.016200000000000003,0.0366,0.06,0.0666,0.075,0.0482,0.0496,0.061799999999999994,0.0476,0.054400000000000004,0.04220000000000001,0.030199999999999994,0.0418,0.04900000000000001,0.014800000000000008,0.10000000000000002,0.03019999999999999,0.067,0.0852,0.0418,0.046200000000000005,0.05100000000000002
1.19934229616017,0.0222,0.040600000000000004,0.0458,0.0658,0.072,0.09399999999999999,0.0534,0.0588,0.0626,0.0644,0.0578,0.0628,0.0386,0.054799999999999995,0.063,0.02240000000000001,0.1154,0.0326,0.0686,0.091,0.0606,0.055600000000000004,0.055600000000000004
1.1988321054972253,0.0304,0.045,0.0418,0.06719999999999998,0.07479999999999998,0.09540000000000001,0.058,0.065,0.0578,0.06860000000000001,0.0562,0.0694,0.047400000000000005,0.0564,0.05379999999999999,0.0344,0.1188,0.019199999999999995,0.0728,0.08879999999999998,0.077,0.039999999999999994,0.055
1.1983223487118035,0.027999999999999994,0.053200000000000004,0.053,0.08619999999999997,0.10380000000000002,0.105,0.0704,0.069,0.0726,0.079,0.0596,0.08940000000000001,0.05140000000000001,0.060399999999999995,0.0626,0.048,0.12179999999999999,0.025,0.0848,0.10499999999999998,0.0858,0.0592,0.0638
1.1978130252506713,0.021199999999999997,0.053399999999999996,0.056600000000000004,0.08239999999999997,0.114,0.08979999999999998,0.06980000000000001,0.0644,0.062400000000000004,0.069,0.0496,0.0892,0.040600000000000004,0.0596,0.065,0.054,0.1034,0.032400000000000005,0.0882,0.0866,0.07699999999999999,0.0624,0.043
1.1973041345615356,0.023600000000000003,0.0678,0.0608,0.067,0.10740000000000001,0.07440000000000001,0.0728,0.06480000000000001,0.053,0.061200000000000004,0.05040000000000001,0.0832,0.0446,0.0668,0.07479999999999999,0.061200000000000004,0.0988,0.0346,0.0804,0.075,0.0746,0.06219999999999999,0.0346
1.1967956760930414,0.0338,0.11200000000000002,0.07959999999999999,0.0846,0.12200000000000001,0.07200000000000001,0.10500000000000001,0.07740000000000001,0.0624,0.08700000000000001,0.06280000000000002,0.10479999999999999,0.0682,0.0818,0.1062,0.0872,0.10200000000000001,0.05740000000000001,0.085,0.08159999999999999,0.0892,0.079,0.059000000000000004
1.1962876492947692,0.056600000000000004,0.14359999999999998,0.10280000000000002,0.1026,0.15,0.1018,0.12480000000000001,0.111,0.0838,0.123,0.076,0.13040000000000002,0.1164,0.11320000000000002,0.13240000000000002,0.113,0.1292,0.0906,0.10640000000000001,0.1152,0.113,0.0986,0.09220000000000002
1.1957800536172347,0.05879999999999999,0.161,0.1232,0.09559999999999999,0.1606,0.1166,0.1302,0.1254,0.10640000000000001,0.1254,0.09359999999999999,0.1184,0.139,0.1252,0.1322,0.1202,0.1276,0.11159999999999999,0.115,0.1206,0.1212,0.09620000000000001,0.0988
1.195272888511885,0.0562,0.158,0.1396,0.09419999999999998,0.1558,0.1362,0.1358,0.13579999999999998,0.1042,0.12440000000000001,0.11159999999999999,0.1326,0.1618,0.1156,0.136,0.13,0.127,0.1328,0.1258,0.139,0.1232,0.10579999999999998,0.10679999999999999
1.1947776653659008,0.0476,0.15919999999999998,0.138,0.08940000000000001,0.1456,0.12240000000000002,0.13879999999999998,0.1082,0.09659999999999999,0.13440000000000002,0.1032,0.1274,0.1624,0.1238,0.1338,0.1192,0.105,0.1336,0.1296,0.139,0.1206,0.0942,0.1006
1.1942713500081865,0.048799999999999996,0.1526,0.13439999999999996,0.089,0.1508,0.1192,0.1472,0.11499999999999999,0.10699999999999998,0.13660000000000003,0.10079999999999999,0.12879999999999997,0.1686,0.1328,0.13760000000000003,0.1326,0.10739999999999998,0.1374,0.1402,0.14620000000000002,0.128,0.09339999999999998,0.112
1.1937654635949668,0.0446,0.15239999999999998,0.1422,0.0884,0.15299999999999997,0.12219999999999998,0.14980000000000002,0.1178,0.11539999999999997,0.13379999999999997,0.10679999999999999,0.14079999999999998,0.1742,0.144,0.16219999999999998,0.14459999999999998,0.11399999999999999,0.14460000000000003,0.14179999999999998,0.141,0.1206,0.10639999999999998,0.1184
1.1932600055813773,0.047,0.14320000000000002,0.139,0.0848,0.15299999999999997,0.1196,0.1486,0.12979999999999997,0.11899999999999998,0.13160000000000002,0.10859999999999997,0.13179999999999997,0.1812,0.1506,0.15780000000000002,0.1472,0.11539999999999997,0.13219999999999998,0.12979999999999997,0.12459999999999997,0.1172,0.10679999999999999,0.1252
1.1927549754234763,0.051,0.15460000000000002,0.1374,0.0854,0.1546,0.1352,0.1412,0.1262,0.11679999999999999,0.12879999999999997,0.11839999999999998,0.1354,0.1866,0.1382,0.14759999999999998,0.1484,0.12119999999999996,0.118,0.1212,0.1252,0.11199999999999999,0.10540000000000001,0.13419999999999999
1.1922503725782414,0.028399999999999984,0.14859999999999998,0.13240000000000002,0.079,0.1542,0.1432,0.13499999999999998,0.11359999999999999,0.10899999999999999,0.11979999999999999,0.1168,0.1334,0.17520000000000002,0.1242,0.145,0.13979999999999998,0.11759999999999997,0.11299999999999999,0.114,0.134,0.11220000000000001,0.11220000000000001,0.1272
1.1917461965035705,0.011799999999999991,0.1172,0.1272,0.062,0.129,0.14239999999999997,0.1188,0.105,0.1036,0.0842,0.09980000000000001,0.12400000000000001,0.15900000000000003,0.11320000000000001,0.129,0.13299999999999998,0.10499999999999998,0.0984,0.10840000000000001,0.12079999999999998,0.09720000000000001,0.1076,0.1012
1.1912424466582767,-0.006200000000000001,0.09400000000000001,0.1052,0.03239999999999999,0.10279999999999999,0.12499999999999999,0.107,0.0838,0.07540000000000001,0.0604,0.0864,0.1052,0.13119999999999998,0.097,0.10379999999999999,0.1252,0.0706,0.07799999999999999,0.08979999999999998,0.08339999999999997,0.083,0.10740000000000001,0.07479999999999998
1.1907391225020887,-0.0064,0.07659999999999997,0.08859999999999998,0.014399999999999994,0.0862,0.10740000000000001,0.09279999999999998,0.0718,0.0574,0.046799999999999994,0.0642,0.119,0.11040000000000001,0.09,0.10759999999999997,0.117,0.064,0.05879999999999999,0.0916,0.0704,0.0704,0.11039999999999997,0.0676
1.1902362234956472,-0.009200000000000003,0.07699999999999999,0.07859999999999999,0.02940000000000001,0.0886,0.09720000000000001,0.0892,0.07540000000000001,0.07060000000000001,0.054800000000000015,0.0464,0.1306,0.1068,0.1032,0.121,0.1364,0.063,0.06,0.098,0.057,0.0866,0.09659999999999999,0.06319999999999999
1.1897451642615904,-0.023399999999999997,0.0726,0.061,0.025,0.08259999999999999,0.1052,0.0864,0.0892,0.07520000000000002,0.052,0.0446,0.12979999999999997,0.10379999999999999,0.094,0.1138,0.14640000000000003,0.0782,0.0594,0.09,0.0562,0.0874,0.09299999999999999,0.0616
1.189243104308129,-0.03559999999999999,0.0644,0.0594,0.018000000000000002,0.0736,0.103,0.0778,0.09040000000000001,0.07,0.045200000000000004,0.0526,0.12399999999999999,0.1016,0.09880000000000001,0.11580000000000001,0.1194,0.08159999999999999,0.054,0.07759999999999999,0.0496,0.068,0.0872,0.049
1.1887414679039805,-0.032799999999999996,0.0742,0.061799999999999994,0.0368,0.0654,0.10539999999999998,0.0778,0.1032,0.0854,0.0516,0.062200000000000005,0.11120000000000001,0.0984,0.0958,0.10579999999999999,0.1102,0.0842,0.06380000000000002,0.08579999999999999,0.0506,0.07940000000000001,0.08999999999999998,0.0538
1.1882402545133965,-0.0248,0.08079999999999998,0.0628,0.046200000000000005,0.05960000000000001,0.10479999999999999,0.0704,0.0882,0.081,0.067,0.0772,0.106,0.09259999999999999,0.081,0.10980000000000001,0.10679999999999999,0.0984,0.07840000000000001,0.1014,0.0624,0.0834,0.09199999999999998,0.0538
1.1877394636015326,-0.011399999999999995,0.07940000000000001,0.07860000000000002,0.056799999999999996,0.06160000000000001,0.1098,0.0694,0.092,0.0874,0.0854,0.0844,0.112,0.09999999999999999,0.08899999999999998,0.12340000000000001,0.11500000000000002,0.1076,0.0998,0.11159999999999999,0.07,0.1042,0.1026,0.062200000000000005
1.187239094634445,0.006800000000000001,0.0878,0.0752,0.069,0.0608,0.11220000000000001,0.0654,0.0942,0.093,0.10500000000000001,0.0948,0.1182,0.09859999999999998,0.1066,0.12400000000000001,0.1266,0.1012,0.1088,0.115,0.068,0.109,0.108,0.0752
1.1867391470790902,0.017,0.0878,0.06879999999999999,0.0668,0.073,0.12140000000000001,0.0628,0.0974,0.0938,0.12460000000000002,0.1072,0.11,0.09179999999999999,0.12,0.1182,0.1298,0.105,0.1152,0.12879999999999997,0.07379999999999999,0.118,0.1042,0.09299999999999999
1.186250968612182,0.025,0.09759999999999999,0.0762,0.08979999999999999,0.08620000000000001,0.13439999999999996,0.0664,0.10400000000000001,0.12179999999999999,0.14439999999999997,0.12340000000000001,0.1142,0.0864,0.13779999999999998,0.1364,0.13240000000000002,0.1294,0.1292,0.14099999999999996,0.0832,0.1312,0.1044,0.10479999999999998
1.18575185273727,0.024399999999999995,0.09880000000000001,0.07479999999999999,0.08599999999999998,0.0932,0.1502,0.0804,0.11259999999999999,0.14079999999999998,0.162,0.13219999999999998,0.1042,0.0748,0.14039999999999997,0.1328,0.1324,0.13419999999999999,0.13440000000000002,0.15579999999999997,0.0836,0.1468,0.1082,0.1274
1.185253156692379,0.019600000000000003,0.0942,0.07880000000000001,0.06119999999999999,0.09720000000000001,0.1422,0.0756,0.1052,0.13579999999999998,0.159,0.13599999999999998,0.085,0.0636,0.1306,0.11259999999999999,0.0984,0.13119999999999998,0.13019999999999998,0.151,0.07980000000000001,0.13140000000000002,0.1092,0.13179999999999997
1.1847548799480236,0.026000000000000002,0.1168,0.0964,0.0608,0.12160000000000003,0.1512,0.09079999999999999,0.1164,0.1388,0.175,0.1352,0.103,0.07520000000000003,0.1304,0.131,0.0992,0.1374,0.149,0.1656,0.0932,0.13279999999999997,0.1186,0.1384
1.1842570219756081,0.0378,0.1252,0.1018,0.0648,0.12840000000000001,0.16240000000000002,0.1002,0.11759999999999998,0.14199999999999996,0.1692,0.12380000000000001,0.1114,0.0746,0.1152,0.1346,0.12400000000000001,0.13739999999999997,0.1724,0.186,0.101,0.13279999999999997,0.1346,0.16419999999999998
1.1837708830548925,0.046200000000000005,0.1272,0.1052,0.0598,0.14720000000000003,0.167,0.1098,0.122,0.14459999999999998,0.166,0.1266,0.1278,0.08480000000000001,0.11639999999999998,0.13939999999999997,0.118,0.12699999999999997,0.1716,0.19119999999999998,0.1142,0.1266,0.13879999999999998,0.1706
1.1832738515563868,0.0444,0.129,0.09939999999999997,0.055400000000000005,0.1398,0.1618,0.115,0.13019999999999998,0.1412,0.1568,0.119,0.12979999999999997,0.0838,0.11659999999999998,0.13599999999999998,0.111,0.116,0.16240000000000002,0.17959999999999998,0.1072,0.11799999999999998,0.1324,0.1676
1.1827772372612984,0.023999999999999997,0.12299999999999998,0.08159999999999998,0.052,0.122,0.152,0.1196,0.1148,0.13439999999999996,0.1362,0.11059999999999999,0.12079999999999998,0.079,0.09379999999999998,0.1168,0.09359999999999999,0.1196,0.1408,0.168,0.1052,0.10639999999999998,0.11719999999999997,0.16440000000000002
1.182281039644553,0.011199999999999998,0.12199999999999998,0.08339999999999997,0.049,0.12959999999999997,0.15619999999999998,0.12199999999999998,0.12960000000000002,0.1328,0.1212,0.0978,0.1154,0.08279999999999998,0.0854,0.116,0.0964,0.12779999999999997,0.13340000000000002,0.1754,0.1196,0.0928,0.11779999999999999,0.159
1.1817965213247559,0.0152,0.11899999999999998,0.09099999999999998,0.048,0.12680000000000002,0.1424,0.1186,0.1468,0.1232,0.09899999999999999,0.0952,0.10979999999999998,0.09259999999999997,0.078,0.1076,0.1098,0.12819999999999998,0.12919999999999998,0.16620000000000001,0.1278,0.09459999999999999,0.1196,0.14620000000000002
1.1813011460526441,0.028600000000000007,0.11379999999999998,0.0978,0.0432,0.11779999999999999,0.1252,0.1166,0.1476,0.1144,0.0848,0.1026,0.10419999999999997,0.1004,0.0696,0.09659999999999999,0.11999999999999998,0.12840000000000001,0.13739999999999997,0.1656,0.1386,0.08099999999999999,0.1226,0.14320000000000002
1.180806185900793,0.043,0.1184,0.0988,0.0526,0.12120000000000002,0.12140000000000001,0.108,0.1352,0.10779999999999998,0.08120000000000001,0.11099999999999999,0.1162,0.11059999999999999,0.07099999999999998,0.1004,0.12879999999999997,0.13799999999999998,0.15379999999999996,0.16019999999999998,0.1412,0.059,0.1098,0.1152
1.1803116403476208,0.03159999999999999,0.09359999999999999,0.0824,0.0632,0.1006,0.11059999999999998,0.1018,0.12179999999999999,0.1072,0.061,0.10299999999999998,0.10579999999999998,0.10799999999999998,0.059,0.1034,0.136,0.124,0.14079999999999998,0.1416,0.13419999999999999,0.0522,0.10840000000000001,0.10220000000000001
1.1798287345385348,0.0258,0.0516,0.0714,0.05079999999999999,0.0734,0.0856,0.0832,0.1006,0.1014,0.038200000000000005,0.09499999999999999,0.0676,0.0892,0.0502,0.0876,0.11220000000000001,0.10959999999999999,0.1066,0.1162,0.109,0.038,0.10139999999999998,0.09280000000000002
1.1793350072281823,0.006799999999999996,0.0362,0.0544,0.028399999999999995,0.05279999999999999,0.05139999999999999,0.0582,0.0814,0.079,0.024199999999999996,0.07579999999999998,0.0326,0.06299999999999999,0.03459999999999999,0.0734,0.0846,0.07739999999999998,0.0832,0.08059999999999998,0.0844,0.02059999999999999,0.0792,0.05219999999999999
1.1788416929687795,0.007400000000000002,0.036600000000000014,0.045399999999999996,0.036,0.038,0.0512,0.0474,0.068,0.0582,0.0188,0.0694,0.024000000000000004,0.046400000000000004,0.0218,0.07940000000000001,0.09140000000000002,0.07879999999999998,0.0824,0.06559999999999999,0.078,0.017799999999999996,0.08239999999999997,0.0416
1.1783599889766325,0.012800000000000002,0.022999999999999993,0.058,0.030600000000000002,0.0464,0.0522,0.05160000000000001,0.0752,0.055200000000000006,0.008399999999999996,0.0694,0.0212,0.030399999999999996,0.015999999999999993,0.08159999999999999,0.08940000000000001,0.07979999999999998,0.0868,0.058799999999999984,0.07940000000000001,0.023199999999999995,0.09040000000000001,0.0396
1.1778674899073853,0.0218,0.017199999999999993,0.0474,0.0318,0.053000000000000005,0.0506,0.047,0.083,0.060200000000000004,0.022600000000000002,0.0746,0.019800000000000005,0.015599999999999998,0.0384,0.0728,0.10500000000000002,0.068,0.1004,0.061399999999999996,0.077,0.017400000000000002,0.09339999999999998,0.029399999999999992
1.1773754023490537,0.0304,0.015599999999999998,0.0544,0.0444,0.047799999999999995,0.059,0.05880000000000002,0.07100000000000001,0.0746,0.027600000000000003,0.0842,0.013599999999999998,0.02180000000000001,0.03279999999999999,0.0598,0.1068,0.08059999999999998,0.1108,0.069,0.05719999999999999,0.0304,0.08399999999999999,0.027600000000000003
1.1768837257860918,0.007799999999999995,0.008600000000000002,0.042,0.0436,0.042,0.07240000000000002,0.05380000000000002,0.056400000000000006,0.067,0.0308,0.06559999999999998,0.017,0.0036000000000000008,0.012199999999999999,0.048799999999999996,0.085,0.0828,0.0986,0.0626,0.0454,0.0252,0.0654,0.01799999999999999
1.1764036202872703,-0.006599999999999996,0.006600000000000002,0.026199999999999994,0.048799999999999996,0.0412,0.0746,0.049,0.0466,0.051,0.024000000000000004,0.0436,0.0178,-0.011799999999999998,-0.0016000000000000005,0.05340000000000001,0.0808,0.0728,0.0782,0.060000000000000005,0.04340000000000001,0.0272,0.057,0.006599999999999998
1.1759127548601234,-0.015599999999999996,0.0024000000000000024,0.0286,0.06520000000000001,0.04300000000000001,0.073,0.0444,0.055799999999999995,0.055200000000000006,0.016,0.030199999999999998,0.024000000000000007,-0.022600000000000002,0.0034000000000000102,0.05920000000000001,0.0674,0.0648,0.061000000000000006,0.053200000000000004,0.037,0.0512,0.05979999999999999,0.0122
1.1754222988985155,0.004400000000000007,0.012399999999999998,0.03159999999999999,0.0734,0.05,0.1034,0.046799999999999994,0.0608,0.0638,0.023600000000000003,0.031999999999999994,0.040799999999999996,-0.02259999999999999,0.0124,0.06620000000000002,0.0632,0.0688,0.0668,0.064,0.03679999999999999,0.0626,0.055199999999999985,0.0112
1.1749433847844832,0.0022000000000000006,0.0192,0.037200000000000004,0.0882,0.055200000000000006,0.117,0.045399999999999996,0.056799999999999996,0.0512,0.027400000000000008,0.046200000000000005,0.0586,-0.016999999999999998,0.010599999999999998,0.064,0.06819999999999998,0.05,0.08220000000000001,0.0758,0.03519999999999999,0.069,0.055600000000000004,-0.0036000000000000008
1.1744537369413057,-0.0028000000000000056,0.0218,0.045,0.0998,0.0686,0.12359999999999999,0.0516,0.0724,0.05179999999999999,0.0378,0.06340000000000001,0.07759999999999999,-0.001599999999999998,0.028600000000000007,0.06,0.074,0.0586,0.07479999999999999,0.09420000000000002,0.0394,0.07479999999999999,0.0626,0.003599999999999996
1.17396449704142,-0.010199999999999997,0.024399999999999998,0.060200000000000004,0.08880000000000002,0.0808,0.12179999999999999,0.05779999999999999,0.0834,0.0636,0.055,0.06380000000000002,0.0808,0.008400000000000008,0.045000000000000005,0.056600000000000004,0.07840000000000001,0.06179999999999999,0.0636,0.1028,0.0346,0.0856,0.060000000000000005,0.004200000000000001
1.1734867698830298,-0.023600000000000003,0.0288,0.061399999999999996,0.09240000000000001,0.074,0.1298,0.05379999999999999,0.0844,0.0756,0.07599999999999998,0.0684,0.0876,0.0212,0.06580000000000001,0.0666,0.085,0.0684,0.06540000000000001,0.1024,0.04860000000000001,0.10779999999999999,0.0546,0.016800000000000006
1.1729983350991373,-0.0208,0.056000000000000015,0.0814,0.1016,0.0896,0.1352,0.06399999999999999,0.104,0.0986,0.0948,0.06919999999999998,0.10779999999999998,0.04760000000000001,0.062,0.0974,0.0902,0.08120000000000001,0.07740000000000002,0.11840000000000002,0.06620000000000001,0.1178,0.06920000000000001,0.04620000000000001
1.1725213937875278,-0.0216,0.0722,0.09179999999999998,0.1072,0.1102,0.1306,0.06979999999999999,0.1154,0.1004,0.10740000000000001,0.07399999999999998,0.13379999999999995,0.07880000000000001,0.0678,0.1194,0.095,0.08,0.0864,0.1212,0.08800000000000001,0.128,0.08120000000000001,0.0782
1.1720337621338577,-0.0021999999999999967,0.08220000000000002,0.1014,0.13319999999999999,0.12340000000000001,0.1308,0.08099999999999999,0.1172,0.11080000000000001,0.1274,0.10479999999999998,0.14439999999999997,0.11779999999999999,0.09359999999999999,0.13679999999999998,0.10640000000000001,0.08120000000000001,0.0958,0.1408,0.1072,0.13660000000000003,0.09440000000000001,0.10859999999999999
1.1715465359069566,0.0034000000000000024,0.09179999999999999,0.1242,0.13179999999999997,0.13479999999999998,0.1412,0.0856,0.1228,0.1166,0.1456,0.11159999999999998,0.14199999999999996,0.13439999999999996,0.1102,0.1396,0.10840000000000001,0.079,0.1052,0.1536,0.1058,0.14320000000000002,0.09099999999999998,0.1316
1.1710707742288877,0.0076,0.09980000000000001,0.1304,0.11179999999999998,0.129,0.1336,0.0844,0.1206,0.11940000000000002,0.15479999999999997,0.12239999999999998,0.11399999999999999,0.144,0.1006,0.141,0.1142,0.0762,0.1082,0.161,0.1222,0.1362,0.09,0.1446
1.1705843481544416,0.0078,0.11220000000000001,0.144,0.1162,0.13,0.11979999999999999,0.07799999999999999,0.1212,0.1156,0.15419999999999998,0.13979999999999998,0.11080000000000001,0.1502,0.1046,0.14339999999999997,0.11939999999999998,0.0942,0.1142,0.15280000000000002,0.13939999999999997,0.12599999999999997,0.09079999999999998,0.1452
1.1700983260044917,0.011399999999999999,0.11680000000000001,0.1444,0.11059999999999999,0.12860000000000002,0.1158,0.06959999999999998,0.12459999999999999,0.1322,0.15319999999999998,0.14679999999999999,0.11700000000000002,0.147,0.116,0.14479999999999998,0.1196,0.10399999999999998,0.1172,0.1488,0.15339999999999998,0.1142,0.07859999999999999,0.1648
1.1696237395889337,0.025999999999999995,0.1152,0.1552,0.1266,0.1424,0.1392,0.08120000000000001,0.12840000000000001,0.163,0.169,0.1546,0.12359999999999999,0.1682,0.1366,0.168,0.1306,0.1254,0.14399999999999996,0.16019999999999998,0.17899999999999996,0.1396,0.0898,0.177
1.1691385146283744,0.021999999999999995,0.1044,0.1508,0.12979999999999997,0.1376,0.1438,0.0892,0.13279999999999997,0.16119999999999998,0.17039999999999997,0.15539999999999998,0.12780000000000002,0.1698,0.12819999999999998,0.167,0.1346,0.13340000000000002,0.1536,0.16479999999999997,0.19139999999999993,0.1276,0.09900000000000002,0.1814
1.168664706325869,0.02219999999999999,0.094,0.1382,0.12819999999999998,0.1346,0.13279999999999997,0.09039999999999998,0.11219999999999998,0.14459999999999998,0.14959999999999996,0.14479999999999998,0.126,0.15,0.1202,0.15540000000000004,0.12379999999999998,0.12019999999999997,0.138,0.167,0.17019999999999996,0.1008,0.07999999999999999,0.1556
1.168180276594943,0.018999999999999993,0.07379999999999999,0.1388,0.1202,0.1288,0.13599999999999998,0.0876,0.0942,0.12359999999999999,0.12440000000000001,0.1256,0.0958,0.1322,0.1252,0.1426,0.1066,0.10759999999999997,0.1142,0.15280000000000002,0.14359999999999998,0.0986,0.0664,0.12479999999999997
1.1677072444934127,0.0005999999999999875,0.046200000000000005,0.12159999999999999,0.10659999999999999,0.1174,0.12699999999999997,0.08159999999999999,0.0792,0.1098,0.1142,0.121,0.07879999999999998,0.09179999999999999,0.1268,0.1256,0.09259999999999997,0.0916,0.08220000000000002,0.1434,0.1158,0.07259999999999998,0.052399999999999995,0.07799999999999999
1.1672236080387821,-0.007800000000000004,0.039,0.12379999999999998,0.086,0.1056,0.11359999999999998,0.07940000000000001,0.0674,0.1174,0.1078,0.1158,0.08179999999999998,0.06459999999999999,0.122,0.13419999999999999,0.103,0.08379999999999999,0.07720000000000002,0.1256,0.105,0.0652,0.054,0.06999999999999998
1.1667513502324094,-0.020399999999999998,0.027399999999999997,0.10559999999999999,0.07019999999999998,0.0864,0.09999999999999999,0.0732,0.0554,0.1212,0.09620000000000001,0.0992,0.0818,0.0574,0.11159999999999999,0.1324,0.0952,0.0864,0.06719999999999998,0.09039999999999998,0.09040000000000001,0.0522,0.05219999999999999,0.0544
1.1662685051071273,-0.0208,0.011399999999999999,0.0994,0.08120000000000001,0.06919999999999998,0.1024,0.06919999999999998,0.05,0.1034,0.0886,0.0888,0.0862,0.056799999999999996,0.11379999999999998,0.1278,0.0854,0.0834,0.07119999999999999,0.07559999999999999,0.0782,0.038,0.0546,0.03119999999999999
1.1657860594550888,-0.01559999999999999,0.0030000000000000022,0.09240000000000001,0.0834,0.07659999999999999,0.11799999999999998,0.08779999999999999,0.0714,0.1024,0.10079999999999999,0.0912,0.09759999999999998,0.06620000000000001,0.1258,0.14859999999999998,0.0886,0.0704,0.07740000000000001,0.0824,0.0814,0.055600000000000004,0.0732,0.0386
1.1653149639598155,-0.0212,0.0028000000000000026,0.0838,0.0788,0.07440000000000001,0.1222,0.08979999999999998,0.0716,0.0942,0.0844,0.0824,0.09959999999999998,0.05959999999999999,0.12879999999999997,0.1492,0.09259999999999997,0.07379999999999999,0.06819999999999998,0.07,0.07759999999999999,0.0664,0.0856,0.036
1.1648333067175185,-0.0248,-0.007200000000000003,0.077,0.0686,0.06160000000000001,0.0998,0.07359999999999998,0.056600000000000004,0.0844,0.0594,0.07780000000000001,0.0814,0.0516,0.1152,0.11739999999999998,0.09240000000000001,0.054799999999999995,0.0442,0.058,0.0654,0.047,0.07479999999999999,0.0402
1.1643629807692308,-0.018199999999999997,-0.009599999999999997,0.0814,0.06499999999999999,0.0626,0.0892,0.07899999999999999,0.04800000000000001,0.0742,0.0424,0.0678,0.0746,0.054000000000000006,0.1198,0.12779999999999997,0.09859999999999998,0.037200000000000004,0.043,0.06200000000000001,0.0756,0.054,0.0664,0.0422
1.1638821100056316,-0.007199999999999993,1.5543122344752194e-18,0.0884,0.0782,0.08480000000000001,0.1102,0.0896,0.07060000000000001,0.089,0.0536,0.0788,0.09280000000000001,0.09,0.1254,0.1406,0.1222,0.0512,0.055799999999999995,0.0696,0.0994,0.0696,0.08780000000000002,0.07180000000000002
1.1634125517202556,-0.014600000000000002,-0.0033999999999999976,0.077,0.081,0.07840000000000001,0.1042,0.0994,0.08,0.0888,0.0498,0.1088,0.1028,0.09259999999999997,0.1252,0.1336,0.1196,0.060200000000000004,0.0564,0.06819999999999998,0.1114,0.048,0.093,0.0832
1.1629324655106117,-0.0042000000000000015,0.018600000000000005,0.0752,0.083,0.062200000000000005,0.1,0.08579999999999999,0.09140000000000001,0.08479999999999999,0.051000000000000004,0.11380000000000001,0.1006,0.09239999999999998,0.1326,0.1366,0.1216,0.0732,0.06919999999999998,0.060200000000000004,0.1248,0.054,0.1024,0.1026
1.1624636730102185,-0.0214,0.012399999999999996,0.050799999999999984,0.086,0.036599999999999994,0.071,0.058,0.08120000000000001,0.060399999999999995,0.0314,0.08020000000000001,0.06979999999999999,0.06919999999999997,0.11359999999999998,0.10540000000000001,0.08159999999999998,0.06079999999999999,0.061199999999999984,0.0424,0.10039999999999998,0.03819999999999999,0.0886,0.0856
1.1619843694360625,-0.023399999999999997,0.007799999999999996,0.0504,0.1034,0.0418,0.07680000000000001,0.07280000000000002,0.07859999999999999,0.0586,0.0214,0.09659999999999999,0.0752,0.07599999999999998,0.11219999999999998,0.1034,0.07499999999999998,0.0614,0.07159999999999998,0.0608,0.10399999999999998,0.03339999999999999,0.11080000000000001,0.0844
1.1615163408488438,-0.035,0.0198,0.055200000000000006,0.09240000000000001,0.0464,0.0698,0.09220000000000002,0.0792,0.0626,0.0218,0.09340000000000001,0.0872,0.07019999999999997,0.11279999999999997,0.0882,0.0832,0.06760000000000001,0.05719999999999999,0.0628,0.09639999999999997,0.024599999999999983,0.11080000000000001,0.09259999999999999
1.1610378179979588,-0.03479999999999999,0.029200000000000007,0.0608,0.08259999999999999,0.03459999999999999,0.0644,0.0838,0.0694,0.07000000000000002,0.02660000000000001,0.07959999999999999,0.08199999999999999,0.0588,0.10719999999999998,0.06500000000000002,0.0698,0.07840000000000001,0.057600000000000005,0.055,0.09079999999999998,0.031,0.11259999999999999,0.09880000000000001
1.1605705514582008,-0.02359999999999999,0.04060000000000001,0.07879999999999998,0.087,0.0444,0.07080000000000002,0.09980000000000001,0.07379999999999999,0.092,0.0644,0.08200000000000002,0.0892,0.07379999999999998,0.1142,0.069,0.0876,0.09480000000000001,0.0664,0.07659999999999999,0.10840000000000001,0.0412,0.1338,0.111
1.1601036608755042,-0.027999999999999997,0.052399999999999995,0.0824,0.0858,0.055799999999999995,0.08120000000000001,0.1102,0.0918,0.09720000000000001,0.0858,0.0856,0.1142,0.07440000000000001,0.1174,0.104,0.0876,0.1052,0.0732,0.07579999999999999,0.11000000000000001,0.053,0.144,0.11159999999999999
1.1596263010726544,-0.024799999999999992,0.064,0.07859999999999999,0.09179999999999999,0.0636,0.0862,0.0884,0.09499999999999999,0.11780000000000002,0.0882,0.097,0.12240000000000001,0.06919999999999998,0.12120000000000002,0.1026,0.0686,0.11800000000000001,0.0668,0.07060000000000001,0.09999999999999999,0.062,0.14839999999999998,0.1212
1.1591601697608764,-0.025599999999999987,0.08259999999999999,0.09880000000000001,0.0928,0.057600000000000005,0.07540000000000001,0.0824,0.0988,0.129,0.09480000000000001,0.09379999999999998,0.1128,0.0582,0.13500000000000004,0.101,0.0626,0.1188,0.0748,0.0882,0.09659999999999999,0.075,0.15839999999999999,0.124
1.158683585938814,-0.02059999999999999,0.09,0.107,0.1004,0.0598,0.07900000000000001,0.06659999999999999,0.0948,0.1338,0.1226,0.0752,0.1254,0.055600000000000004,0.134,0.10959999999999999,0.07680000000000001,0.1254,0.09359999999999999,0.09559999999999999,0.11059999999999999,0.1046,0.151,0.12
1.1582182120473377,-0.011799999999999998,0.09220000000000002,0.12940000000000002,0.1128,0.05840000000000001,0.09540000000000001,0.072,0.086,0.12960000000000002,0.133,0.0646,0.13,0.0688,0.1216,0.1198,0.08059999999999999,0.12340000000000001,0.1012,0.1028,0.117,0.1188,0.1428,0.1196
1.1577424023154848,-0.008400000000000005,0.10640000000000001,0.1498,0.1166,0.066,0.1328,0.09620000000000001,0.108,0.14200000000000002,0.15259999999999999,0.0922,0.15380000000000002,0.09540000000000001,0.1314,0.1396,0.10700000000000001,0.12979999999999997,0.11059999999999999,0.11320000000000001,0.1454,0.13939999999999997,0.1502,0.1288
1.1572777839997013,-0.0066,0.0974,0.132,0.1024,0.0596,0.1152,0.0712,0.11439999999999997,0.12760000000000002,0.14239999999999997,0.08059999999999998,0.13739999999999997,0.07840000000000001,0.1174,0.12619999999999998,0.092,0.11579999999999999,0.0912,0.08799999999999998,0.13419999999999999,0.13219999999999998,0.11320000000000001,0.12359999999999999
1.1568135384500564,-0.002400000000000001,0.11380000000000001,0.1254,0.1264,0.078,0.13439999999999996,0.06920000000000001,0.13379999999999997,0.13400000000000004,0.1562,0.09340000000000001,0.1352,0.09259999999999999,0.1092,0.1336,0.091,0.1164,0.10559999999999999,0.0974,0.14339999999999997,0.15239999999999998,0.1128,0.129
1.1563388818949039,-0.007999999999999995,0.1164,0.13419999999999999,0.1374,0.0854,0.11320000000000001,0.0662,0.12399999999999999,0.13460000000000005,0.15259999999999999,0.10740000000000001,0.143,0.1066,0.10199999999999998,0.142,0.1108,0.117,0.1004,0.1056,0.14859999999999995,0.14479999999999998,0.11320000000000001,0.13119999999999998
1.1558753891757862,-0.027399999999999997,0.1042,0.1206,0.1372,0.0736,0.07779999999999998,0.056999999999999995,0.1216,0.12040000000000002,0.1142,0.097,0.1364,0.1,0.0902,0.13779999999999998,0.0878,0.10579999999999999,0.07999999999999999,0.0964,0.1296,0.13079999999999997,0.0906,0.1098
1.1554015020219526,-0.0218,0.11099999999999999,0.11040000000000001,0.1272,0.0628,0.0782,0.055,0.09820000000000001,0.10859999999999999,0.09480000000000001,0.08059999999999999,0.126,0.09359999999999999,0.0844,0.12439999999999998,0.07440000000000001,0.0932,0.0788,0.0996,0.1156,0.1162,0.07299999999999998,0.08999999999999998
1.154938760303637,-0.0352,0.1072,0.1174,0.108,0.046799999999999994,0.0638,0.0464,0.0906,0.0888,0.0906,0.07500000000000001,0.11320000000000001,0.089,0.07859999999999999,0.1174,0.0634,0.07940000000000001,0.0842,0.09039999999999998,0.1102,0.09440000000000001,0.0544,0.0704
1.1544763890957843,-0.0384,0.10100000000000002,0.099,0.09820000000000001,0.039200000000000006,0.061200000000000004,0.046400000000000004,0.0836,0.07759999999999999,0.078,0.08660000000000002,0.109,0.0868,0.0578,0.10640000000000001,0.044,0.0694,0.06979999999999999,0.0682,0.10179999999999997,0.08120000000000001,0.045000000000000005,0.0476
1.154003648140565,-0.02439999999999999,0.11800000000000001,0.09299999999999999,0.11800000000000001,0.05700000000000001,0.08100000000000002,0.0732,0.0858,0.09620000000000001,0.0736,0.10440000000000002,0.11980000000000003,0.11380000000000001,0.0586,0.12040000000000001,0.054,0.07700000000000001,0.08400000000000002,0.07680000000000001,0.09119999999999998,0.09,0.08080000000000001,0.0592
1.1535420252104749,-0.023399999999999997,0.11359999999999999,0.0674,0.1166,0.0698,0.08480000000000001,0.092,0.0942,0.11359999999999999,0.0732,0.11280000000000001,0.13279999999999997,0.11579999999999999,0.0604,0.12799999999999997,0.05940000000000001,0.072,0.0902,0.08820000000000001,0.08779999999999999,0.09459999999999999,0.0928,0.0662
1.153080771448232,-0.003999999999999997,0.1014,0.0706,0.11379999999999998,0.0912,0.07859999999999999,0.0856,0.09120000000000002,0.1134,0.0636,0.1144,0.1388,0.10899999999999999,0.074,0.13140000000000002,0.0572,0.0674,0.101,0.1022,0.08180000000000001,0.09599999999999999,0.0842,0.0746
1.152609172538157,-0.003,0.1172,0.08120000000000001,0.12240000000000001,0.0902,0.0922,0.0952,0.0792,0.1176,0.0864,0.11259999999999998,0.14839999999999998,0.11220000000000001,0.0872,0.13199999999999998,0.0634,0.0658,0.11320000000000001,0.1196,0.091,0.10640000000000001,0.08939999999999998,0.06039999999999998
1.1521486643437864,0.0048,0.1036,0.07899999999999999,0.10740000000000001,0.08059999999999998,0.08259999999999998,0.0842,0.061200000000000004,0.12459999999999999,0.0846,0.11220000000000001,0.13939999999999997,0.09659999999999999,0.1022,0.13059999999999997,0.0584,0.0714,0.11120000000000001,0.1114,0.09799999999999999,0.09620000000000001,0.08879999999999998,0.0626
1.1516885239811272,-0.007600000000000002,0.0884,0.0412,0.09259999999999999,0.07239999999999998,0.08219999999999997,0.06999999999999998,0.0592,0.106,0.06299999999999999,0.094,0.1118,0.0854,0.0958,0.1146,0.0386,0.048600000000000004,0.09999999999999999,0.10679999999999999,0.0782,0.077,0.06659999999999999,0.0432
1.151218062982769,0.006799999999999998,0.08679999999999999,0.039,0.091,0.06979999999999999,0.10859999999999999,0.0748,0.0554,0.0964,0.0772,0.1002,0.0892,0.085,0.0964,0.1016,0.0428,0.04,0.1108,0.10079999999999999,0.0732,0.08100000000000002,0.0654,0.057600000000000005
1.1507586654911606,0.009799999999999998,0.07959999999999998,0.045,0.094,0.0576,0.11019999999999998,0.07640000000000001,0.072,0.091,0.08499999999999999,0.11599999999999999,0.07859999999999999,0.0742,0.0854,0.08960000000000003,0.03499999999999999,0.048,0.1176,0.0916,0.0788,0.07959999999999999,0.07879999999999998,0.0692
1.1502996345015677,0.021,0.07019999999999998,0.0348,0.09299999999999999,0.053,0.11899999999999998,0.0986,0.0712,0.0866,0.09199999999999998,0.1248,0.0716,0.0702,0.0804,0.0886,0.0422,0.0564,0.1036,0.097,0.085,0.0838,0.0824,0.076
1.1498303073014224,0.0172,0.05919999999999999,0.0314,0.0842,0.046400000000000004,0.10779999999999997,0.1022,0.0654,0.0756,0.09579999999999998,0.1316,0.0606,0.07300000000000001,0.08080000000000001,0.09179999999999999,0.0636,0.071,0.1102,0.1004,0.0854,0.07660000000000003,0.08099999999999999,0.0814
1.14937201649905,0.01,0.033600000000000005,0.03440000000000001,0.05059999999999999,0.015399999999999999,0.0838,0.07879999999999998,0.0632,0.0434,0.08159999999999999,0.1134,0.029199999999999997,0.0444,0.07019999999999998,0.0664,0.0466,0.0428,0.0846,0.07659999999999999,0.0824,0.04479999999999999,0.048799999999999996,0.0656
1.1489140908753985,0.0106,0.03140000000000001,0.0418,0.0364,0.020200000000000017,0.07680000000000001,0.06760000000000001,0.0628,0.034,0.0772,0.11059999999999999,0.008,0.05000000000000001,0.0628,0.0492,0.0482,0.0506,0.0734,0.0676,0.08020000000000001,0.030199999999999994,0.04580000000000002,0.066
1.1484565299941651,-0.0010000000000000041,0.019799999999999995,0.0288,0.015399999999999994,0.0108,0.0696,0.06,0.049,0.020799999999999992,0.06919999999999998,0.09340000000000001,-0.017800000000000003,0.04,0.0466,0.0366,0.0394,0.04079999999999999,0.061,0.056600000000000004,0.07479999999999999,0.009799999999999998,0.03439999999999999,0.0504
1.1479887052724158,0.0007999999999999981,0.031000000000000007,0.0434,0.014800000000000002,0.041200000000000014,0.07540000000000001,0.062200000000000005,0.06679999999999998,0.0264,0.05979999999999999,0.1098,-0.006999999999999995,0.0396,0.0564,0.0508,0.056600000000000004,0.052399999999999995,0.057,0.0694,0.0986,0.016399999999999998,0.051,0.074
1.147531881026856,-0.0112,0.031,0.049,0.008999999999999998,0.0458,0.07099999999999998,0.066,0.07959999999999999,0.0184,0.0384,0.1076,-0.0054,0.0376,0.047,0.051,0.0638,0.024199999999999996,0.0446,0.07,0.094,0.016200000000000003,0.047200000000000006,0.07640000000000001
1.1470754202088786,-0.021000000000000005,0.032799999999999996,0.0642,-0.0016000000000000014,0.0584,0.073,0.085,0.074,0.021,0.045799999999999993,0.10999999999999999,-0.005200000000000005,0.0224,0.0434,0.046799999999999994,0.0676,0.027600000000000003,0.047799999999999995,0.04339999999999999,0.10640000000000001,0.02,0.05680000000000002,0.0768
1.146619322384968,-0.0258,0.039200000000000006,0.0814,-0.00039999999999999856,0.0732,0.056600000000000004,0.0848,0.07959999999999999,0.0256,0.0504,0.11059999999999999,0.012199999999999999,0.015,0.0394,0.054,0.0756,0.041,0.039,0.044,0.12179999999999999,0.027600000000000006,0.0546,0.0734
1.1461529929382186,-0.0366,0.040799999999999996,0.07259999999999998,0.0054,0.07379999999999999,0.0416,0.07840000000000001,0.0734,0.035800000000000005,0.030799999999999994,0.10499999999999998,0.019399999999999997,0.007599999999999998,0.04,0.0476,0.0846,0.0428,0.01859999999999999,0.039,0.116,0.026199999999999994,0.027800000000000002,0.05379999999999999
1.1456976282211198,-0.053200000000000004,0.0522,0.06799999999999999,0.006599999999999997,0.0814,0.029,0.06620000000000002,0.0624,0.0442,0.012599999999999995,0.0886,0.022199999999999994,0.0128,0.053000000000000005,0.038799999999999994,0.07859999999999998,0.035,0.0324,0.025999999999999992,0.10579999999999998,0.022,0.018800000000000004,0.0426
1.1452426251916434,-0.0512,0.0652,0.0834,0.028399999999999998,0.10580000000000002,0.0448,0.0846,0.068,0.05780000000000002,0.03,0.0788,0.04340000000000001,0.029400000000000013,0.0668,0.054800000000000015,0.077,0.0376,0.04460000000000001,0.03940000000000001,0.1226,0.0282,0.03280000000000002,0.055
1.1447879834190384,-0.0594,0.0692,0.07840000000000001,0.040799999999999996,0.1274,0.04440000000000001,0.0836,0.0576,0.061,0.037399999999999996,0.08259999999999999,0.0696,0.0376,0.0632,0.0608,0.0726,0.0528,0.03819999999999999,0.05099999999999999,0.11580000000000001,0.0434,0.036,0.0426
1.1443231420898663,-0.06179999999999999,0.054200000000000005,0.0846,0.0386,0.11280000000000001,0.0362,0.0698,0.053,0.0572,0.028,0.0836,0.0856,0.034800000000000005,0.07379999999999999,0.055,0.0658,0.0428,0.028399999999999998,0.0466,0.1142,0.0526,0.024,0.030199999999999994
1.1438692299177153,-0.048199999999999986,0.0714,0.0792,0.055200000000000006,0.1082,0.036,0.07679999999999998,0.06659999999999999,0.06819999999999998,0.02359999999999999,0.0952,0.10859999999999999,0.0526,0.08380000000000001,0.0464,0.0628,0.055799999999999995,0.0254,0.0366,0.10740000000000001,0.065,0.02659999999999999,0.03599999999999999
1.1434156777043163,-0.0538,0.052399999999999995,0.06919999999999998,0.053,0.08219999999999997,0.0208,0.07999999999999999,0.06019999999999999,0.0596,0.016199999999999996,0.0752,0.091,0.06420000000000001,0.079,0.022799999999999994,0.049,0.048600000000000004,0.0252,0.0132,0.0874,0.0544,0.015400000000000002,0.040400000000000005
1.1429624850216609,-0.053200000000000004,0.039799999999999995,0.0696,0.0718,0.08220000000000001,0.0238,0.08579999999999999,0.0508,0.054799999999999995,0.03,0.07759999999999999,0.0996,0.0664,0.07840000000000001,0.01359999999999999,0.0458,0.0704,0.0296,0.012800000000000004,0.0882,0.0588,0.012199999999999999,0.030800000000000004
1.1425096514424185,-0.03559999999999999,0.0456,0.0886,0.10640000000000001,0.0942,0.037000000000000005,0.10099999999999999,0.056799999999999996,0.0614,0.046,0.09659999999999999,0.1242,0.09259999999999997,0.09259999999999999,0.034800000000000005,0.0484,0.0842,0.0424,0.0492,0.09999999999999999,0.07640000000000002,0.011800000000000001,0.052000000000000005
1.142046658132017,-0.019999999999999993,0.0576,0.0886,0.1338,0.0988,0.05600000000000002,0.11120000000000001,0.074,0.07160000000000001,0.06160000000000001,0.1154,0.12819999999999998,0.1252,0.1252,0.06940000000000002,0.048799999999999996,0.09,0.07540000000000001,0.07160000000000001,0.1072,0.09580000000000002,0.024399999999999998,0.0704
1.1415945498066653,-0.009399999999999997,0.061,0.1052,0.15380000000000002,0.1352,0.07980000000000001,0.1274,0.08600000000000002,0.08680000000000002,0.1002,0.1216,0.14139999999999997,0.14139999999999997,0.15080000000000002,0.0872,0.06520000000000001,0.1146,0.11040000000000001,0.10480000000000002,0.1286,0.1172,0.06060000000000001,0.101
1.1411427992969088,-0.002593939393939366,0.0626181818181818,0.11048484848484845,0.16648484848484843,0.14206060606060605,0.0881818181818182,0.13235151515151514,0.09503030303030305,0.09381818181818183,0.1097090909090909,0.12879999999999994,0.14197575757575748,0.14116363636363627,0.15898181818181809,0.096569696969697,0.07047272727272726,0.12215757575757576,0.11892121212121212,0.1137090909090909,0.13575757575757574,0.1259878787878788,0.06642424242424241,0.11402424242424243
1.140691406178132,0.01101818181818186,0.06585454545454543,0.12105454545454543,0.19185454545454544,0.1557818181818182,0.10494545454545458,0.14225454545454544,0.11309090909090908,0.10785454545454545,0.1287272727272727,0.14319999999999997,0.14312727272727263,0.14069090909090903,0.17534545454545447,0.11530909090909094,0.0810181818181818,0.13727272727272724,0.13596363636363637,0.13152727272727274,0.15007272727272727,0.14356363636363637,0.07807272727272727,0.1400727272727273
1.140240370026391,0.02463030303030307,0.06909090909090906,0.1316242424242424,0.2172242424242424,0.1695030303030303,0.12170909090909095,0.15215757575757577,0.13115151515151516,0.12189090909090908,0.1477454545454545,0.15759999999999996,0.1442787878787878,0.14021818181818177,0.1917090909090908,0.1340484848484849,0.09156363636363633,0.15238787878787877,0.1530060606060606,0.14934545454545456,0.16438787878787878,0.16113939393939392,0.08972121212121212,0.16612121212121211
1.139789690418413,0.03824242424242428,0.07232727272727271,0.1421939393939394,0.24259393939393936,0.1832242424242424,0.13847272727272733,0.16206060606060607,0.1492121212121212,0.1359272727272727,0.16676363636363636,0.17199999999999996,0.145430303030303,0.1397454545454545,0.20807272727272713,0.15278787878787883,0.10210909090909089,0.1675030303030303,0.17004848484848487,0.16716363636363638,0.17870303030303028,0.17871515151515152,0.10136969696969697,0.192169696969697
1.139328898526223,0.051854545454545486,0.07556363636363635,0.15276363636363635,0.26796363636363635,0.19694545454545456,0.1552363636363637,0.17196363636363637,0.16727272727272727,0.14996363636363633,0.18578181818181816,0.1864,0.14658181818181815,0.13927272727272724,0.22443636363636352,0.17152727272727278,0.11265454545454544,0.18261818181818185,0.18709090909090903,0.1849818181818182,0.1930181818181818,0.19629090909090907,0.11301818181818185,0.21821818181818184
