0,83,93,103,113,123,133,143,153,163,173,183,193,203,213,223,233,243,253,263,273,283,293,298
3.878878878878879,-0.040181818181818166,0.03174545454545452,0.09283636363636355,0.06261818181818175,0.08938181818181809,0.07890909090909083,0.06607272727272724,0.1410181818181817,0.11163636363636349,0.14825454545454536,0.16469090909090897,0.1857454545454544,0.04458181818181816,0.16730909090909077,0.11338181818181806,0.12679999999999989,0.13134545454545446,0.10443636363636354,0.003199999999999954,0.06527272727272722,0.11494545454545445,-0.024290909090909103,0.032727272727272695
3.872579637726421,-0.040896969696969675,0.030290909090909066,0.08647272727272719,0.05670303030303024,0.08063030303030294,0.07768484848484841,0.06681212121212118,0.12923636363636354,0.09700606060606048,0.13237575757575748,0.1409818181818181,0.1641575757575756,0.03809696969696968,0.13795151515151502,0.10369696969696961,0.10853333333333323,0.11669090909090901,0.09420606060606052,-0.0016000000000000395,0.05547878787878784,0.10589090909090901,-0.013515151515151527,0.028521212121212093
3.8661802762448163,-0.041612121212121204,0.028836363636363615,0.08010909090909084,0.050787878787878736,0.0718787878787878,0.07646060606060599,0.06755151515151511,0.11745454545454535,0.08237575757575746,0.11649696969696963,0.11727272727272717,0.14256969696969685,0.031612121212121196,0.10859393939393928,0.09401212121212112,0.09026666666666656,0.10203636363636356,0.0839757575757575,-0.006400000000000033,0.045684848484848446,0.09683636363636355,-0.0027393939393939486,0.02431515151515149
3.859922178988327,-0.04232727272727272,0.027381818181818163,0.07374545454545448,0.044872727272727224,0.06312727272727266,0.0752363636363636,0.06829090909090907,0.10567272727272718,0.06774545454545444,0.10061818181818176,0.09356363636363627,0.12098181818181808,0.02512727272727271,0.07923636363636355,0.08432727272727264,0.07199999999999991,0.08738181818181812,0.07374545454545448,-0.011200000000000028,0.03589090909090906,0.0877818181818181,0.008036363636363624,0.020109090909090886
3.853684308667682,-0.043042424242424236,0.025927272727272715,0.06738181818181811,0.03895757575757572,0.054375757575757515,0.07401212121212117,0.069030303030303,0.093890909090909,0.05311515151515141,0.0847393939393939,0.06985454545454536,0.09939393939393928,0.018642424242424224,0.049878787878787814,0.07464242424242416,0.053733333333333265,0.07272727272727267,0.06351515151515146,-0.01600000000000002,0.026096969696969667,0.07872727272727266,0.01881212121212121,0.015903030303030277
3.8473471920570894,-0.024599999999999986,0.021199999999999993,0.055199999999999985,0.040999999999999995,0.0474,0.08059999999999999,0.0686,0.0858,0.03720000000000001,0.065,0.0508,0.078,0.0017999999999999971,0.031000000000000007,0.06859999999999998,0.050600000000000006,0.060399999999999995,0.053,-0.013800000000000002,0.0192,0.0696,0.031999999999999994,0.028000000000000004
3.8411498667988355,-0.02019999999999999,0.022199999999999994,0.0474,0.037,0.0422,0.0848,0.049,0.091,0.0332,0.03599999999999999,0.0456,0.0626,-0.007400000000000004,0.0248,0.062000000000000006,0.04960000000000002,0.0496,0.0334,-0.0334,0.004599999999999999,0.052799999999999986,0.0424,0.022999999999999993
3.8348538735116744,-0.015399999999999994,0.010399999999999994,0.035199999999999995,0.0298,0.027399999999999997,0.0734,0.04460000000000001,0.0836,0.0252,0.033800000000000004,0.035199999999999995,0.046200000000000005,-0.0021999999999999967,0.023400000000000008,0.052399999999999995,0.0442,0.037599999999999995,0.0218,-0.046799999999999994,0.0031999999999999993,0.0354,0.033199999999999986,-0.001200000000000006
3.828696699292926,-0.01939999999999999,-0.014000000000000005,0.0288,0.017999999999999995,0.0178,0.0562,0.039200000000000006,0.060200000000000004,0.014799999999999997,0.025800000000000003,0.029800000000000004,0.025399999999999992,-0.014200000000000006,0.004200000000000001,0.0324,0.0256,0.0208,0.018399999999999996,-0.045200000000000004,-0.0042000000000000015,0.03159999999999999,0.013799999999999996,-0.017
3.8225592650821545,-0.016999999999999998,-0.0344,0.0176,0.0252,0.03300000000000001,0.0586,0.0292,0.05,0.028000000000000018,0.0296,0.0412,0.005999999999999998,-0.029600000000000005,-0.002999999999999996,0.017599999999999998,0.0264,0.008999999999999996,0.016799999999999995,-0.028399999999999988,-0.011200000000000002,0.03540000000000001,0.019,-0.015400000000000002
3.8163240182198694,-0.011,-0.0348,0.0025999999999999986,0.030199999999999994,0.0254,0.0598,0.0208,0.0432,0.003999999999999997,0.017799999999999996,0.0344,-0.011,-0.022199999999999994,0.0016000000000000068,0.0188,0.010999999999999996,0.0056000000000000025,0.02940000000000001,-0.0304,-0.0031999999999999963,0.027600000000000003,0.023600000000000003,-0.03
3.8102261553588987,-0.0044,-0.03559999999999999,0.010400000000000005,0.046200000000000005,0.0454,0.0768,0.022,0.0434,0.023600000000000003,0.0232,0.044,-0.011599999999999996,-0.008799999999999997,0.005200000000000003,0.030800000000000004,0.0013999999999999976,0.017200000000000003,0.042,-0.0158,0.009200000000000003,0.0378,0.021999999999999995,-0.029999999999999995
3.8041477481899624,0.008000000000000004,-0.0366,0.013400000000000002,0.0466,0.051,0.08179999999999998,0.0206,0.047799999999999995,0.0448,0.0202,0.0546,-0.016799999999999995,-0.004799999999999998,0.022200000000000008,0.0232,0.006599999999999999,0.0158,0.028399999999999998,-0.0054,0.009400000000000002,0.038,0.030599999999999992,-0.012599999999999995
3.797972372813869,0.015399999999999999,-0.012399999999999993,0.0242,0.0768,0.061399999999999996,0.0852,0.033600000000000005,0.062,0.0512,0.027399999999999997,0.0734,0.0006000000000000032,-0.003399999999999999,0.0484,0.0282,0.027399999999999997,0.027399999999999997,0.038400000000000004,-0.0024000000000000037,0.023399999999999997,0.0526,0.026999999999999996,-0.015600000000000001
3.791932968410752,0.0029999999999999944,-0.007799999999999994,0.007799999999999994,0.0836,0.0644,0.09079999999999998,0.032799999999999996,0.0616,0.0504,0.019600000000000003,0.0708,0.0054,-0.0184,0.0586,0.025,0.02259999999999999,0.03,0.018199999999999997,-0.0036000000000000077,0.026600000000000002,0.02759999999999999,0.0172,-0.0272
3.7857971545460094,-0.0174,0.011400000000000004,0.0202,0.0876,0.07759999999999999,0.09240000000000001,0.0456,0.0526,0.055400000000000005,0.0332,0.0694,0.0058,-0.0037999999999999965,0.0652,0.0346,0.012599999999999998,0.028,0.017999999999999995,0.006400000000000008,0.0316,0.03159999999999999,0.0172,-0.0368
3.7797963787112114,-0.0043999999999999925,0.0218,0.0316,0.1034,0.08099999999999999,0.09199999999999998,0.069,0.0378,0.062400000000000004,0.0528,0.06459999999999999,0.016200000000000003,0.02440000000000001,0.0646,0.050600000000000006,0.006800000000000006,0.0456,0.026199999999999998,0.022399999999999996,0.0526,0.0448,0.0366,-0.019599999999999992
3.7738145961409706,-0.013800000000000002,0.04,0.038799999999999994,0.1004,0.07759999999999999,0.0736,0.0726,0.0384,0.0756,0.0518,0.0508,0.0256,0.015800000000000005,0.06,0.053200000000000004,0.0116,0.0554,0.021199999999999997,0.03519999999999999,0.048,0.046200000000000005,0.040600000000000004,-0.02060000000000001
3.767737230713135,-0.008600000000000003,0.06720000000000001,0.0324,0.11080000000000001,0.07899999999999999,0.0704,0.0742,0.05600000000000001,0.077,0.0438,0.0424,0.0334,0.032,0.07060000000000001,0.06659999999999999,0.0218,0.0724,0.024,0.044,0.0464,0.0474,0.0418,-0.014199999999999999
3.76179352607469,-0.0017999999999999989,0.0866,0.03559999999999999,0.1036,0.0628,0.059,0.07399999999999998,0.0702,0.060200000000000004,0.03239999999999999,0.0258,0.0518,0.06,0.0616,0.0624,0.023,0.0692,0.017599999999999998,0.0338,0.052,0.0366,0.0386,-0.004999999999999997
3.7558685446009394,0.011400000000000006,0.09440000000000001,0.0482,0.0986,0.07859999999999999,0.05560000000000001,0.0846,0.0804,0.08120000000000002,0.0426,0.022000000000000006,0.0632,0.0638,0.0586,0.0702,0.03359999999999999,0.069,0.014600000000000004,0.035800000000000005,0.061599999999999995,0.0396,0.0498,0.009200000000000002
3.7498487964194993,0.012600000000000002,0.08299999999999999,0.0498,0.1012,0.07540000000000001,0.047400000000000005,0.07759999999999999,0.10520000000000002,0.06899999999999999,0.0466,0.0202,0.0598,0.0626,0.0494,0.0716,0.03919999999999999,0.0638,0.008600000000000002,0.030599999999999992,0.053,0.034800000000000005,0.05740000000000001,-0.0012000000000000055
3.743961352657005,0.004,0.0686,0.048600000000000004,0.0938,0.067,0.0422,0.07799999999999999,0.0892,0.0502,0.0416,0.0009999999999999966,0.06780000000000001,0.0696,0.0508,0.0634,0.038,0.0664,0.008,0.0218,0.0538,0.021199999999999993,0.0438,-0.014599999999999998
3.7380923670565536,0.006,0.052,0.03419999999999999,0.07659999999999999,0.05019999999999999,0.031,0.065,0.0698,0.0396,0.047,-0.012400000000000001,0.056199999999999986,0.0678,0.0456,0.0458,0.022600000000000002,0.055200000000000006,-0.009,0.029,0.045,-0.0020000000000000057,0.03239999999999999,-0.016799999999999995
3.7322417529496748,0.029199999999999997,0.058,0.0562,0.0626,0.0526,0.0354,0.067,0.061799999999999994,0.054,0.0638,0.003600000000000007,0.0638,0.0834,0.0674,0.05740000000000001,0.0414,0.05679999999999999,0.0021999999999999975,0.0458,0.048600000000000004,0.013399999999999997,0.0394,-0.0019999999999999966
3.7262974426781263,0.0338,0.0444,0.05219999999999999,0.061399999999999996,0.0482,0.0318,0.061000000000000006,0.0564,0.055600000000000004,0.0512,-0.007800000000000001,0.0722,0.0684,0.0644,0.0528,0.0386,0.048600000000000004,-0.0042000000000000015,0.037,0.0458,0.0022,0.0494,-0.007399999999999999
3.7204836628761737,0.006199999999999994,0.026999999999999996,0.0366,0.038200000000000005,0.0286,0.023199999999999995,0.0474,0.05399999999999999,0.024999999999999994,0.028999999999999995,-0.030600000000000002,0.04219999999999999,0.030199999999999984,0.04339999999999999,0.022399999999999996,0.003399999999999991,0.017399999999999992,-0.0188,0.019199999999999988,0.017599999999999994,-0.023600000000000003,0.019399999999999997,-0.036000000000000004
3.7146879961654835,0.0258,0.028600000000000004,0.0494,0.039,0.0454,0.0474,0.05600000000000001,0.0596,0.02440000000000001,0.04100000000000001,-0.0218,0.04580000000000002,0.039799999999999995,0.054400000000000004,0.0202,-0.0018000000000000043,0.019400000000000008,-0.013600000000000001,0.017199999999999997,0.028399999999999998,-0.012399999999999998,0.03140000000000001,-0.020199999999999996
3.708799425734283,0.0436,0.030800000000000008,0.0742,0.04920000000000001,0.0546,0.06620000000000001,0.06459999999999999,0.05719999999999999,0.042000000000000016,0.0674,-0.004999999999999992,0.058400000000000014,0.04620000000000001,0.059,0.0212,0.002200000000000006,0.019600000000000003,-0.014400000000000001,0.0288,0.03359999999999999,-0.011800000000000001,0.0362,-0.009999999999999997
3.7030400764498594,0.0594,0.0332,0.08,0.0636,0.0734,0.09160000000000003,0.0768,0.061399999999999996,0.052,0.08059999999999999,0.0024000000000000037,0.0636,0.038,0.0702,0.037399999999999996,0.012800000000000008,0.0314,-0.007999999999999997,0.047,0.035199999999999995,-0.014,0.039200000000000006,-0.004599999999999995
3.6972985866777983,0.0584,0.0218,0.076,0.07880000000000001,0.07759999999999999,0.091,0.0654,0.0576,0.040799999999999996,0.0852,0.003000000000000001,0.06659999999999999,0.0476,0.07840000000000001,0.03,0.020800000000000006,0.038799999999999994,-0.012199999999999996,0.046799999999999994,0.027,-0.003599999999999997,0.032600000000000004,-0.0102
3.6915748734742486,0.064,0.03400000000000001,0.0606,0.0896,0.08020000000000001,0.10239999999999998,0.069,0.05500000000000001,0.06680000000000001,0.0922,0.011000000000000008,0.08620000000000001,0.0592,0.0876,0.0366,0.04300000000000001,0.0518,-0.004799999999999995,0.0572,0.0384,0.005600000000000005,0.0396,0.0015999999999999975
3.68575929613887,0.060399999999999995,0.0522,0.0634,0.10180000000000002,0.08220000000000001,0.09999999999999999,0.0828,0.0682,0.07959999999999999,0.09720000000000001,0.029800000000000004,0.0848,0.0562,0.0852,0.045200000000000004,0.044,0.0554,0.008600000000000009,0.068,0.0312,0.012000000000000002,0.0504,0.0166
3.680071227185042,0.05919999999999999,0.0616,0.082,0.105,0.09620000000000001,0.0952,0.0888,0.075,0.093,0.0952,0.0476,0.09779999999999998,0.06720000000000001,0.1056,0.0594,0.03839999999999998,0.056600000000000004,0.0264,0.0746,0.041400000000000006,0.019799999999999995,0.059,0.0208
3.6744006874685153,0.047,0.0742,0.07979999999999998,0.114,0.1072,0.09179999999999998,0.102,0.0892,0.1012,0.0938,0.046799999999999994,0.1124,0.0762,0.1124,0.056,0.030600000000000002,0.06719999999999998,0.042,0.0658,0.04920000000000001,0.02940000000000001,0.055600000000000004,0.014999999999999998
3.668639053254438,0.0482,0.08480000000000001,0.0902,0.1192,0.1146,0.09499999999999999,0.10840000000000001,0.098,0.10699999999999998,0.11320000000000001,0.068,0.1194,0.10480000000000002,0.1266,0.0582,0.040600000000000004,0.0876,0.0596,0.07479999999999999,0.055400000000000005,0.046799999999999994,0.0654,0.03180000000000001
3.6630036630036633,0.06,0.09540000000000001,0.10119999999999997,0.12599999999999997,0.12699999999999997,0.11059999999999998,0.1092,0.11100000000000002,0.13119999999999998,0.12819999999999998,0.08679999999999999,0.1396,0.1296,0.14539999999999997,0.0746,0.0674,0.1158,0.0778,0.0948,0.07019999999999998,0.06720000000000001,0.0716,0.048
3.65738555922605,0.06520000000000001,0.10080000000000001,0.083,0.1226,0.12819999999999998,0.11099999999999999,0.09820000000000001,0.11259999999999999,0.1284,0.1102,0.0864,0.1268,0.1282,0.1512,0.0756,0.07859999999999999,0.1172,0.0772,0.0928,0.07759999999999999,0.053599999999999995,0.0732,0.04719999999999999
3.6517846625044172,0.0654,0.10440000000000002,0.052,0.1092,0.1274,0.1102,0.0864,0.11059999999999999,0.1146,0.08720000000000001,0.082,0.1196,0.1276,0.146,0.0836,0.0716,0.1042,0.075,0.06719999999999998,0.091,0.0508,0.086,0.0456
3.646093681084419,0.06119999999999999,0.11220000000000002,0.06520000000000002,0.11520000000000001,0.1222,0.1128,0.09200000000000001,0.11080000000000001,0.116,0.08700000000000001,0.0988,0.1352,0.1542,0.1496,0.08620000000000001,0.0668,0.10900000000000001,0.08259999999999999,0.0636,0.10600000000000002,0.0624,0.09600000000000002,0.0518
3.640527289275124,0.056600000000000004,0.12020000000000002,0.07579999999999999,0.11200000000000002,0.1088,0.1232,0.102,0.1124,0.12040000000000001,0.078,0.0986,0.13779999999999998,0.14859999999999998,0.1414,0.09459999999999999,0.0592,0.11059999999999999,0.08379999999999999,0.05919999999999999,0.10480000000000002,0.049,0.086,0.0666
3.63497786767508,0.05419999999999999,0.1206,0.0872,0.0906,0.102,0.1026,0.1024,0.0854,0.09159999999999999,0.0678,0.0886,0.11999999999999998,0.1366,0.12539999999999998,0.0836,0.0492,0.10640000000000001,0.07940000000000001,0.0482,0.0922,0.0446,0.0726,0.0632
3.629445338797015,0.056,0.1282,0.07799999999999999,0.08,0.10840000000000001,0.08879999999999998,0.09879999999999999,0.0884,0.09040000000000001,0.0636,0.07640000000000001,0.12040000000000001,0.1356,0.10259999999999998,0.0878,0.0576,0.11080000000000001,0.07379999999999999,0.0448,0.1022,0.0412,0.0684,0.0576
3.6239296256246893,0.06539999999999997,0.13639999999999997,0.0768,0.0814,0.12,0.10679999999999999,0.1102,0.11040000000000003,0.1028,0.06420000000000001,0.0742,0.115,0.13779999999999998,0.09,0.1014,0.08220000000000001,0.134,0.08220000000000002,0.0526,0.099,0.053200000000000004,0.08380000000000001,0.07600000000000001
3.618325065655092,0.0606,0.12240000000000001,0.06599999999999999,0.0752,0.10200000000000001,0.09620000000000001,0.09040000000000001,0.09680000000000001,0.08079999999999998,0.0526,0.06459999999999999,0.0874,0.12240000000000001,0.074,0.09699999999999999,0.0746,0.1254,0.0832,0.0598,0.08259999999999999,0.0434,0.0788,0.06819999999999998
3.6128430744129125,0.055,0.1152,0.049999999999999996,0.07599999999999998,0.0916,0.0866,0.08220000000000001,0.08699999999999998,0.0714,0.038200000000000005,0.061200000000000004,0.0734,0.1006,0.06880000000000001,0.0932,0.0742,0.1076,0.0736,0.0606,0.061200000000000004,0.0252,0.059,0.0632
3.6073776691685575,0.0484,0.117,0.04579999999999998,0.0874,0.09620000000000001,0.0836,0.09340000000000001,0.0804,0.0694,0.0404,0.07540000000000001,0.0852,0.1066,0.0654,0.0964,0.0872,0.1002,0.0684,0.0636,0.0586,0.0292,0.059,0.0756
3.6019287747632602,0.02359999999999999,0.112,0.0384,0.0862,0.0876,0.07019999999999998,0.0886,0.0668,0.0512,0.02759999999999999,0.0662,0.08059999999999999,0.1088,0.04779999999999999,0.096,0.0756,0.07999999999999999,0.057999999999999996,0.0594,0.03239999999999999,0.031,0.0404,0.062400000000000004
3.596496316491676,0.004399999999999997,0.11600000000000002,0.048,0.08099999999999999,0.0874,0.0482,0.09720000000000001,0.068,0.0444,0.021,0.060200000000000004,0.0686,0.0938,0.047,0.08099999999999999,0.0798,0.07440000000000001,0.0586,0.06119999999999999,0.019199999999999995,0.026600000000000002,0.011799999999999998,0.053000000000000005
3.590976224262257,-0.0044,0.10840000000000001,0.0422,0.067,0.0868,0.029199999999999997,0.1036,0.0606,0.036000000000000004,0.029200000000000007,0.054400000000000004,0.053000000000000005,0.06919999999999998,0.042,0.07759999999999999,0.079,0.056199999999999986,0.0572,0.0526,0.0228,0.029800000000000004,-0.0076,0.0344
3.5855767284503948,-0.015,0.1212,0.0314,0.0564,0.08199999999999999,0.005799999999999999,0.08799999999999998,0.0528,0.02159999999999999,0.036000000000000004,0.054799999999999995,0.039,0.0658,0.0332,0.067,0.084,0.039799999999999995,0.0498,0.0642,0.029,0.0294,-0.0038,0.0202
3.5801934459361915,-0.029199999999999997,0.12359999999999999,0.027600000000000003,0.0606,0.0792,0.0037999999999999974,0.0814,0.0772,0.03300000000000001,0.038200000000000005,0.062,0.0396,0.0678,0.051000000000000004,0.0662,0.0866,0.027000000000000003,0.0616,0.0716,0.027399999999999997,0.020399999999999998,0.009400000000000002,0.027600000000000003
3.574826303802577,-0.0258,0.12599999999999997,0.0454,0.07640000000000002,0.09140000000000001,0.02840000000000001,0.09540000000000001,0.07659999999999999,0.0294,0.0456,0.09540000000000001,0.0512,0.0688,0.078,0.07859999999999999,0.09620000000000002,0.039800000000000016,0.078,0.07680000000000001,0.047400000000000005,0.0316,0.0208,0.041000000000000016
3.5694752295690724,-0.027199999999999995,0.1386,0.05780000000000002,0.091,0.1022,0.03280000000000001,0.10320000000000001,0.0674,0.03520000000000001,0.0682,0.10959999999999999,0.061,0.08020000000000001,0.07940000000000001,0.0768,0.09420000000000002,0.04380000000000002,0.0824,0.0746,0.0742,0.04900000000000001,0.016,0.04340000000000001
3.564037709818349,-0.017999999999999995,0.13479999999999998,0.0658,0.0986,0.1174,0.037200000000000004,0.11159999999999999,0.07659999999999999,0.038,0.08020000000000001,0.1202,0.0704,0.0884,0.0732,0.0842,0.10020000000000001,0.047400000000000005,0.0654,0.0694,0.0854,0.06,0.019999999999999993,0.06
3.5587188612099645,-0.018800000000000004,0.13639999999999997,0.0732,0.0916,0.1206,0.0442,0.1114,0.0888,0.036,0.082,0.1152,0.0642,0.084,0.0594,0.08339999999999997,0.0888,0.0512,0.051,0.0588,0.0978,0.05779999999999999,0.0288,0.044
3.5534158642824396,-0.002399999999999995,0.1402,0.0932,0.08259999999999999,0.12079999999999999,0.047799999999999995,0.097,0.0842,0.040600000000000004,0.08159999999999999,0.10779999999999999,0.055200000000000006,0.07640000000000001,0.056799999999999996,0.08379999999999999,0.0792,0.055200000000000006,0.0432,0.06260000000000002,0.1028,0.0538,0.03359999999999999,0.04300000000000001
3.548128648277441,0.009200000000000002,0.14959999999999998,0.1062,0.1044,0.12040000000000001,0.0606,0.1092,0.1042,0.0664,0.108,0.13520000000000001,0.0706,0.0724,0.06399999999999999,0.09820000000000001,0.0958,0.0832,0.0582,0.0874,0.12479999999999998,0.063,0.0518,0.0714
3.5428571428571427,0.008599999999999995,0.11619999999999997,0.08199999999999999,0.0942,0.1144,0.06039999999999998,0.10259999999999998,0.0974,0.0716,0.109,0.131,0.0706,0.07659999999999999,0.046200000000000005,0.1046,0.08259999999999999,0.092,0.0544,0.08979999999999999,0.13979999999999998,0.071,0.06179999999999999,0.072
3.537601278101107,0.005399999999999999,0.1042,0.06919999999999998,0.08779999999999999,0.1172,0.06039999999999998,0.0788,0.10079999999999999,0.0782,0.10239999999999998,0.1212,0.0624,0.092,0.0318,0.09359999999999999,0.075,0.1012,0.06020000000000001,0.0864,0.12819999999999998,0.0638,0.0698,0.082
3.5323609845031902,0.014200000000000003,0.09799999999999999,0.07899999999999999,0.09279999999999998,0.12919999999999998,0.07759999999999999,0.09820000000000001,0.1082,0.09759999999999999,0.12040000000000001,0.139,0.07900000000000001,0.1002,0.0436,0.09600000000000002,0.06499999999999999,0.10579999999999998,0.08120000000000001,0.0832,0.123,0.07959999999999999,0.07579999999999999,0.103
3.5270358676792672,0.015799999999999998,0.102,0.0882,0.09459999999999999,0.1448,0.09820000000000001,0.10859999999999999,0.09540000000000001,0.1008,0.1202,0.13820000000000002,0.09459999999999999,0.0996,0.0364,0.1002,0.05,0.10999999999999999,0.061399999999999996,0.07859999999999999,0.12940000000000002,0.0832,0.06799999999999999,0.1138
3.521826805646284,0.0057999999999999935,0.08799999999999998,0.0782,0.08720000000000001,0.12959999999999997,0.09999999999999999,0.0832,0.0876,0.0986,0.11579999999999997,0.10879999999999998,0.0828,0.0992,0.023600000000000003,0.09340000000000002,0.03540000000000001,0.08599999999999998,0.0442,0.0706,0.11120000000000001,0.0746,0.045399999999999996,0.09899999999999999
3.5166331073991093,-0.0037999999999999996,0.0676,0.05460000000000001,0.0648,0.11120000000000001,0.0844,0.06079999999999999,0.07099999999999998,0.0824,0.0958,0.1016,0.063,0.07299999999999998,0.019600000000000003,0.0896,0.0338,0.06900000000000002,0.0288,0.0546,0.0762,0.0526,0.038799999999999994,0.08279999999999998
3.511454705066123,-0.002599999999999998,0.0762,0.06000000000000001,0.07280000000000002,0.11179999999999998,0.089,0.06919999999999998,0.0716,0.09340000000000001,0.09359999999999999,0.096,0.0638,0.0756,0.026199999999999998,0.09820000000000001,0.0416,0.0724,0.04880000000000002,0.04959999999999999,0.0624,0.045,0.0492,0.0842
3.506291531174891,0.0027999999999999995,0.075,0.063,0.07940000000000001,0.10940000000000001,0.09179999999999999,0.079,0.08120000000000001,0.1,0.09720000000000001,0.0908,0.0742,0.08499999999999999,0.0188,0.09820000000000001,0.056600000000000004,0.08720000000000001,0.0722,0.05819999999999999,0.0518,0.04779999999999999,0.040600000000000004,0.09479999999999998
3.501143518649236,-0.027400000000000008,0.058,0.05180000000000002,0.069,0.09119999999999998,0.0652,0.07959999999999998,0.07540000000000001,0.0948,0.0772,0.07800000000000001,0.06,0.0814,0.015599999999999994,0.07299999999999998,0.0466,0.07879999999999998,0.07019999999999998,0.034799999999999984,0.038200000000000005,0.0444,0.035199999999999995,0.0872
3.496010600806338,-0.042,0.0456,0.06060000000000001,0.0636,0.0864,0.05019999999999998,0.07599999999999998,0.0676,0.0856,0.06199999999999999,0.0574,0.05780000000000002,0.08259999999999999,0.005999999999999997,0.064,0.037399999999999996,0.064,0.07579999999999999,0.019199999999999995,0.03500000000000001,0.0338,0.032,0.06679999999999998
3.490892711353847,-0.0446,0.0582,0.07379999999999998,0.0626,0.07179999999999999,0.05619999999999998,0.062,0.0724,0.08199999999999999,0.06860000000000001,0.058,0.0746,0.0762,0.0132,0.0606,0.03299999999999999,0.04919999999999999,0.0832,0.018600000000000002,0.025,0.025399999999999995,0.0304,0.0644
3.485789784387035,-0.0416,0.052,0.08080000000000001,0.0734,0.06459999999999999,0.0664,0.0688,0.07959999999999999,0.0838,0.06599999999999999,0.0632,0.081,0.0606,0.024000000000000007,0.06620000000000001,0.034199999999999994,0.05360000000000001,0.0726,0.02019999999999999,0.027399999999999997,0.032600000000000004,0.031,0.0676
3.480604053219559,-0.0416,0.0572,0.0886,0.07640000000000001,0.0658,0.0644,0.0698,0.0882,0.08339999999999997,0.049600000000000005,0.056600000000000004,0.0834,0.0578,0.019399999999999997,0.07780000000000001,0.0436,0.07880000000000002,0.0782,0.026000000000000002,0.038200000000000005,0.020399999999999998,0.044000000000000004,0.06520000000000001
3.4755311396378725,-0.026,0.06780000000000001,0.093,0.09,0.06659999999999999,0.07019999999999998,0.08580000000000002,0.12020000000000002,0.093,0.06680000000000001,0.0702,0.08059999999999999,0.076,0.02940000000000001,0.096,0.0726,0.0986,0.10140000000000002,0.048,0.052399999999999995,0.028800000000000003,0.057600000000000005,0.0676
3.4704729918835713,-0.02,0.06879999999999999,0.07499999999999998,0.0906,0.0696,0.0518,0.083,0.1174,0.0874,0.0526,0.06459999999999999,0.076,0.0798,0.03260000000000001,0.0808,0.0704,0.09140000000000001,0.0846,0.0484,0.0378,0.0248,0.07,0.0624
3.4654295455815776,-0.004999999999999995,0.06719999999999998,0.06999999999999998,0.088,0.0704,0.0578,0.07959999999999999,0.11899999999999998,0.085,0.0498,0.065,0.07740000000000001,0.0896,0.029800000000000004,0.07300000000000001,0.06459999999999999,0.08279999999999998,0.08399999999999999,0.0522,0.0394,0.02459999999999999,0.06179999999999999,0.0562
3.4604007367304797,-0.020800000000000006,0.0528,0.0662,0.07279999999999999,0.054200000000000005,0.061799999999999994,0.0592,0.11040000000000001,0.0854,0.047799999999999995,0.067,0.081,0.0846,0.028000000000000004,0.061399999999999996,0.055,0.07099999999999998,0.07740000000000001,0.066,0.0506,0.0268,0.05560000000000001,0.047200000000000006
3.4553865016998273,-0.0198,0.0576,0.07640000000000001,0.07759999999999999,0.0576,0.062200000000000005,0.06459999999999999,0.1034,0.1016,0.05,0.089,0.0866,0.08499999999999999,0.055600000000000004,0.0716,0.0508,0.0496,0.0724,0.07880000000000001,0.0644,0.047800000000000016,0.0804,0.0508
3.4503867772274472,-0.003400000000000003,0.05719999999999999,0.0688,0.0862,0.0654,0.08680000000000002,0.07540000000000001,0.1066,0.0984,0.06179999999999999,0.0928,0.09559999999999999,0.08120000000000001,0.0652,0.08299999999999999,0.054799999999999995,0.045799999999999993,0.0778,0.0958,0.06659999999999999,0.0512,0.0858,0.039799999999999995
3.4454015004167826,0.012,0.0584,0.055600000000000004,0.087,0.0788,0.1008,0.0864,0.11399999999999999,0.09620000000000001,0.07399999999999998,0.1006,0.0912,0.09219999999999998,0.0768,0.08220000000000001,0.068,0.05899999999999999,0.08259999999999998,0.097,0.06760000000000001,0.05279999999999999,0.0942,0.045200000000000004
3.440430608734254,0.011399999999999997,0.055799999999999995,0.062200000000000005,0.09399999999999999,0.09620000000000001,0.1024,0.10779999999999999,0.11139999999999997,0.11359999999999999,0.0742,0.09079999999999998,0.0728,0.09779999999999998,0.07599999999999998,0.0658,0.07440000000000001,0.06719999999999997,0.07939999999999997,0.10520000000000002,0.052,0.0464,0.0846,0.0476
3.4354740400066492,-0.009800000000000008,0.06839999999999997,0.0522,0.07499999999999998,0.10220000000000001,0.09679999999999998,0.10980000000000001,0.09399999999999999,0.11179999999999998,0.0586,0.09059999999999999,0.0616,0.09299999999999999,0.0642,0.0518,0.0698,0.0572,0.0718,0.10540000000000002,0.02899999999999998,0.035,0.05799999999999998,0.0268
3.430531732418525,-0.0206,0.0626,0.04600000000000001,0.064,0.0992,0.08899999999999998,0.10520000000000002,0.0726,0.0992,0.0442,0.08399999999999999,0.0418,0.09079999999999999,0.0648,0.02759999999999999,0.06500000000000002,0.034800000000000005,0.055,0.09680000000000001,0.0214,0.04,0.0396,0.010600000000000005
3.425603624509641,-0.02559999999999999,0.0554,0.046,0.0474,0.0938,0.0706,0.0824,0.0506,0.0798,0.025800000000000003,0.061399999999999996,0.026999999999999996,0.08020000000000001,0.062200000000000005,0.0062,0.054799999999999995,0.025600000000000005,0.0484,0.0778,0.005599999999999998,0.036,0.0232,-0.002399999999999997
3.420689655172414,-0.01679999999999999,0.05280000000000002,0.06520000000000001,0.038799999999999994,0.09240000000000001,0.08,0.0968,0.06520000000000001,0.077,0.04200000000000001,0.0742,0.02559999999999999,0.082,0.06,0.0166,0.0716,0.039200000000000006,0.06599999999999999,0.0814,0.0172,0.035,0.018,0.0028
3.4157897636493857,-0.028399999999999995,0.045,0.0852,0.0418,0.087,0.0874,0.1056,0.0652,0.07,0.0466,0.0664,0.03439999999999999,0.087,0.055600000000000004,0.0037999999999999983,0.08059999999999999,0.0454,0.063,0.0726,0.0238,0.0324,0.0288,0.0038
3.4109038895307253,-0.020999999999999998,0.055600000000000004,0.089,0.0564,0.093,0.07740000000000001,0.12339999999999998,0.06420000000000001,0.061399999999999996,0.0492,0.05940000000000001,0.021199999999999997,0.0916,0.049,0.0028,0.0872,0.049,0.057,0.06359999999999999,0.019399999999999997,0.0356,0.0364,0.003800000000000001
3.406031972751744,-0.015999999999999993,0.0664,0.09459999999999999,0.0538,0.1102,0.0886,0.126,0.0668,0.055799999999999995,0.06220000000000001,0.0598,0.006199999999999998,0.0958,0.054400000000000004,0.006000000000000008,0.10740000000000001,0.061,0.0624,0.077,0.0242,0.041400000000000006,0.027400000000000008,0.006000000000000004
3.401173953590433,-0.01819999999999999,0.0842,0.1164,0.0502,0.1206,0.08159999999999999,0.1316,0.0844,0.061200000000000004,0.08,0.066,0.006599999999999998,0.1014,0.065,0.009600000000000003,0.11820000000000001,0.0624,0.0692,0.089,0.039,0.04240000000000001,0.0288,0.012399999999999998
3.3963297726650232,-0.0314,0.092,0.1232,0.0516,0.12140000000000001,0.0842,0.12739999999999999,0.0858,0.0648,0.06799999999999999,0.0576,0.0104,0.0882,0.0644,0.007600000000000006,0.10779999999999999,0.057,0.0736,0.105,0.047200000000000006,0.0526,0.02,0.0094
3.391499370931568,-0.0228,0.099,0.13079999999999997,0.074,0.129,0.0938,0.1258,0.10640000000000001,0.056,0.06759999999999998,0.0762,0.0192,0.0942,0.0706,0.0272,0.12019999999999997,0.065,0.0844,0.12160000000000003,0.062200000000000005,0.0694,0.0436,0.0238
3.3866826896815425,-0.019800000000000005,0.083,0.12879999999999997,0.07679999999999998,0.10899999999999999,0.07679999999999998,0.1092,0.09820000000000001,0.0428,0.07499999999999998,0.0588,0.0192,0.0868,0.077,0.027800000000000002,0.1102,0.0578,0.07379999999999998,0.10479999999999998,0.06919999999999998,0.057,0.0394,0.030600000000000002
3.381879670539464,-0.017599999999999998,0.0788,0.10999999999999999,0.07640000000000001,0.0964,0.0834,0.109,0.1032,0.0484,0.07759999999999997,0.0504,0.0246,0.08120000000000001,0.07740000000000001,0.043,0.1008,0.049999999999999996,0.05379999999999998,0.0922,0.055799999999999995,0.0448,0.03439999999999999,0.039
3.377090255460537,-0.016999999999999994,0.07539999999999998,0.0906,0.0874,0.08279999999999998,0.0852,0.1128,0.09979999999999999,0.06380000000000002,0.08799999999999998,0.0608,0.0412,0.07740000000000001,0.06720000000000001,0.0528,0.0874,0.051,0.0536,0.0918,0.045399999999999996,0.0362,0.038400000000000004,0.0386
3.3723143867283114,-0.014199999999999992,0.0814,0.087,0.0994,0.08179999999999998,0.09599999999999999,0.10859999999999999,0.0974,0.08420000000000001,0.09379999999999998,0.05880000000000002,0.0546,0.077,0.07540000000000001,0.061799999999999994,0.06659999999999999,0.05420000000000001,0.0632,0.09140000000000001,0.0516,0.048,0.047200000000000006,0.042
3.3675520069523652,-0.004599999999999992,0.10459999999999998,0.07840000000000001,0.10640000000000001,0.0896,0.09659999999999999,0.1124,0.1114,0.09559999999999999,0.0974,0.0508,0.05,0.07379999999999999,0.0882,0.0758,0.04479999999999999,0.0474,0.0616,0.09740000000000001,0.0508,0.0496,0.045,0.0396
3.3628030590660085,0.0018000000000000043,0.1142,0.07440000000000001,0.10899999999999999,0.1014,0.10480000000000002,0.11440000000000002,0.12359999999999999,0.10880000000000001,0.1034,0.0498,0.0726,0.07379999999999999,0.0996,0.08680000000000002,0.036,0.0538,0.06800000000000002,0.10300000000000001,0.0624,0.0466,0.04240000000000001,0.0438
3.3580674863239994,0.0058000000000000065,0.1022,0.0684,0.11579999999999999,0.0952,0.10040000000000002,0.10900000000000001,0.1176,0.11180000000000001,0.097,0.038799999999999994,0.0994,0.0756,0.0992,0.0888,0.03560000000000001,0.0564,0.0656,0.08820000000000001,0.052,0.0424,0.04240000000000001,0.036
3.353345232300287,0.0031999999999999915,0.097,0.054200000000000005,0.135,0.1034,0.10900000000000001,0.11280000000000001,0.1124,0.1088,0.0768,0.0396,0.10399999999999998,0.07840000000000001,0.1004,0.1154,0.0394,0.0684,0.06659999999999999,0.07940000000000001,0.04,0.0438,0.0386,0.040199999999999986
3.348636240885768,0.02040000000000001,0.089,0.0496,0.14439999999999997,0.09399999999999999,0.099,0.1164,0.10820000000000002,0.1044,0.07840000000000001,0.0492,0.1022,0.0882,0.106,0.1276,0.0492,0.0752,0.0616,0.0734,0.0294,0.043,0.0316,0.0456
3.343940456286069,0.03300000000000001,0.093,0.048600000000000004,0.13679999999999998,0.0782,0.0916,0.12079999999999998,0.09820000000000001,0.09820000000000001,0.0818,0.0442,0.1178,0.0882,0.1092,0.13,0.0522,0.0854,0.06559999999999999,0.056600000000000004,0.0304,0.0354,0.0268,0.0412
3.3392578230193357,0.048600000000000004,0.1164,0.0704,0.1466,0.0916,0.11420000000000002,0.13979999999999998,0.12560000000000002,0.115,0.07840000000000001,0.06119999999999999,0.12919999999999998,0.11080000000000001,0.12359999999999999,0.147,0.08020000000000001,0.1146,0.0932,0.0688,0.05720000000000001,0.0554,0.054,0.05240000000000001
3.3345882859140534,0.055600000000000004,0.123,0.08379999999999999,0.153,0.10239999999999998,0.10980000000000001,0.139,0.143,0.12,0.0868,0.07940000000000001,0.133,0.1142,0.13140000000000002,0.1632,0.09580000000000001,0.1362,0.1184,0.0638,0.08000000000000002,0.0746,0.06160000000000001,0.0396
3.32993179010688,0.06860000000000001,0.125,0.1014,0.1612,0.11119999999999998,0.1264,0.13219999999999998,0.14520000000000002,0.122,0.0888,0.0756,0.1226,0.11879999999999999,0.14980000000000002,0.1692,0.0996,0.13,0.1162,0.0666,0.10400000000000001,0.101,0.0682,0.048
3.3252882810404936,0.065,0.1348,0.10799999999999998,0.16319999999999998,0.1172,0.1288,0.12799999999999997,0.1484,0.1274,0.07980000000000001,0.0838,0.129,0.1172,0.15159999999999998,0.15979999999999997,0.115,0.1258,0.119,0.07959999999999999,0.0876,0.11099999999999999,0.0716,0.057
3.320657704461464,0.06420000000000001,0.1232,0.115,0.15979999999999994,0.11279999999999998,0.1212,0.11999999999999998,0.1502,0.13019999999999998,0.07659999999999999,0.08539999999999998,0.13279999999999997,0.1292,0.146,0.1588,0.1416,0.12940000000000002,0.12959999999999997,0.0906,0.0932,0.1118,0.07940000000000001,0.0694
3.316040006418142,0.060399999999999995,0.10399999999999998,0.11359999999999999,0.13859999999999997,0.1002,0.1076,0.1014,0.13639999999999997,0.12440000000000001,0.0664,0.07239999999999998,0.1186,0.1242,0.1422,0.148,0.14239999999999997,0.1192,0.12099999999999998,0.08139999999999997,0.0836,0.09040000000000001,0.07859999999999999,0.0634
3.311435133258559,0.07160000000000001,0.10999999999999999,0.1166,0.13359999999999997,0.11220000000000001,0.1146,0.1,0.1488,0.12340000000000001,0.0696,0.07980000000000001,0.115,0.12440000000000001,0.1394,0.1526,0.12499999999999999,0.12279999999999998,0.1144,0.08539999999999998,0.0986,0.0808,0.085,0.08600000000000002
3.3068430316283535,0.0824,0.1264,0.1242,0.12459999999999999,0.12240000000000001,0.11259999999999998,0.088,0.15180000000000002,0.13340000000000002,0.1034,0.08779999999999999,0.12699999999999997,0.1358,0.13639999999999997,0.14859999999999998,0.11799999999999998,0.1324,0.12140000000000001,0.08679999999999999,0.11220000000000001,0.07940000000000001,0.096,0.0974
3.3023515939172814,0.081,0.1584,0.13319999999999999,0.119,0.13479999999999998,0.1222,0.0908,0.162,0.14759999999999998,0.12580000000000002,0.0974,0.13739999999999997,0.1326,0.1314,0.13559999999999997,0.11299999999999999,0.13219999999999998,0.12179999999999999,0.09459999999999999,0.1124,0.083,0.1154,0.1016
3.29778463338741,0.09,0.1668,0.1408,0.12919999999999998,0.15639999999999998,0.1358,0.09460000000000002,0.1672,0.16,0.141,0.10639999999999998,0.13639999999999997,0.1384,0.14019999999999996,0.12879999999999997,0.11139999999999997,0.12439999999999997,0.1314,0.09459999999999999,0.11699999999999998,0.091,0.124,0.10820000000000002
3.293230287095318,0.1014,0.1482,0.136,0.1326,0.1574,0.13779999999999998,0.083,0.1528,0.1406,0.1546,0.11300000000000002,0.1328,0.12459999999999997,0.12279999999999999,0.12699999999999997,0.10940000000000001,0.113,0.12140000000000001,0.1044,0.10779999999999999,0.08799999999999998,0.12479999999999998,0.08539999999999998
3.288688502851081,0.08940000000000001,0.1276,0.1348,0.1284,0.15139999999999998,0.12819999999999998,0.07799999999999999,0.137,0.1312,0.14079999999999998,0.1016,0.1272,0.11099999999999999,0.10999999999999999,0.1174,0.09580000000000001,0.09540000000000001,0.104,0.1164,0.09179999999999999,0.0788,0.11879999999999999,0.0852
3.2841592287522845,0.061399999999999996,0.112,0.11320000000000001,0.1014,0.138,0.08799999999999998,0.077,0.10919999999999996,0.11220000000000001,0.12619999999999998,0.0968,0.1186,0.09579999999999998,0.09299999999999999,0.10640000000000001,0.077,0.07840000000000001,0.09240000000000001,0.0986,0.0746,0.0456,0.1014,0.076
3.2796424131820467,0.04919999999999999,0.09640000000000001,0.10399999999999998,0.09240000000000002,0.11599999999999999,0.0728,0.06819999999999998,0.09859999999999997,0.08999999999999998,0.122,0.094,0.10380000000000002,0.08979999999999998,0.0752,0.1088,0.0582,0.0694,0.07019999999999998,0.075,0.0696,0.0224,0.07979999999999998,0.05299999999999999
3.275138004807057,0.024399999999999995,0.091,0.095,0.08900000000000001,0.10259999999999998,0.06939999999999998,0.06259999999999999,0.08659999999999997,0.07740000000000001,0.1114,0.09399999999999999,0.0994,0.07959999999999999,0.06959999999999998,0.10159999999999998,0.034600000000000006,0.06019999999999999,0.0652,0.06520000000000001,0.0644,0.0188,0.06279999999999998,0.04519999999999999
3.2706459525756335,0.007800000000000001,0.0838,0.09040000000000001,0.09040000000000001,0.1028,0.06679999999999998,0.05879999999999999,0.07859999999999996,0.068,0.1022,0.09659999999999998,0.09899999999999999,0.07159999999999998,0.048600000000000004,0.0866,0.0272,0.05439999999999998,0.05339999999999998,0.0688,0.0506,0.0304,0.056199999999999986,0.0376
3.266166205715791,-0.014799999999999995,0.066,0.08100000000000002,0.07840000000000001,0.07440000000000001,0.0564,0.0484,0.0516,0.060200000000000004,0.09380000000000001,0.08179999999999998,0.09559999999999999,0.0636,0.013799999999999993,0.05940000000000001,0.0208,0.046400000000000004,0.0644,0.059000000000000004,0.03379999999999999,0.023199999999999995,0.0432,0.014600000000000004
3.2617845117845117,-0.014199999999999992,0.0368,0.063,0.0704,0.052,0.047,0.047200000000000006,0.03439999999999999,0.0438,0.063,0.0598,0.09359999999999999,0.0458,-0.0021999999999999993,0.033399999999999985,0.016399999999999998,0.02839999999999999,0.0482,0.0424,0.0218,0.013199999999999996,0.025599999999999987,0.009800000000000007
3.257328990228013,-0.021999999999999995,-0.009400000000000004,0.05820000000000001,0.0538,0.0426,0.0286,0.0474,0.0057999999999999935,0.045200000000000004,0.042,0.04240000000000001,0.0842,0.0428,-0.009800000000000005,0.025399999999999992,0.0172,0.014399999999999996,0.0344,0.023199999999999995,0.013399999999999999,0.0036,0.0094,0.008000000000000002
3.2528856243441764,-0.040799999999999996,-0.021999999999999995,0.0528,0.038200000000000005,0.02840000000000001,0.029800000000000004,0.0414,-0.003599999999999995,0.041400000000000006,0.023399999999999997,0.023,0.0752,0.0434,-0.013799999999999996,0.038599999999999995,0.014799999999999997,0.016000000000000004,0.0222,0.013599999999999996,0.0034000000000000002,-0.0027999999999999995,-0.005599999999999998,0.0022000000000000027
3.248454364455622,-0.059,-0.0212,0.0426,0.038,0.0246,0.028600000000000007,0.0438,0.0008000000000000024,0.03499999999999999,0.0146,-0.009600000000000003,0.08320000000000002,0.040600000000000004,-0.010999999999999996,0.0424,0.009600000000000003,0.013200000000000003,0.02,-0.001600000000000003,0.001600000000000004,-0.015399999999999999,-0.018800000000000004,0.02840000000000001
3.244035161155295,-0.056400000000000006,-0.016599999999999997,0.0484,0.037200000000000004,0.018600000000000002,0.0378,0.05960000000000001,0.008200000000000002,0.024999999999999994,0.017999999999999995,-0.0027999999999999935,0.0984,0.0422,-0.0027999999999999956,0.0288,0.0202,0.0106,0.027800000000000005,0.002800000000000004,0.014800000000000008,-0.010199999999999996,-0.016599999999999993,0.036
3.2396279653046296,-0.0516,-0.003399999999999994,0.072,0.0588,0.029200000000000007,0.0682,0.06340000000000001,0.049600000000000005,0.028,0.0232,0.00860000000000001,0.1134,0.06480000000000001,0.010600000000000007,0.025,0.0428,0.0254,0.049600000000000005,0.029199999999999997,0.024800000000000003,0.014200000000000006,0.0026000000000000055,0.047
3.2352327280317263,-0.054000000000000006,-0.014400000000000001,0.074,0.055,0.042,0.0734,0.05579999999999999,0.0528,0.03219999999999999,0.019199999999999995,-0.008,0.11799999999999998,0.0644,0.0075999999999999965,0.025600000000000005,0.0606,0.024000000000000004,0.0504,0.03439999999999999,0.032,0.0286,0.009,0.0544
3.2309335834701267,-0.0446,-0.017799999999999996,0.09259999999999999,0.0494,0.0644,0.07659999999999999,0.0628,0.0628,0.03599999999999999,0.03360000000000001,0.001600000000000007,0.1254,0.0716,0.0076,0.0346,0.064,0.038800000000000015,0.0606,0.03439999999999999,0.032600000000000004,0.039,0.0294,0.07
3.2265618901407715,-0.0332,-0.0015999999999999988,0.1014,0.055,0.0626,0.0788,0.07579999999999999,0.07740000000000001,0.041,0.0454,0.011200000000000002,0.12099999999999998,0.084,0.015399999999999999,0.051,0.078,0.053200000000000004,0.07980000000000001,0.039799999999999995,0.0402,0.0528,0.0378,0.0844
3.222202011277707,-0.0358,0.0034000000000000002,0.0912,0.0496,0.0502,0.060399999999999995,0.0664,0.0736,0.0326,0.027799999999999995,0.0074,0.09059999999999999,0.0772,0.0228,0.040600000000000004,0.0684,0.05180000000000002,0.06719999999999998,0.02339999999999999,0.02259999999999999,0.04879999999999999,0.025199999999999997,0.08020000000000001
3.217853899052809,-0.03359999999999999,0.023600000000000006,0.1114,0.054799999999999995,0.06,0.0632,0.06559999999999999,0.0836,0.0446,0.047799999999999995,0.031,0.08120000000000001,0.0862,0.039799999999999995,0.055600000000000004,0.07039999999999998,0.06900000000000002,0.07940000000000001,0.0354,0.033800000000000004,0.063,0.034,0.08940000000000001
3.213517505895768,-0.026199999999999994,0.0404,0.1124,0.0712,0.05420000000000001,0.07099999999999998,0.0608,0.09759999999999999,0.023999999999999997,0.0562,0.038,0.085,0.07959999999999999,0.0432,0.0684,0.0614,0.0834,0.0892,0.04,0.03319999999999999,0.0654,0.0364,0.08159999999999999
3.209275842434909,-0.037600000000000015,0.028199999999999996,0.09359999999999997,0.065,0.045,0.046400000000000004,0.0504,0.0902,0.0035999999999999912,0.037399999999999996,0.047,0.0724,0.0594,0.02839999999999999,0.048600000000000004,0.053200000000000004,0.06279999999999998,0.07540000000000001,0.046200000000000005,0.022399999999999996,0.056600000000000004,0.026600000000000002,0.0574
3.2049625226156633,-0.0326,0.0374,0.081,0.07,0.0514,0.05320000000000002,0.051,0.0912,0.023800000000000005,0.042600000000000006,0.07899999999999999,0.06219999999999999,0.061200000000000004,0.038799999999999994,0.0422,0.05700000000000001,0.05079999999999999,0.0664,0.0592,0.01960000000000001,0.07379999999999999,0.02819999999999999,0.040600000000000004
3.200660781580713,-0.026999999999999993,0.051000000000000004,0.0678,0.0716,0.0666,0.049,0.0456,0.1002,0.04200000000000001,0.0578,0.077,0.0512,0.0734,0.04940000000000001,0.043,0.056600000000000004,0.0576,0.065,0.052399999999999995,0.01220000000000001,0.06899999999999999,0.02739999999999999,0.0366
3.196370572768985,-0.0037999999999999913,0.0412,0.053200000000000004,0.056799999999999996,0.08159999999999999,0.0492,0.047200000000000006,0.09540000000000001,0.05360000000000001,0.06780000000000001,0.0674,0.0574,0.0674,0.05360000000000001,0.03599999999999999,0.06020000000000002,0.06319999999999999,0.05840000000000001,0.042,0.017400000000000013,0.063,0.0154,0.0362
3.1920918498687123,0.011800000000000003,0.035199999999999995,0.0596,0.053200000000000004,0.089,0.0442,0.0518,0.09620000000000001,0.046,0.0768,0.0638,0.0528,0.0742,0.0688,0.024000000000000004,0.0504,0.06279999999999998,0.04619999999999999,0.038200000000000005,0.011399999999999997,0.054200000000000005,0.0202,0.03619999999999999
3.187906522353909,0.0264,0.042600000000000006,0.0518,0.06420000000000001,0.0746,0.0504,0.053,0.102,0.0432,0.07840000000000001,0.0562,0.0518,0.057,0.0836,0.0258,0.05840000000000001,0.0544,0.030199999999999994,0.0366,0.007999999999999998,0.047799999999999995,0.010000000000000004,0.026800000000000004
3.183650414644792,0.0324,0.05440000000000001,0.0608,0.0706,0.08020000000000001,0.0688,0.0514,0.10940000000000001,0.04660000000000001,0.09040000000000001,0.0638,0.0604,0.053,0.09879999999999999,0.033400000000000006,0.0554,0.06399999999999999,0.0256,0.0458,0.025000000000000005,0.0432,0.01860000000000001,0.029600000000000005
3.179405656265224,0.03379999999999999,0.05960000000000001,0.0792,0.0828,0.09440000000000001,0.0862,0.06659999999999999,0.1142,0.05520000000000002,0.10740000000000001,0.08220000000000001,0.0836,0.0616,0.11299999999999999,0.054200000000000005,0.062,0.06699999999999999,0.021799999999999993,0.07,0.0456,0.06620000000000001,0.026,0.0318
3.1751722018794974,0.016999999999999998,0.047200000000000006,0.0678,0.083,0.0706,0.08099999999999999,0.0704,0.11259999999999998,0.0448,0.09880000000000001,0.0818,0.091,0.0528,0.11040000000000001,0.056600000000000004,0.0436,0.0496,0.007799999999999996,0.077,0.0404,0.0598,0.026600000000000002,0.0152
3.1709500063930443,0.0021999999999999962,0.0432,0.0596,0.07659999999999999,0.07019999999999998,0.0852,0.056,0.11159999999999998,0.049600000000000005,0.09579999999999998,0.09079999999999999,0.0884,0.0616,0.1154,0.0514,0.049400000000000006,0.0522,0.0019999999999999983,0.075,0.04479999999999999,0.0616,0.0328,0.03040000000000001
3.166819899887629,0.007999999999999997,0.06700000000000002,0.0742,0.0756,0.073,0.097,0.06179999999999999,0.1166,0.060000000000000005,0.1266,0.1016,0.09820000000000001,0.0644,0.1232,0.055,0.046,0.0752,0.009200000000000002,0.08379999999999999,0.056,0.07680000000000001,0.0492,0.0574
3.1626198734952053,0.004799999999999996,0.06680000000000001,0.08700000000000001,0.0692,0.05579999999999999,0.0746,0.0632,0.11120000000000001,0.06220000000000002,0.13119999999999998,0.09279999999999998,0.09440000000000001,0.0656,0.111,0.048,0.037200000000000004,0.07640000000000001,0.018600000000000002,0.08079999999999998,0.054200000000000005,0.06819999999999998,0.06459999999999999,0.0718
3.158430973000509,0.012600000000000002,0.07500000000000001,0.102,0.0824,0.05079999999999999,0.08900000000000001,0.05819999999999999,0.10640000000000001,0.0752,0.1372,0.0998,0.1036,0.06760000000000001,0.10779999999999998,0.057,0.042000000000000016,0.072,0.027800000000000002,0.1006,0.06,0.0726,0.087,0.0818
3.154253154253154,-0.005800000000000001,0.0878,0.10740000000000001,0.1006,0.038200000000000005,0.084,0.0626,0.0932,0.0628,0.1348,0.10740000000000001,0.0732,0.0518,0.10499999999999998,0.0714,0.0292,0.0544,0.020800000000000006,0.0958,0.0476,0.065,0.0846,0.0856
3.1501663999187053,-0.0106,0.1162,0.1216,0.1098,0.0416,0.09459999999999999,0.08940000000000001,0.09820000000000001,0.0716,0.149,0.12199999999999998,0.0734,0.04760000000000001,0.10899999999999999,0.08480000000000001,0.0308,0.0664,0.0402,0.1128,0.0688,0.08159999999999999,0.09559999999999999,0.1032
3.1460104021311683,-0.0332,0.1066,0.1158,0.09079999999999999,0.041,0.08220000000000001,0.0782,0.07840000000000001,0.055,0.14,0.1202,0.06819999999999998,0.0458,0.08299999999999999,0.0752,0.017799999999999996,0.048199999999999986,0.033999999999999996,0.11320000000000001,0.06,0.06979999999999999,0.0906,0.0782
3.1418653558669267,-0.0296,0.10279999999999999,0.11299999999999999,0.1006,0.037399999999999996,0.08720000000000001,0.0868,0.07540000000000001,0.0584,0.1428,0.11899999999999998,0.0668,0.045,0.0874,0.071,0.026,0.038799999999999994,0.0288,0.11,0.0412,0.06919999999999998,0.0884,0.07160000000000001
3.1377312178951895,-0.025,0.1108,0.10500000000000001,0.108,0.044,0.09259999999999999,0.0892,0.091,0.060200000000000004,0.148,0.1144,0.0582,0.039200000000000006,0.09340000000000001,0.06019999999999999,0.039200000000000006,0.0362,0.03820000000000001,0.0994,0.035199999999999995,0.054799999999999995,0.101,0.07940000000000001
3.1336871367197374,-0.025000000000000005,0.10959999999999999,0.09759999999999999,0.11220000000000001,0.048600000000000004,0.09620000000000001,0.0818,0.07979999999999998,0.0594,0.14,0.09939999999999997,0.0446,0.0458,0.08159999999999999,0.045399999999999996,0.0458,0.037,0.03359999999999999,0.0848,0.028399999999999998,0.053200000000000004,0.09599999999999999,0.07759999999999999
3.129574478824895,-0.0176,0.11099999999999999,0.09759999999999999,0.1014,0.039799999999999995,0.097,0.086,0.079,0.05,0.12499999999999999,0.0856,0.046000000000000006,0.0346,0.07740000000000001,0.046799999999999994,0.03139999999999999,0.016599999999999997,0.036,0.0858,0.023799999999999995,0.054200000000000005,0.0884,0.05760000000000001
3.1254726017038865,-0.014000000000000002,0.0896,0.0964,0.09259999999999997,0.0386,0.089,0.08279999999999998,0.0734,0.0508,0.10179999999999999,0.0706,0.039,0.0354,0.0688,0.0446,0.026999999999999993,-0.0008000000000000024,0.0348,0.07879999999999998,0.027800000000000002,0.034,0.071,0.04720000000000001
3.121460037759597,-0.014,0.0952,0.0932,0.09440000000000001,0.047799999999999995,0.09580000000000001,0.07319999999999997,0.06900000000000002,0.045000000000000005,0.08739999999999998,0.06999999999999998,0.0404,0.0346,0.0704,0.0456,0.018399999999999996,-0.012600000000000004,0.020399999999999995,0.07659999999999997,0.018,0.0362,0.05940000000000001,0.04220000000000001
3.1173793900998064,-0.030000000000000006,0.07779999999999998,0.0724,0.09140000000000001,0.04,0.0788,0.06959999999999998,0.061799999999999994,0.0192,0.05939999999999998,0.07,0.026199999999999998,0.02900000000000001,0.0494,0.0412,-0.0006000000000000032,-0.0232,-0.004600000000000003,0.056,-0.002000000000000001,0.022000000000000002,0.030599999999999992,0.026
3.1133093976750605,-0.039800000000000016,0.07440000000000001,0.06319999999999999,0.07899999999999999,0.042200000000000015,0.0734,0.0592,0.0544,0.016800000000000002,0.034799999999999984,0.055400000000000005,0.032,0.026199999999999994,0.027399999999999997,0.02439999999999999,-0.0108,-0.026,-0.026800000000000004,0.0506,-0.012199999999999999,0.0055999999999999965,0.0298,-0.0016000000000000031
3.1093279839518555,-0.0326,0.08260000000000002,0.0632,0.0856,0.04,0.06640000000000001,0.049600000000000005,0.0496,0.022200000000000008,0.019999999999999997,0.07340000000000002,0.0242,0.028800000000000006,0.0314,0.024,-0.008799999999999997,-0.021799999999999993,-0.03159999999999999,0.056000000000000015,-0.010599999999999995,0.00440000000000001,0.0246,-0.0057999999999999935
3.1052789742562354,-0.004199999999999995,0.0958,0.0874,0.1172,0.0504,0.0752,0.07160000000000001,0.0724,0.052,0.023999999999999994,0.09200000000000001,0.03540000000000001,0.037200000000000004,0.0636,0.0378,0.014600000000000004,0.004600000000000003,-0.014799999999999994,0.064,0.0036000000000000016,0.033000000000000015,0.0318,0.02940000000000001
3.1012404961984794,-0.01620000000000001,0.07959999999999999,0.0858,0.09099999999999998,0.046799999999999994,0.06180000000000002,0.0666,0.0652,0.031999999999999994,0.0007999999999999988,0.088,0.0318,0.031999999999999994,0.053399999999999996,0.022799999999999994,0.013,-0.0002000000000000046,-0.019,0.0544,-0.0024000000000000002,0.024,0.007,0.016199999999999996
3.0972898713625576,-0.025600000000000008,0.0596,0.09240000000000001,0.0694,0.0438,0.045,0.0592,0.0678,0.02,-0.003599999999999997,0.07979999999999998,0.0342,0.023399999999999997,0.0394,0.0352,0.0054,-0.0021999999999999993,-0.02159999999999999,0.0628,0.006400000000000001,0.0202,0.003400000000000006,0.010399999999999998
3.0932721331104847,-0.0114,0.0746,0.1076,0.0736,0.0832,0.04360000000000001,0.077,0.092,0.044,0.007800000000000001,0.09440000000000001,0.0508,0.02240000000000001,0.054,0.0508,0.017600000000000005,0.0034000000000000002,7.105427357601002e-18,0.0874,0.033400000000000006,0.03380000000000001,0.025600000000000005,0.020399999999999998
3.0892648048033085,-0.0038,0.094,0.11839999999999998,0.0892,0.11159999999999999,0.0496,0.085,0.10479999999999999,0.07940000000000001,0.03540000000000001,0.1156,0.056,0.0422,0.0588,0.0578,0.037,0.024200000000000006,0.006600000000000008,0.098,0.0528,0.04180000000000002,0.0332,0.0448
3.085344613087833,0.014000000000000004,0.1066,0.1192,0.10299999999999998,0.1396,0.0682,0.1028,0.11159999999999999,0.0882,0.055400000000000005,0.13,0.068,0.066,0.07379999999999999,0.062,0.0708,0.0582,0.016400000000000005,0.10300000000000001,0.055600000000000004,0.07520000000000002,0.06580000000000001,0.0616
3.08135778539834,0.025,0.09099999999999998,0.11040000000000001,0.0896,0.1446,0.0564,0.10339999999999998,0.10679999999999999,0.0804,0.04919999999999999,0.1256,0.0554,0.0676,0.07740000000000001,0.0474,0.07740000000000001,0.06599999999999999,0.015999999999999986,0.0984,0.05119999999999999,0.0736,0.07540000000000001,0.04159999999999999
3.077381247828461,0.023799999999999995,0.0792,0.11279999999999998,0.08259999999999999,0.13839999999999997,0.04719999999999998,0.07859999999999999,0.0886,0.076,0.06179999999999999,0.11019999999999998,0.042,0.04459999999999998,0.0718,0.0334,0.0792,0.075,0.018600000000000002,0.08959999999999999,0.048199999999999986,0.0752,0.0848,0.029399999999999985
3.073491138926757,0.040799999999999996,0.07540000000000001,0.11439999999999997,0.08940000000000001,0.1276,0.045399999999999996,0.08179999999999998,0.084,0.07759999999999999,0.0772,0.12479999999999998,0.0418,0.0434,0.08120000000000001,0.037399999999999996,0.09099999999999998,0.082,0.0258,0.10199999999999998,0.0588,0.09540000000000001,0.0858,0.03519999999999999
3.069534866450479,0.04700000000000001,0.04879999999999998,0.08699999999999998,0.0804,0.1178,0.0414,0.07899999999999999,0.0846,0.0708,0.0674,0.1058,0.0534,0.041,0.0682,0.0292,0.0874,0.06980000000000001,0.0184,0.07999999999999999,0.0438,0.0922,0.0854,0.026199999999999994
3.0655887661005217,0.03459999999999999,0.023799999999999995,0.05479999999999999,0.0628,0.1012,0.0362,0.0654,0.07320000000000002,0.06559999999999999,0.0746,0.097,0.0364,0.0436,0.0466,0.016800000000000006,0.0708,0.06019999999999999,0.0076000000000000035,0.0704,0.03679999999999999,0.08020000000000001,0.0888,0.014999999999999996
3.0617283950617282,0.05820000000000001,0.0432,0.05940000000000001,0.0838,0.10959999999999999,0.05080000000000002,0.0684,0.0734,0.106,0.0938,0.1142,0.046800000000000015,0.05859999999999999,0.056600000000000004,0.0362,0.064,0.07040000000000002,0.0282,0.081,0.055600000000000004,0.09140000000000001,0.11320000000000001,0.04560000000000001
3.057802327875321,0.0772,0.0728,0.06520000000000001,0.09759999999999999,0.1148,0.08820000000000001,0.07959999999999999,0.08080000000000001,0.1402,0.104,0.12499999999999999,0.06080000000000002,0.07479999999999999,0.07740000000000001,0.0432,0.07400000000000001,0.0768,0.04280000000000002,0.0836,0.0574,0.112,0.12379999999999998,0.0586
3.053886316619052,0.0684,0.0588,0.058600000000000006,0.0874,0.10100000000000002,0.105,0.0756,0.069,0.138,0.1082,0.1152,0.062400000000000004,0.0636,0.073,0.0378,0.0724,0.08220000000000001,0.0378,0.0648,0.03439999999999999,0.10320000000000001,0.11259999999999998,0.0538
3.0500553437461564,0.052399999999999995,0.01619999999999999,0.0464,0.0652,0.0792,0.0882,0.063,0.056,0.10899999999999999,0.08579999999999999,0.0836,0.048,0.031399999999999983,0.0576,0.039400000000000004,0.06099999999999999,0.0578,0.02459999999999999,0.042,0.0075999999999999965,0.0772,0.0872,0.032799999999999996
3.0461591372491217,0.035399999999999994,0.012400000000000007,0.053399999999999996,0.06160000000000001,0.0538,0.07,0.06,0.0538,0.0964,0.0734,0.07640000000000001,0.02719999999999999,0.004199999999999997,0.0578,0.030999999999999993,0.0438,0.025199999999999993,0.016999999999999998,0.0364,-0.008000000000000004,0.05079999999999999,0.06099999999999998,0.001399999999999992
3.042347514598361,0.007999999999999991,0.0094,0.0636,0.06220000000000001,0.0432,0.06479999999999998,0.0686,0.06219999999999999,0.09599999999999999,0.07540000000000001,0.06879999999999999,0.025399999999999995,-0.01540000000000001,0.0498,0.0366,0.0386,0.013599999999999992,0.030600000000000002,0.03219999999999999,-0.0014000000000000004,0.056,0.052799999999999986,0.005799999999999992
3.0384709629992646,0.010199999999999992,0.017599999999999998,0.05579999999999999,0.0492,0.0444,0.07959999999999999,0.08459999999999998,0.06779999999999999,0.10199999999999998,0.0682,0.07119999999999999,0.041,-0.007600000000000002,0.06,0.0422,0.040799999999999996,0.004999999999999995,0.0384,0.040799999999999996,0.005999999999999997,0.05179999999999999,0.0582,0.01779999999999999
3.034604277813127,0.026600000000000016,0.016200000000000003,0.06480000000000001,0.060400000000000016,0.050400000000000014,0.09599999999999999,0.091,0.08220000000000001,0.11120000000000001,0.07659999999999999,0.06,0.0654,0.006999999999999997,0.0626,0.055600000000000004,0.045200000000000004,0.006400000000000004,0.0588,0.030599999999999992,0.021600000000000008,0.0494,0.0562,0.016399999999999984
3.0308214992789577,0.0272,0.032400000000000005,0.085,0.07300000000000001,0.06880000000000001,0.10859999999999999,0.09379999999999998,0.0866,0.1232,0.103,0.0678,0.0714,0.026000000000000006,0.073,0.069,0.0576,0.012399999999999998,0.073,0.0448,0.039,0.0428,0.055799999999999995,0.0238
3.026974246307824,0.015799999999999995,0.0426,0.09759999999999999,0.0742,0.0772,0.11099999999999999,0.09639999999999997,0.0638,0.11979999999999999,0.0888,0.055799999999999995,0.081,0.012999999999999992,0.0716,0.06299999999999999,0.0642,0.010399999999999994,0.07499999999999998,0.0476,0.0364,0.0436,0.043,0.013799999999999991
3.0232104544567973,0.0007999999999999971,0.0316,0.0902,0.071,0.0852,0.10540000000000001,0.09079999999999998,0.064,0.0992,0.08000000000000002,0.0428,0.076,-0.002799999999999998,0.0584,0.0508,0.0684,0.016800000000000002,0.0778,0.04240000000000001,0.032799999999999996,0.055400000000000005,0.025999999999999995,-0.0007999999999999988
3.019382487581572,-0.0212,0.009,0.076,0.061,0.08020000000000001,0.0756,0.0704,0.0378,0.0694,0.0554,0.0366,0.05719999999999999,-0.01379999999999999,0.029199999999999997,0.029199999999999993,0.0582,0.004600000000000002,0.05,0.029,0.019399999999999994,0.0344,0.006799999999999999,-0.012800000000000004
3.0155642023346303,-0.0192,0.010200000000000002,0.0808,0.05179999999999999,0.0684,0.0572,0.055799999999999995,0.04520000000000001,0.05479999999999999,0.038799999999999994,0.0374,0.0416,-0.004199999999999996,0.015799999999999998,0.0214,0.055799999999999995,0.004400000000000005,0.03779999999999999,0.037000000000000005,0.010599999999999995,0.0202,-0.003999999999999999,-0.0146
3.0118287143863403,-0.0007999999999999981,0.0318,0.0974,0.055200000000000006,0.077,0.0818,0.06420000000000001,0.047,0.056,0.03499999999999998,0.0528,0.05520000000000001,0.014200000000000003,0.0216,0.0058000000000000005,0.0702,0.0188,0.0434,0.056400000000000006,0.026199999999999998,0.020399999999999998,0.008399999999999998,-0.013200000000000003
3.008029498095723,-0.0078000000000000074,0.018399999999999996,0.09179999999999998,0.05419999999999999,0.0722,0.091,0.0396,0.0326,0.05099999999999999,0.019799999999999995,0.04240000000000001,0.0628,0.015399999999999999,0.005399999999999999,0.0025999999999999942,0.0584,0.017199999999999997,0.0326,0.051,0.022999999999999993,0.018399999999999993,0.009800000000000001,0.013600000000000003
3.0043126423414255,0.017400000000000002,0.032600000000000004,0.0988,0.07160000000000001,0.0886,0.126,0.038400000000000004,0.0318,0.06479999999999998,0.03319999999999999,0.06880000000000001,0.0824,0.039799999999999995,0.0182,0.0356,0.07119999999999999,0.0446,0.0412,0.0708,0.0338,0.026800000000000004,0.017200000000000003,0.0322
3.000532352514156,0.032,0.053000000000000005,0.124,0.08780000000000002,0.113,0.132,0.0506,0.0476,0.08220000000000001,0.057200000000000015,0.08320000000000002,0.07980000000000001,0.063,0.035,0.055799999999999995,0.09379999999999998,0.0588,0.0518,0.0854,0.047799999999999995,0.05,0.01,0.055799999999999995
2.9968339898977696,0.011799999999999998,0.056,0.12140000000000001,0.07579999999999999,0.1266,0.1222,0.05120000000000001,0.058600000000000006,0.0906,0.053399999999999996,0.0892,0.05279999999999999,0.0686,0.05160000000000001,0.0396,0.08979999999999999,0.060399999999999995,0.0438,0.095,0.032799999999999996,0.048600000000000004,0.016799999999999995,0.0708
2.9930724854570467,-0.0022000000000000023,0.0338,0.1102,0.0572,0.1022,0.09820000000000001,0.0396,0.0514,0.071,0.0282,0.062,0.031799999999999995,0.0368,0.04340000000000001,0.014600000000000002,0.07440000000000001,0.053,0.028999999999999995,0.08499999999999999,0.0035999999999999943,0.0386,0.0076,0.056799999999999996
2.9893924783027965,0.0224,0.045,0.1076,0.0726,0.1102,0.10540000000000001,0.0402,0.08220000000000001,0.0716,0.037000000000000005,0.0664,0.04100000000000001,0.053200000000000004,0.0498,0.03440000000000001,0.0856,0.0624,0.030999999999999996,0.1002,0.010600000000000002,0.045399999999999996,0.013800000000000002,0.0684
2.985649619570452,0.0342,0.0482,0.0906,0.08020000000000001,0.10059999999999998,0.0928,0.044,0.09239999999999998,0.07160000000000001,0.0298,0.0572,0.047799999999999995,0.0694,0.057,0.034800000000000005,0.09580000000000001,0.0564,0.019600000000000003,0.09559999999999998,0.017200000000000003,0.019599999999999992,0.023600000000000003,0.06499999999999999
2.9819161215852255,0.026199999999999987,0.048600000000000004,0.0858,0.0922,0.11120000000000001,0.08120000000000001,0.0562,0.09699999999999999,0.0736,0.03319999999999999,0.0426,0.06119999999999999,0.066,0.0616,0.0292,0.1,0.0598,0.025,0.08659999999999998,0.0216,0.0075999999999999965,0.012799999999999995,0.052
2.978263480244986,0.02219999999999999,0.045399999999999996,0.0742,0.10079999999999999,0.10979999999999998,0.07659999999999997,0.055600000000000004,0.087,0.069,0.038200000000000005,0.04100000000000001,0.07379999999999999,0.05019999999999999,0.061799999999999994,0.03660000000000001,0.105,0.0506,0.04360000000000001,0.08139999999999997,0.03,0.012599999999999997,0.0224,0.055
2.974548420370859,0.015599999999999994,0.057400000000000014,0.06739999999999997,0.09399999999999999,0.108,0.0526,0.055200000000000006,0.09659999999999999,0.0712,0.053200000000000004,0.0386,0.0664,0.0444,0.061799999999999994,0.05140000000000001,0.09299999999999999,0.0446,0.0412,0.06520000000000001,0.0294,0.0254,0.029,0.0544
2.970913795581964,0.023999999999999997,0.061599999999999995,0.0704,0.09499999999999999,0.1124,0.04620000000000001,0.07019999999999998,0.1146,0.08259999999999999,0.0664,0.0522,0.06659999999999999,0.055,0.06600000000000002,0.058,0.106,0.06,0.0566,0.0732,0.05240000000000001,0.03159999999999999,0.030599999999999992,0.040799999999999996
2.9672170375687967,0.011399999999999997,0.045799999999999993,0.0616,0.07999999999999999,0.1002,0.024,0.06339999999999998,0.111,0.0772,0.0538,0.046000000000000006,0.0574,0.0496,0.06260000000000002,0.030999999999999996,0.10879999999999998,0.05460000000000001,0.0496,0.060399999999999995,0.0466,0.01779999999999999,0.0208,0.0442
2.9636002963600294,-0.010800000000000004,0.02259999999999999,0.040199999999999986,0.06119999999999999,0.07579999999999998,0.02,0.04079999999999998,0.0952,0.062,0.044,0.025199999999999997,0.0574,0.040799999999999996,0.0474,0.0112,0.10039999999999998,0.053200000000000004,0.03339999999999999,0.039,0.0304,-0.009400000000000004,0.016199999999999996,0.02659999999999999
2.9599217052968276,-0.0272,0.014199999999999996,0.0324,0.0378,0.0496,0.024800000000000003,0.027599999999999986,0.0722,0.043,0.0362,0.013199999999999996,0.0642,0.020399999999999995,0.026199999999999994,0.026,0.10779999999999998,0.0442,0.029199999999999997,0.023999999999999997,0.01799999999999999,-0.019399999999999997,0.009799999999999998,0.015799999999999998
2.9563227160022887,-0.03439999999999999,0.008399999999999993,0.02259999999999999,0.0288,0.039799999999999995,0.017599999999999994,0.0188,0.0638,0.043,0.028799999999999992,0.020199999999999996,0.0654,0.022199999999999994,0.017599999999999998,0.0402,0.10999999999999999,0.0376,0.025399999999999995,0.0222,0.0258,-0.015599999999999998,0.0001999999999999956,0.019600000000000003
2.952662158300791,-0.0576,-0.012000000000000004,0.017,0.003399999999999999,0.012199999999999992,-0.001200000000000003,0.013399999999999995,0.046799999999999994,0.039,0.013599999999999998,0.010199999999999996,0.061799999999999994,0.0062,0.005199999999999997,0.0248,0.1008,0.0288,0.0037999999999999957,0.005799999999999997,0.0264,-0.025,-0.007800000000000001,0.010399999999999994
2.949080790543915,-0.07440000000000001,-0.004799999999999995,0.0434,0.0014000000000000084,0.02,0.006600000000000002,0.0176,0.05520000000000001,0.046200000000000005,0.014600000000000002,0.0214,0.06880000000000001,0.005000000000000006,0.011000000000000003,0.03359999999999999,0.09559999999999999,0.028600000000000004,0.0033999999999999985,0.013800000000000003,0.023800000000000005,-0.016799999999999995,-0.006199999999999992,0.018
2.945438133922421,-0.0714,-0.0006000000000000015,0.03439999999999999,-0.010400000000000003,0.019400000000000008,0.0182,0.0222,0.0576,0.03619999999999999,0.020399999999999998,0.023999999999999997,0.0678,0.012,0.030800000000000004,0.04219999999999999,0.0832,0.024999999999999994,0.012200000000000004,0.016399999999999998,0.0252,-0.0046,-0.0032000000000000028,0.030199999999999994
2.941874258600237,-0.0722,0.002000000000000002,0.0334,-0.015200000000000003,0.0192,0.015799999999999998,0.019399999999999997,0.056600000000000004,0.0442,0.0188,0.02540000000000001,0.0596,0.0212,0.038799999999999994,0.029399999999999996,0.0732,0.027800000000000002,-0.005999999999999997,0.014399999999999998,0.0264,-0.013000000000000003,-0.0172,0.0242
2.9383189971801618,-0.073,-0.0056,0.03960000000000001,-0.007400000000000003,0.03140000000000001,0.030199999999999998,0.02840000000000001,0.046200000000000005,0.056799999999999996,0.0238,0.03680000000000002,0.0576,0.03599999999999999,0.0518,0.026600000000000002,0.07859999999999999,0.039200000000000006,-0.0104,0.025,0.027600000000000003,-0.007799999999999998,-0.0218,0.0312
2.93470286133529,-0.075,0.007200000000000001,0.037200000000000004,-0.0044,0.037,0.0332,0.0322,0.04280000000000002,0.0586,0.0296,0.028399999999999998,0.07959999999999999,0.03219999999999999,0.045799999999999993,0.045399999999999996,0.088,0.0366,-0.02439999999999999,0.011799999999999995,0.011800000000000001,-0.0001999999999999974,-0.016399999999999998,0.034
2.931164901664145,-0.0654,0.012599999999999998,0.0504,-0.0025999999999999977,0.0518,0.0442,0.044,0.049,0.07440000000000001,0.040799999999999996,0.019600000000000003,0.0974,0.0268,0.027999999999999994,0.0726,0.0876,0.0386,-0.029399999999999992,0.011600000000000003,0.0148,-1.7763568394002505e-18,-0.002199999999999994,0.024
2.9275663424308243,-0.05600000000000001,0.017,0.06659999999999999,0.023200000000000005,0.0738,0.052399999999999995,0.0648,0.0714,0.0896,0.048799999999999996,0.04020000000000001,0.0994,0.0272,0.0396,0.0872,0.083,0.0412,-0.005399999999999993,0.024999999999999998,0.036,0.023400000000000008,0.017600000000000008,0.031
2.9240455585162826,-0.0354,0.0218,0.07099999999999998,0.0572,0.09040000000000001,0.0636,0.0858,0.0932,0.1102,0.0538,0.056600000000000004,0.10859999999999999,0.0414,0.0458,0.0908,0.0952,0.0632,-0.0023999999999999985,0.0384,0.056400000000000006,0.0362,0.037,0.030399999999999996
2.9204644480557715,-0.033800000000000004,0.039799999999999995,0.07959999999999999,0.0724,0.1134,0.09540000000000001,0.10840000000000001,0.11920000000000001,0.12,0.071,0.0634,0.12219999999999998,0.055400000000000005,0.046,0.0884,0.1072,0.0742,0.0158,0.0474,0.0734,0.049400000000000006,0.0582,0.028999999999999998
2.9169607151258528,-0.028,0.04779999999999999,0.0872,0.07859999999999998,0.13660000000000003,0.1176,0.12079999999999999,0.1242,0.12399999999999999,0.0752,0.0704,0.12179999999999998,0.0538,0.061799999999999994,0.0852,0.109,0.0712,0.03559999999999999,0.05019999999999999,0.0688,0.0436,0.07659999999999999,0.030399999999999996
2.913396926836145,-0.028399999999999998,0.038400000000000004,0.06719999999999998,0.072,0.12840000000000001,0.11399999999999999,0.1018,0.1092,0.11220000000000001,0.0762,0.0656,0.10899999999999999,0.052399999999999995,0.052399999999999995,0.089,0.10740000000000001,0.066,0.027199999999999995,0.045200000000000004,0.056,0.04920000000000001,0.075,0.0288
2.9099101213244785,-0.012999999999999996,0.0366,0.08020000000000001,0.0708,0.121,0.11399999999999999,0.0892,0.0994,0.12359999999999999,0.078,0.0736,0.10999999999999999,0.0546,0.0364,0.094,0.11799999999999998,0.07540000000000001,0.014799999999999997,0.0582,0.053200000000000004,0.0538,0.0842,0.035
2.9064316519782487,-0.0176,0.023799999999999995,0.0856,0.08120000000000001,0.12900000000000003,0.1242,0.09359999999999999,0.0996,0.11299999999999999,0.0858,0.0664,0.1082,0.054,0.038,0.1034,0.12240000000000001,0.07640000000000001,0.0206,0.0562,0.0466,0.067,0.08319999999999997,0.0296
2.9028935293566813,-0.035,0.010599999999999995,0.069,0.0742,0.109,0.09559999999999998,0.0684,0.0734,0.0848,0.061,0.028599999999999983,0.09259999999999997,0.026399999999999993,0.003599999999999995,0.0746,0.10359999999999998,0.05179999999999999,0.017799999999999996,0.033599999999999984,0.028999999999999995,0.03219999999999998,0.07639999999999998,0.006399999999999993
2.8994318048962984,-0.0396,-0.006200000000000007,0.058,0.0708,0.09099999999999998,0.08699999999999998,0.062,0.05740000000000001,0.08159999999999999,0.0526,0.0071999999999999885,0.06579999999999998,0.01859999999999999,0.003399999999999991,0.0406,0.0804,0.033999999999999996,0.015999999999999993,0.030199999999999987,0.017999999999999995,0.022800000000000008,0.0688,-0.005000000000000004
2.8959106938508605,-0.03719999999999999,0.0016000000000000031,0.0592,0.08059999999999999,0.07959999999999999,0.08120000000000001,0.0724,0.057800000000000025,0.0752,0.04980000000000002,0.016400000000000005,0.05839999999999998,0.03860000000000001,0.0254,0.01939999999999999,0.07499999999999998,0.0282,0.022800000000000004,0.04200000000000001,0.015,0.044400000000000016,0.06819999999999998,-0.0017999999999999954
2.892465593655237,-0.031199999999999995,0.0016000000000000005,0.0716,0.081,0.07080000000000002,0.0884,0.0782,0.056800000000000024,0.062,0.05080000000000002,0.015000000000000012,0.0684,0.049400000000000006,0.0282,0.03220000000000001,0.0818,0.02559999999999999,0.011599999999999997,0.049,0.009400000000000006,0.054800000000000015,0.07479999999999999,-0.000199999999999992
2.88896137179069,-0.0348,-0.0048000000000000004,0.07540000000000001,0.0736,0.060599999999999994,0.06919999999999998,0.0588,0.0364,0.0422,0.064,0.007200000000000005,0.06959999999999998,0.0354,0.0294,0.024399999999999998,0.06480000000000001,0.0176,0.013999999999999997,0.049,-0.0003999999999999968,0.05960000000000001,0.0722,0.005400000000000004
2.8855327763944802,-0.0272,-0.015000000000000001,0.082,0.0734,0.0578,0.0598,0.040799999999999996,0.008399999999999998,0.04480000000000002,0.07120000000000001,0.0001999999999999984,0.0708,0.022,0.03379999999999999,0.018799999999999994,0.06600000000000002,0.0246,0.010600000000000002,0.03879999999999999,0.0004000000000000066,0.0508,0.0752,0.006600000000000002
2.882112309408702,-0.016599999999999993,-0.000399999999999994,0.0952,0.096,0.08400000000000002,0.06960000000000001,0.040799999999999996,0.023600000000000006,0.05640000000000001,0.09020000000000002,0.007000000000000005,0.0828,0.0272,0.045,0.045,0.0874,0.048799999999999996,0.0344,0.046799999999999994,0.024200000000000006,0.0694,0.08059999999999999,0.026800000000000004
2.8786331135667194,-0.0005999999999999996,0.008600000000000009,0.1158,0.11099999999999999,0.101,0.0732,0.06720000000000001,0.0316,0.0686,0.11140000000000003,0.015800000000000005,0.08380000000000001,0.024000000000000004,0.0592,0.047799999999999995,0.108,0.06520000000000001,0.047400000000000005,0.046,0.039200000000000006,0.07579999999999999,0.084,0.037000000000000005
2.8752289748881212,-0.004800000000000006,0.004199999999999995,0.1192,0.1158,0.1046,0.05919999999999999,0.0696,0.0412,0.063,0.111,0.013199999999999998,0.0706,0.017999999999999995,0.05399999999999999,0.0384,0.10839999999999998,0.05,0.0574,0.036,0.0446,0.0752,0.0814,0.03459999999999999
2.8718328778544633,0.009800000000000001,0.0182,0.1256,0.1072,0.08879999999999998,0.0498,0.072,0.0498,0.0698,0.1034,0.015599999999999996,0.07440000000000001,0.019399999999999997,0.0426,0.028399999999999998,0.10779999999999998,0.051,0.051,0.0412,0.055799999999999995,0.08199999999999999,0.0846,0.045200000000000004
2.8683784408975246,0.02559999999999999,0.0358,0.13179999999999997,0.12299999999999998,0.09479999999999998,0.06319999999999999,0.0902,0.072,0.09780000000000001,0.1226,0.036,0.103,0.0458,0.07659999999999999,0.040199999999999986,0.12359999999999999,0.07479999999999999,0.0554,0.0608,0.06620000000000001,0.1176,0.0884,0.0688
2.8649984981862713,0.013199999999999991,0.0564,0.145,0.1356,0.11040000000000001,0.06159999999999998,0.0892,0.099,0.10880000000000001,0.12940000000000002,0.06259999999999999,0.1176,0.05500000000000001,0.095,0.05719999999999999,0.13440000000000002,0.09040000000000001,0.065,0.076,0.07540000000000001,0.11119999999999998,0.09440000000000001,0.0874
2.861560473542104,0.012000000000000004,0.0508,0.1442,0.1514,0.1276,0.07119999999999999,0.08500000000000002,0.1186,0.1056,0.13720000000000002,0.06459999999999999,0.12140000000000001,0.05560000000000001,0.09140000000000001,0.06860000000000002,0.1386,0.09820000000000001,0.0688,0.06860000000000001,0.0834,0.09379999999999998,0.08600000000000002,0.09999999999999999
2.858196570164116,0.005999999999999997,0.032399999999999984,0.12559999999999996,0.12919999999999998,0.1304,0.060200000000000004,0.0686,0.0984,0.09380000000000001,0.11779999999999997,0.0432,0.1114,0.039799999999999995,0.0756,0.043,0.1226,0.0856,0.0632,0.0502,0.075,0.0708,0.062200000000000005,0.1016
2.8548405663635315,-0.003800000000000004,0.03359999999999999,0.12979999999999997,0.11839999999999998,0.13639999999999997,0.0804,0.07640000000000001,0.09499999999999999,0.09860000000000002,0.11079999999999997,0.0466,0.11459999999999998,0.053,0.0722,0.0492,0.10299999999999998,0.08280000000000001,0.05579999999999999,0.046799999999999994,0.08180000000000001,0.07,0.055799999999999995,0.1138
2.851426863200497,-0.010399999999999998,0.048,0.1206,0.12219999999999998,0.1266,0.0686,0.0762,0.10339999999999998,0.07680000000000001,0.0902,0.0578,0.10379999999999999,0.054799999999999995,0.0662,0.039999999999999994,0.0804,0.0632,0.053000000000000005,0.05700000000000001,0.0634,0.0632,0.038599999999999995,0.11259999999999999
2.8480867288345815,-0.013999999999999999,0.046200000000000005,0.1012,0.11120000000000001,0.09820000000000001,0.0498,0.060399999999999995,0.08799999999999998,0.06019999999999998,0.08779999999999999,0.05800000000000001,0.093,0.0608,0.0626,0.022,0.06179999999999998,0.053,0.03860000000000001,0.053200000000000004,0.046,0.0544,0.02659999999999999,0.10800000000000001
2.8447544105164146,-0.030999999999999996,0.029199999999999997,0.092,0.08299999999999999,0.0644,0.044,0.03599999999999999,0.0684,0.0414,0.064,0.037,0.09099999999999998,0.047799999999999995,0.037,0.014800000000000004,0.024199999999999996,0.024599999999999986,0.0368,0.0448,0.0334,0.0402,0.0184,0.08879999999999998
2.8413647716596775,-0.045399999999999996,0.017799999999999996,0.0838,0.0752,0.05,0.0504,0.026399999999999993,0.059,0.027799999999999984,0.04479999999999999,0.0338,0.08939999999999998,0.03599999999999999,0.03379999999999999,0.013799999999999993,0.014599999999999998,0.030999999999999993,0.033,0.031799999999999995,0.023399999999999994,0.03159999999999999,0.003999999999999994,0.07499999999999998
2.838048155268699,-0.0434,0.007199999999999997,0.0906,0.0624,0.04860000000000001,0.04,0.0248,0.0422,0.030600000000000002,0.0442,0.0444,0.0862,0.0292,0.026999999999999993,0.019399999999999997,0.009599999999999997,0.017599999999999994,0.045399999999999996,0.018199999999999997,0.0017999999999999937,0.011999999999999999,0.0031999999999999993,0.0662
2.8347392725693252,-0.0442,0.005000000000000003,0.097,0.055999999999999994,0.038,0.0422,0.0057999999999999935,0.04860000000000001,0.0214,0.0412,0.0414,0.0704,0.0216,0.003999999999999994,0.024199999999999996,0.007400000000000004,0.007799999999999994,0.0518,0.012799999999999997,0.006599999999999998,0.00039999999999999856,0.007199999999999997,0.045599999999999995
2.83137344445713,-0.032600000000000004,0.006600000000000005,0.099,0.0464,0.037000000000000005,0.07060000000000002,0.0088,0.040799999999999996,0.013399999999999999,0.0508,0.040600000000000004,0.063,0.024800000000000003,-0.0035999999999999995,0.02619999999999999,0.004400000000000001,0.011599999999999997,0.0466,0.019000000000000003,0.0214,0.005199999999999995,0.013000000000000001,0.023799999999999995
2.8280800985266614,-0.022799999999999994,0.038800000000000015,0.1072,0.035399999999999994,0.043600000000000014,0.08560000000000002,0.018000000000000006,0.031200000000000006,0.02180000000000001,0.0708,0.049600000000000005,0.07120000000000001,0.023999999999999997,0.016600000000000018,0.0268,0.0034000000000000046,0.014200000000000003,0.063,0.031000000000000007,0.02760000000000001,0.0152,0.03500000000000002,0.014799999999999994
2.8247944050846296,-0.009599999999999996,0.07780000000000001,0.11159999999999999,0.053200000000000004,0.0502,0.0832,0.0282,0.0386,0.0438,0.08499999999999999,0.064,0.08120000000000001,0.0294,0.020399999999999998,0.045,0.0036000000000000016,0.021199999999999997,0.072,0.0562,0.0316,0.0222,0.02859999999999999,0.008200000000000004
2.8215163374897605,0.003800000000000001,0.09759999999999999,0.1152,0.0596,0.0442,0.0596,0.0356,0.025999999999999992,0.0516,0.105,0.07959999999999999,0.0942,0.027800000000000002,0.0218,0.031199999999999995,0.011799999999999998,0.007399999999999993,0.0582,0.04279999999999999,0.027600000000000003,0.016399999999999998,0.008799999999999997,-0.016200000000000003
2.8181818181818183,0.008199999999999999,0.1156,0.136,0.0704,0.03339999999999999,0.03839999999999998,0.0644,0.004399999999999993,0.0886,0.142,0.1004,0.1328,0.062400000000000004,0.0386,0.023799999999999995,-0.00460000000000001,-0.0036000000000000103,0.033599999999999984,0.0037999999999999857,0.059600000000000014,0.0318,-0.009400000000000004,-0.0292
2.8149190710767065,0.0064,0.1114,0.14079999999999998,0.07579999999999999,0.032600000000000004,0.0402,0.06819999999999998,0.009600000000000003,0.0992,0.138,0.105,0.13140000000000002,0.06459999999999999,0.032,0.0316,-0.0065999999999999965,-0.003199999999999994,0.03559999999999999,0.01800000000000001,0.054200000000000005,0.04340000000000001,-0.011599999999999992,-0.030399999999999993
2.811663870119269,0.0035999999999999977,0.10279999999999999,0.12739999999999999,0.0824,0.0416,0.02959999999999999,0.0798,0.007000000000000004,0.1012,0.1388,0.10239999999999998,0.1158,0.06019999999999999,0.0432,0.0224,0.004800000000000001,-0.002400000000000002,0.0294,0.015799999999999998,0.045,0.045399999999999996,-0.023600000000000003,-0.03599999999999999
2.8083525841373373,0.013799999999999993,0.11699999999999998,0.12519999999999998,0.0938,0.0546,0.042,0.09499999999999999,0.0114,0.1186,0.156,0.10539999999999998,0.12259999999999999,0.0836,0.06,0.03640000000000001,0.0059999999999999975,0.010399999999999998,0.03660000000000001,0.0338,0.0434,0.0498,-0.006399999999999996,-0.0228
2.8051125438298836,0.008799999999999995,0.128,0.104,0.1024,0.0638,0.0628,0.108,0.014199999999999996,0.1216,0.166,0.10459999999999998,0.1182,0.09679999999999998,0.07699999999999999,0.035,-0.005400000000000007,0.016599999999999997,0.029,0.03619999999999999,0.06399999999999999,0.0594,0.004400000000000002,-0.03300000000000001
2.801879971077368,0.0224,0.13119999999999998,0.1044,0.11280000000000001,0.08940000000000002,0.0722,0.1306,0.026199999999999998,0.13319999999999999,0.179,0.11779999999999999,0.1228,0.09599999999999999,0.0902,0.0422,-0.002799999999999995,0.0322,0.033,0.039200000000000006,0.078,0.08500000000000003,0.015200000000000007,-0.015999999999999997
2.7986548400929876,0.0428,0.1202,0.1026,0.1148,0.09759999999999999,0.0604,0.1274,0.007799999999999998,0.138,0.1644,0.1304,0.13119999999999998,0.09379999999999998,0.0948,0.0384,0.002600000000000006,0.0308,0.044,0.027999999999999997,0.07640000000000001,0.09960000000000002,0.013200000000000005,-0.0009999999999999996
2.79537410672017,0.0338,0.095,0.09340000000000002,0.11320000000000002,0.073,0.038799999999999994,0.1102,-0.0037999999999999965,0.12379999999999998,0.13319999999999999,0.10459999999999998,0.10980000000000001,0.08220000000000001,0.0706,0.0328,-0.006399999999999994,0.017,0.016999999999999998,0.008599999999999998,0.061399999999999996,0.08339999999999997,-0.008999999999999992,-0.0162
2.7921639270434584,0.0366,0.0922,0.1022,0.1252,0.0736,0.04600000000000001,0.1164,0.014200000000000006,0.1202,0.137,0.0932,0.10740000000000001,0.08599999999999998,0.07299999999999998,0.032400000000000005,0.013600000000000008,0.032400000000000005,0.0242,0.011200000000000007,0.05840000000000001,0.0912,0.008400000000000008,-0.01859999999999999
2.788961111985785,0.026199999999999994,0.0856,0.1034,0.13040000000000002,0.0818,0.059,0.11699999999999998,0.044,0.1198,0.10899999999999999,0.0778,0.09400000000000001,0.0842,0.07499999999999998,0.0498,0.028000000000000008,0.053399999999999996,0.056400000000000006,0.04800000000000001,0.0674,0.098,0.035,-0.005799999999999999
2.785765636232926,0.0304,0.0584,0.0828,0.10940000000000001,0.0922,0.08399999999999999,0.09240000000000001,0.07659999999999999,0.1076,0.08220000000000001,0.07,0.062,0.0606,0.0706,0.068,0.0546,0.08499999999999999,0.09240000000000001,0.092,0.0412,0.09199999999999998,0.0648,0.006599999999999998
2.7825150345570417,0.0422,0.053399999999999996,0.08220000000000001,0.1044,0.09800000000000002,0.0892,0.08559999999999998,0.08120000000000001,0.11159999999999999,0.0792,0.0644,0.062200000000000005,0.055,0.07079999999999999,0.060399999999999995,0.0562,0.07379999999999999,0.1034,0.0792,0.0546,0.07940000000000001,0.0686,-0.0092
2.779334304606074,0.0632,0.069,0.0994,0.12079999999999998,0.11059999999999999,0.1124,0.08600000000000002,0.1008,0.13,0.0942,0.0828,0.07859999999999999,0.07379999999999999,0.07840000000000001,0.08220000000000001,0.054,0.0886,0.1186,0.1016,0.0836,0.09580000000000001,0.0986,0.006400000000000002
2.776160838221466,0.0724,0.0844,0.11720000000000001,0.12799999999999997,0.1166,0.12240000000000001,0.1036,0.1166,0.1464,0.10959999999999999,0.1024,0.094,0.0804,0.0832,0.09759999999999999,0.07600000000000001,0.1032,0.1252,0.12440000000000001,0.12200000000000001,0.1272,0.11299999999999999,0.024000000000000007
2.772994610550797,0.06499999999999999,0.0952,0.1326,0.1424,0.1276,0.1354,0.1044,0.12519999999999998,0.1586,0.1276,0.11359999999999999,0.114,0.101,0.09259999999999999,0.10959999999999999,0.10200000000000001,0.12440000000000001,0.13199999999999998,0.1718,0.1458,0.15719999999999998,0.14079999999999998,0.06120000000000001
2.769773727355983,0.0414,0.1012,0.13340000000000002,0.149,0.11739999999999998,0.1274,0.0974,0.1162,0.1536,0.1174,0.11359999999999999,0.11579999999999999,0.10859999999999999,0.106,0.10399999999999998,0.1024,0.12819999999999998,0.131,0.21520000000000006,0.16540000000000002,0.1566,0.15259999999999999,0.087
2.7666220437304774,0.037200000000000004,0.11679999999999999,0.1436,0.15480000000000002,0.11680000000000001,0.1268,0.11059999999999999,0.13799999999999998,0.153,0.1336,0.103,0.1088,0.1292,0.1182,0.12199999999999998,0.10980000000000001,0.13979999999999998,0.14139999999999997,0.23959999999999998,0.18359999999999999,0.16679999999999998,0.1802,0.0978
2.7634775244590046,0.042600000000000006,0.12,0.1466,0.15659999999999996,0.116,0.12440000000000001,0.10540000000000001,0.13879999999999998,0.1462,0.1458,0.124,0.11780000000000002,0.1428,0.1268,0.1144,0.11480000000000001,0.1584,0.1518,0.26080000000000003,0.1938,0.183,0.18619999999999998,0.10599999999999998
2.7603401451404657,0.047799999999999995,0.1142,0.15,0.141,0.10039999999999998,0.1212,0.08439999999999998,0.11259999999999998,0.14400000000000002,0.13019999999999998,0.1396,0.1056,0.1412,0.127,0.09140000000000001,0.0998,0.1496,0.13760000000000003,0.2334,0.1918,0.17320000000000002,0.18179999999999996,0.09759999999999998
2.757209881484446,0.051,0.09939999999999997,0.1482,0.1464,0.09699999999999999,0.1202,0.07759999999999997,0.10219999999999997,0.1334,0.1242,0.1436,0.0964,0.1396,0.126,0.07479999999999998,0.0968,0.1558,0.13040000000000002,0.2132,0.1742,0.1586,0.17779999999999996,0.098
2.754025541365908,0.03139999999999999,0.0872,0.1586,0.14039999999999997,0.10679999999999998,0.1222,0.08119999999999998,0.08120000000000001,0.11799999999999998,0.12299999999999998,0.123,0.08599999999999998,0.1276,0.10479999999999999,0.07540000000000001,0.09820000000000001,0.14159999999999998,0.10799999999999998,0.19579999999999995,0.16959999999999997,0.1482,0.16779999999999995,0.09720000000000001
2.7509095749401014,0.012199999999999996,0.08299999999999999,0.1626,0.12779999999999997,0.09579999999999998,0.1158,0.08579999999999999,0.071,0.10179999999999999,0.11879999999999999,0.1182,0.0808,0.12140000000000001,0.07839999999999998,0.0856,0.091,0.155,0.09259999999999999,0.19080000000000003,0.1546,0.14279999999999998,0.16219999999999996,0.0892
2.747800651494671,-0.014600000000000009,0.0742,0.1508,0.1186,0.0884,0.10479999999999998,0.0858,0.05419999999999999,0.06699999999999999,0.10579999999999998,0.10640000000000001,0.0712,0.1056,0.053200000000000004,0.0732,0.09979999999999999,0.14939999999999998,0.07799999999999999,0.1646,0.13479999999999998,0.12919999999999998,0.14899999999999997,0.08259999999999999
2.74469874717783,-0.023800000000000005,0.05980000000000002,0.1362,0.1286,0.0762,0.09499999999999999,0.0694,0.049,0.04299999999999999,0.09559999999999999,0.11,0.06420000000000001,0.0906,0.03819999999999999,0.0562,0.0882,0.12799999999999997,0.08059999999999999,0.1426,0.1172,0.1198,0.1458,0.0648
2.7416038382453736,-0.021000000000000005,0.042,0.118,0.11899999999999998,0.045599999999999995,0.0724,0.06860000000000001,0.037200000000000004,0.020199999999999992,0.0628,0.0898,0.0476,0.052,0.01859999999999999,0.0362,0.07119999999999999,0.10159999999999998,0.0606,0.1026,0.0866,0.09,0.10840000000000001,0.0376
2.7385159010600706,-0.009,0.025399999999999992,0.1056,0.0996,0.027799999999999995,0.07079999999999999,0.0594,0.023600000000000003,-0.005400000000000004,0.045200000000000004,0.0724,0.0394,0.038000000000000006,0.0011999999999999975,0.025399999999999992,0.0578,0.06299999999999999,0.04619999999999999,0.055600000000000004,0.052,0.0586,0.07940000000000001,0.007
2.7353745698402894,-0.0136,0.0192,0.08979999999999998,0.1016,0.02059999999999999,0.052,0.049,0.024200000000000006,-0.012399999999999996,0.0346,0.07840000000000001,0.0404,0.0264,-0.008399999999999993,0.0144,0.0418,0.028999999999999995,0.03359999999999999,0.04,0.0296,0.05320000000000001,0.053399999999999996,-0.001399999999999998
2.7323006412092634,-0.0075999999999999904,0.016799999999999995,0.07940000000000001,0.11480000000000001,0.039799999999999995,0.05859999999999999,0.05879999999999999,0.0242,-0.0003999999999999906,0.026000000000000002,0.08120000000000001,0.0412,0.024800000000000003,0.0052000000000000084,0.034,0.0492,0.019399999999999997,0.039200000000000006,0.0318,0.02840000000000001,0.0562,0.0714,0.005600000000000003
2.7292336135933444,-0.020199999999999996,0.010400000000000003,0.061200000000000004,0.10679999999999999,0.0514,0.0578,0.077,0.0198,-0.0007999999999999954,0.014599999999999997,0.0756,0.046,0.011799999999999998,0.011399999999999999,0.038,0.053200000000000004,0.0232,0.039799999999999995,0.054200000000000005,0.032600000000000004,0.0564,0.08020000000000001,0.0174
2.7261734637792676,-0.011399999999999988,0.0272,0.061,0.1092,0.0608,0.0722,0.075,0.0206,0.013400000000000007,0.027600000000000003,0.071,0.05279999999999999,0.005599999999999999,0.024399999999999998,0.056,0.0574,0.02240000000000001,0.026999999999999996,0.055,0.0428,0.0734,0.0844,0.0256
2.7231201686577653,-0.007600000000000005,0.034199999999999994,0.0584,0.12179999999999999,0.045399999999999996,0.0884,0.07679999999999998,0.0216,0.011999999999999997,0.016199999999999996,0.0704,0.053,0.0017999999999999967,0.0378,0.0544,0.0512,0.030600000000000006,0.0312,0.039200000000000006,0.0412,0.06879999999999999,0.0968,0.020199999999999996
2.72007370522298,-0.0021999999999999975,0.021399999999999992,0.0412,0.1186,0.0434,0.0862,0.07859999999999999,0.017200000000000003,0.014800000000000004,0.0011999999999999975,0.07440000000000001,0.048600000000000004,0.011400000000000004,0.04719999999999999,0.032999999999999995,0.0438,0.0246,0.0282,0.0286,0.0348,0.06279999999999998,0.08,0.046200000000000005
2.716974517408357,0.011399999999999999,0.015199999999999988,0.040799999999999996,0.12119999999999997,0.03359999999999999,0.07740000000000001,0.0932,0.012799999999999995,0.0286,0.004800000000000001,0.09459999999999999,0.0516,0.0224,0.0652,0.024399999999999998,0.030199999999999994,0.03040000000000001,0.038800000000000015,0.0386,0.03439999999999999,0.0634,0.061399999999999996,0.0624
2.71394178157146,0.03720000000000001,0.015200000000000007,0.046200000000000005,0.1036,0.04460000000000001,0.0644,0.09079999999999999,-0.008000000000000004,0.03920000000000001,0.009800000000000005,0.0874,0.045200000000000004,0.027800000000000002,0.0752,0.0294,0.020999999999999998,0.03560000000000001,0.0304,0.03360000000000001,0.0212,0.0482,0.0414,0.07659999999999999
2.7109158085743643,0.0368,0.0214,0.062200000000000005,0.11120000000000001,0.0578,0.0658,0.08499999999999999,-0.013000000000000003,0.04920000000000001,0.024000000000000004,0.0884,0.031199999999999995,0.046000000000000006,0.0762,0.0506,0.0316,0.0438,0.03499999999999999,0.03540000000000001,0.023600000000000003,0.0416,0.030999999999999996,0.08020000000000001
2.707896575821104,0.03499999999999999,0.03559999999999999,0.0886,0.1338,0.08000000000000002,0.08500000000000002,0.09140000000000001,-0.0007999999999999971,0.0732,0.059,0.11159999999999999,0.0404,0.06980000000000001,0.0846,0.08,0.055200000000000006,0.07,0.055400000000000005,0.05500000000000001,0.0354,0.0606,0.04439999999999998,0.09359999999999999
2.7048840608162643,0.037,0.0224,0.1016,0.134,0.0676,0.09820000000000001,0.07939999999999997,-0.003999999999999997,0.0736,0.05719999999999999,0.0968,0.0446,0.05199999999999999,0.07539999999999998,0.07179999999999999,0.058,0.0814,0.0422,0.02959999999999999,0.026999999999999993,0.051,0.0264,0.08839999999999998
2.7018782411644224,0.0288,0.0224,0.111,0.10740000000000001,0.0434,0.1042,0.08079999999999998,0.0034000000000000046,0.06520000000000001,0.0708,0.0736,0.049600000000000005,0.0386,0.046799999999999994,0.048799999999999996,0.0394,0.07579999999999999,0.03400000000000001,0.017,0.022,0.0374,0.006600000000000002,0.06939999999999998
2.698879094569594,0.022600000000000002,0.03320000000000001,0.1276,0.11159999999999999,0.032600000000000004,0.1004,0.0818,0.022000000000000002,0.07480000000000002,0.09820000000000001,0.079,0.055799999999999995,0.0538,0.047799999999999995,0.05979999999999999,0.038799999999999994,0.0694,0.043,0.01580000000000001,0.030600000000000006,0.0412,0.007800000000000005,0.08259999999999999
2.695886598834681,0.026199999999999998,0.039799999999999995,0.13479999999999998,0.10280000000000002,0.035800000000000005,0.09679999999999998,0.0884,0.05140000000000001,0.0758,0.11,0.08579999999999999,0.061000000000000006,0.07579999999999999,0.049000000000000016,0.064,0.045200000000000004,0.0674,0.06760000000000001,0.02660000000000001,0.04440000000000001,0.046200000000000005,0.012600000000000005,0.08020000000000001
2.6929007318609246,0.039200000000000006,0.061399999999999996,0.14079999999999998,0.11359999999999999,0.05560000000000001,0.094,0.0992,0.07379999999999999,0.0824,0.12499999999999999,0.09720000000000001,0.0736,0.094,0.054,0.0762,0.056799999999999996,0.076,0.08120000000000001,0.0554,0.07440000000000001,0.07180000000000002,0.014000000000000004,0.0938
2.68992147164736,0.0572,0.09259999999999999,0.16879999999999998,0.1338,0.07060000000000001,0.10679999999999998,0.12359999999999999,0.09040000000000001,0.0928,0.14999999999999997,0.10979999999999997,0.0834,0.0992,0.0732,0.11199999999999999,0.072,0.074,0.09280000000000001,0.08320000000000002,0.0988,0.09559999999999999,0.0438,0.08679999999999999
2.6868905742145177,0.0662,0.12040000000000001,0.1788,0.1222,0.0728,0.12919999999999998,0.1162,0.115,0.1032,0.1558,0.0996,0.0856,0.09479999999999998,0.07099999999999998,0.1142,0.0852,0.07079999999999999,0.0842,0.09079999999999999,0.1012,0.09479999999999998,0.0628,0.0722
2.6839245903768316,0.0638,0.133,0.18359999999999996,0.1278,0.061799999999999994,0.14339999999999997,0.12459999999999999,0.1348,0.101,0.14279999999999998,0.09359999999999999,0.0848,0.08999999999999998,0.06960000000000001,0.1026,0.1032,0.0726,0.07799999999999999,0.1018,0.0994,0.0996,0.0834,0.062200000000000005
2.680965147453083,0.061,0.13219999999999998,0.18559999999999996,0.12179999999999998,0.0584,0.1382,0.12580000000000002,0.15259999999999999,0.09259999999999999,0.13779999999999995,0.09679999999999998,0.09399999999999999,0.08799999999999998,0.07759999999999999,0.0884,0.101,0.0866,0.0808,0.09620000000000001,0.10540000000000001,0.10599999999999998,0.1016,0.053599999999999995
2.6780122238299895,0.0652,0.12699999999999997,0.16579999999999995,0.11019999999999998,0.0544,0.1266,0.1466,0.15319999999999998,0.0834,0.12539999999999998,0.0884,0.08459999999999998,0.0834,0.09,0.07659999999999999,0.094,0.0964,0.0824,0.0716,0.1162,0.1102,0.10399999999999998,0.03439999999999999
2.6750657979893857,0.064,0.13399999999999998,0.16,0.1156,0.07019999999999998,0.12359999999999999,0.158,0.15919999999999998,0.0874,0.13079999999999997,0.1154,0.07499999999999998,0.1034,0.1,0.0942,0.10520000000000002,0.10399999999999998,0.093,0.09040000000000001,0.1294,0.1196,0.12819999999999998,0.039200000000000006
2.672125848507704,0.04319999999999999,0.13219999999999996,0.16160000000000002,0.12259999999999996,0.08599999999999998,0.10099999999999999,0.1456,0.15580000000000002,0.09620000000000001,0.11859999999999998,0.1336,0.07119999999999999,0.0932,0.107,0.11779999999999999,0.1166,0.1006,0.0862,0.10380000000000002,0.12799999999999997,0.1266,0.1356,0.048600000000000004
2.6691923540554505,0.0396,0.11799999999999998,0.15940000000000001,0.12359999999999997,0.09340000000000001,0.10299999999999998,0.1328,0.14299999999999996,0.08259999999999999,0.1002,0.131,0.061799999999999994,0.088,0.0942,0.127,0.12,0.1146,0.07659999999999999,0.09440000000000001,0.11559999999999998,0.1382,0.12199999999999998,0.0424
2.666265293396693,0.0354,0.11579999999999999,0.1704,0.1232,0.0994,0.09540000000000001,0.13700000000000004,0.13179999999999997,0.07680000000000001,0.0952,0.1414,0.05160000000000001,0.08900000000000001,0.09759999999999999,0.129,0.12340000000000002,0.1292,0.07940000000000001,0.10460000000000003,0.11879999999999999,0.155,0.1306,0.0582
2.663344645388548,0.0362,0.09899999999999999,0.1706,0.114,0.1154,0.0992,0.14240000000000003,0.129,0.0882,0.0994,0.14479999999999998,0.05600000000000001,0.07799999999999999,0.11460000000000002,0.13160000000000002,0.1298,0.1212,0.0896,0.1174,0.1056,0.1642,0.1412,0.0694
2.6604303889806693,0.020199999999999996,0.08999999999999998,0.1678,0.1308,0.1276,0.1032,0.13520000000000001,0.1298,0.1016,0.105,0.14479999999999998,0.06580000000000001,0.09279999999999998,0.12,0.1276,0.1428,0.1286,0.10080000000000001,0.13079999999999997,0.1162,0.1802,0.14980000000000002,0.0996
2.6575225032147447,0.014999999999999998,0.0848,0.163,0.15380000000000002,0.1466,0.0886,0.1364,0.1146,0.1024,0.101,0.15880000000000002,0.07680000000000001,0.09879999999999999,0.13340000000000002,0.135,0.1482,0.13079999999999997,0.122,0.1374,0.1376,0.1948,0.1606,0.1196
2.654620967223994,-0.011400000000000006,0.09540000000000001,0.1618,0.1588,0.1482,0.08979999999999999,0.1424,0.1264,0.10940000000000001,0.11299999999999999,0.16559999999999997,0.09040000000000002,0.1012,0.13159999999999997,0.1514,0.14559999999999998,0.1196,0.136,0.1328,0.1696,0.1984,0.1714,0.13140000000000002
2.6517257602326674,-0.004800000000000001,0.11359999999999999,0.1612,0.1742,0.173,0.12459999999999999,0.15660000000000002,0.13340000000000002,0.1274,0.1232,0.1904,0.1292,0.1168,0.13599999999999998,0.1736,0.15499999999999997,0.1164,0.15419999999999998,0.1508,0.1844,0.2122,0.19540000000000002,0.1616
2.6488368615555506,0.0004000000000000012,0.1324,0.1718,0.18380000000000002,0.18740000000000004,0.1476,0.1572,0.14759999999999998,0.13939999999999997,0.12919999999999998,0.2058,0.15480000000000002,0.11679999999999999,0.12819999999999998,0.1824,0.15580000000000002,0.1108,0.159,0.18619999999999998,0.193,0.21480000000000002,0.21059999999999995,0.2058
2.6459542505974736,-0.0036000000000000016,0.14059999999999997,0.1758,0.17199999999999996,0.18980000000000002,0.157,0.1606,0.1422,0.14759999999999998,0.11959999999999997,0.17959999999999995,0.16140000000000002,0.1034,0.1264,0.1676,0.14039999999999997,0.1192,0.1692,0.2022,0.2112,0.2114,0.20959999999999995,0.22619999999999998
2.643077906852819,0.017799999999999996,0.142,0.1632,0.1766,0.18859999999999996,0.17260000000000003,0.1734,0.14199999999999996,0.1544,0.11319999999999998,0.18359999999999999,0.1502,0.1152,0.13,0.149,0.14939999999999998,0.13900000000000004,0.184,0.2034,0.2342,0.219,0.2104,0.2516
2.6402078099050375,0.0232,0.1442,0.1464,0.16219999999999998,0.184,0.161,0.1854,0.1466,0.15319999999999998,0.11979999999999999,0.17760000000000004,0.14479999999999998,0.11079999999999998,0.13460000000000003,0.12739999999999996,0.1406,0.1262,0.1968,0.2002,0.2398,0.211,0.21159999999999998,0.2598
2.637343939426165,0.005799999999999993,0.1222,0.1142,0.1562,0.16299999999999998,0.144,0.1732,0.12299999999999998,0.13939999999999997,0.10959999999999998,0.16419999999999998,0.13019999999999998,0.08979999999999999,0.11200000000000002,0.10779999999999997,0.1212,0.1062,0.1666,0.17319999999999997,0.2214,0.17879999999999996,0.1916,0.2516
2.6344862751763407,0.011200000000000003,0.13240000000000002,0.10940000000000001,0.15880000000000002,0.15,0.1458,0.15780000000000002,0.1276,0.1316,0.11220000000000001,0.17500000000000002,0.12479999999999997,0.0968,0.1014,0.09279999999999997,0.122,0.1196,0.16540000000000002,0.16579999999999998,0.2422,0.1614,0.188,0.2536
2.631634797003332,0.0202,0.13799999999999998,0.10940000000000001,0.1372,0.1392,0.14420000000000002,0.1548,0.13279999999999997,0.12440000000000001,0.10740000000000001,0.16019999999999998,0.12,0.07959999999999998,0.0958,0.083,0.10840000000000001,0.12040000000000001,0.15619999999999998,0.1476,0.24,0.14639999999999997,0.18799999999999992,0.23619999999999994
2.6287894848420605,0.004999999999999988,0.11839999999999998,0.11159999999999999,0.11040000000000001,0.13319999999999999,0.1474,0.1466,0.15639999999999998,0.12359999999999999,0.1066,0.1462,0.117,0.08299999999999999,0.07540000000000001,0.086,0.093,0.1152,0.13659999999999997,0.1452,0.23079999999999995,0.1314,0.17779999999999999,0.22719999999999996
2.6259503187141315,0.001799999999999992,0.08599999999999998,0.10099999999999999,0.0882,0.1364,0.135,0.13119999999999998,0.1482,0.12420000000000002,0.1034,0.13679999999999995,0.1022,0.0814,0.071,0.07659999999999999,0.0994,0.12879999999999997,0.1294,0.151,0.2134,0.12499999999999999,0.16579999999999998,0.22559999999999997
2.623117278727365,0.0021999999999999993,0.0742,0.10199999999999998,0.08220000000000001,0.1276,0.1368,0.12020000000000002,0.14279999999999998,0.1142,0.108,0.117,0.0732,0.071,0.07740000000000001,0.07080000000000002,0.10579999999999999,0.137,0.13379999999999997,0.1488,0.2039999999999999,0.12580000000000002,0.1528,0.22159999999999996
2.6202903450753334,-0.007200000000000001,0.0586,0.09340000000000001,0.08059999999999999,0.11159999999999998,0.13399999999999998,0.11359999999999999,0.1326,0.11359999999999999,0.11399999999999999,0.10859999999999999,0.07280000000000002,0.074,0.0818,0.0712,0.10579999999999999,0.1484,0.135,0.13040000000000002,0.1998,0.12479999999999998,0.152,0.2084
2.6174694980368978,-0.006799999999999999,0.05680000000000002,0.0868,0.08120000000000001,0.1092,0.13539999999999996,0.1222,0.13660000000000003,0.0994,0.1252,0.11679999999999999,0.0814,0.0848,0.0814,0.07659999999999999,0.1076,0.14639999999999997,0.13879999999999998,0.13379999999999997,0.1834,0.13359999999999997,0.16659999999999997,0.1956
2.614654717975751,-0.017,0.06720000000000001,0.1052,0.0842,0.1114,0.13219999999999998,0.1192,0.13360000000000002,0.0854,0.1418,0.1102,0.0886,0.1028,0.0828,0.07659999999999999,0.1036,0.139,0.1468,0.1438,0.1732,0.1424,0.17579999999999998,0.18380000000000002
2.6118459853399614,-0.0174,0.0626,0.11159999999999999,0.0984,0.11399999999999999,0.1346,0.1068,0.148,0.08120000000000001,0.13920000000000002,0.1114,0.0942,0.1018,0.083,0.0848,0.1072,0.1392,0.14759999999999998,0.14479999999999998,0.1814,0.14199999999999996,0.17659999999999998,0.16739999999999997
2.6090432806615187,-0.0166,0.067,0.1066,0.1052,0.1216,0.1454,0.10600000000000001,0.1714,0.0884,0.1256,0.1024,0.10199999999999998,0.1134,0.0838,0.0964,0.10859999999999999,0.1368,0.1558,0.14859999999999995,0.18180000000000002,0.1372,0.18919999999999995,0.1522
2.6062465845558873,-0.0264,0.064,0.1028,0.1044,0.1274,0.14079999999999998,0.10880000000000001,0.16919999999999996,0.081,0.1128,0.09340000000000001,0.1016,0.11159999999999999,0.0752,0.11899999999999998,0.1044,0.13219999999999998,0.1352,0.1354,0.1556,0.1444,0.179,0.1396
2.603455877721556,-0.03459999999999999,0.0644,0.085,0.0874,0.1332,0.12779999999999997,0.10280000000000002,0.16219999999999998,0.07060000000000001,0.0986,0.09540000000000001,0.08159999999999996,0.1052,0.060399999999999995,0.11179999999999998,0.1076,0.1336,0.1128,0.1192,0.15039999999999998,0.139,0.158,0.13300000000000003
2.600671140939597,-0.016199999999999996,0.075,0.08120000000000001,0.10640000000000001,0.1414,0.12799999999999997,0.10959999999999999,0.15080000000000002,0.073,0.1026,0.0838,0.08699999999999998,0.1012,0.08159999999999999,0.1032,0.12459999999999999,0.15239999999999998,0.1196,0.12179999999999999,0.15819999999999998,0.15020000000000003,0.16539999999999996,0.13060000000000002
2.5978923550732227,0.005600000000000003,0.082,0.08259999999999998,0.13340000000000002,0.15419999999999998,0.14339999999999997,0.11780000000000002,0.14579999999999999,0.06779999999999999,0.1078,0.0892,0.09579999999999998,0.1158,0.09459999999999999,0.1052,0.1146,0.15159999999999998,0.11880000000000002,0.1182,0.1564,0.15380000000000002,0.16959999999999997,0.12300000000000001
2.5951738138590654,0.0112,0.09040000000000001,0.07440000000000001,0.1306,0.15580000000000002,0.11999999999999998,0.10959999999999999,0.14539999999999997,0.0652,0.09659999999999998,0.0984,0.096,0.1168,0.0882,0.0948,0.09679999999999998,0.137,0.11520000000000001,0.1182,0.157,0.14720000000000003,0.1668,0.12480000000000001
2.592406756982773,0.005599999999999996,0.09140000000000001,0.06659999999999999,0.1254,0.15919999999999998,0.1028,0.0886,0.139,0.062,0.0718,0.0856,0.07440000000000001,0.1008,0.08059999999999999,0.082,0.0874,0.115,0.10280000000000002,0.11320000000000001,0.13040000000000002,0.12799999999999997,0.1502,0.1038
2.5896455944698538,0.011400000000000004,0.10400000000000001,0.0726,0.13079999999999997,0.1682,0.1134,0.09340000000000001,0.1474,0.09240000000000001,0.084,0.0836,0.0768,0.107,0.0906,0.0964,0.0998,0.124,0.1098,0.1134,0.13119999999999998,0.1176,0.13279999999999997,0.11440000000000002
2.5868903075061542,0.004399999999999996,0.097,0.05240000000000001,0.12220000000000002,0.16859999999999997,0.1118,0.08120000000000001,0.1388,0.1034,0.0584,0.06319999999999999,0.07540000000000001,0.0886,0.08479999999999999,0.0892,0.08979999999999999,0.12359999999999999,0.09340000000000001,0.0886,0.12420000000000002,0.08679999999999999,0.122,0.1148
2.5841408773575076,0.0023999999999999985,0.1056,0.0502,0.1256,0.169,0.10579999999999998,0.07440000000000001,0.12359999999999999,0.11220000000000001,0.04979999999999998,0.06659999999999999,0.0676,0.0814,0.07479999999999998,0.0852,0.07479999999999998,0.1252,0.07479999999999999,0.08940000000000001,0.109,0.07159999999999998,0.1294,0.1212
2.5813972853693063,0.0134,0.129,0.0634,0.12440000000000001,0.1664,0.11320000000000001,0.0842,0.1272,0.1252,0.0788,0.077,0.07579999999999999,0.0906,0.08499999999999999,0.08979999999999999,0.0724,0.137,0.0828,0.09980000000000001,0.1178,0.08399999999999999,0.129,0.12799999999999997
2.578659512966082,0.02900000000000001,0.136,0.07,0.1264,0.154,0.1222,0.09480000000000001,0.13140000000000002,0.13579999999999998,0.1066,0.06759999999999998,0.08940000000000001,0.09639999999999997,0.104,0.0772,0.0714,0.1416,0.0964,0.12020000000000002,0.13319999999999999,0.08020000000000001,0.1406,0.13879999999999998
2.5759275416510863,0.0224,0.1152,0.071,0.13340000000000002,0.1296,0.12159999999999999,0.07779999999999998,0.119,0.11699999999999998,0.09720000000000001,0.0546,0.1002,0.0902,0.10740000000000001,0.056600000000000004,0.052,0.12359999999999999,0.09779999999999998,0.12819999999999998,0.10139999999999998,0.0676,0.13759999999999997,0.12039999999999998
2.5732013530058726,0.0212,0.12319999999999998,0.0752,0.13019999999999998,0.1232,0.12899999999999998,0.075,0.1158,0.11220000000000001,0.08819999999999997,0.0662,0.09520000000000002,0.10139999999999998,0.096,0.0642,0.0308,0.1066,0.10199999999999998,0.1266,0.0876,0.05479999999999999,0.1144,0.10959999999999998
2.570480928689884,-0.006800000000000008,0.12779999999999997,0.079,0.1046,0.10779999999999999,0.1176,0.0676,0.11079999999999998,0.10759999999999997,0.0756,0.0572,0.0768,0.08579999999999999,0.0938,0.0544,0.023,0.1056,0.10199999999999998,0.1212,0.0746,0.0464,0.08919999999999997,0.09820000000000001
2.567819424311452,-0.005999999999999997,0.1266,0.0882,0.11220000000000001,0.10479999999999999,0.11599999999999999,0.0732,0.1076,0.11299999999999999,0.08079999999999998,0.0482,0.07740000000000001,0.0772,0.1072,0.053200000000000004,0.030399999999999996,0.1072,0.0952,0.1176,0.0702,0.043,0.1028,0.09459999999999999
2.5651103618046793,0.0036000000000000016,0.12179999999999999,0.0986,0.108,0.09820000000000001,0.1144,0.093,0.10699999999999998,0.11559999999999998,0.09140000000000001,0.058,0.0908,0.0836,0.107,0.0502,0.046200000000000005,0.114,0.08899999999999998,0.1222,0.07119999999999999,0.053200000000000004,0.1072,0.1004
2.562407009423045,-0.004800000000000001,0.0994,0.0886,0.10840000000000001,0.09140000000000001,0.0938,0.0832,0.0912,0.09359999999999997,0.08679999999999999,0.0444,0.07640000000000001,0.0734,0.1034,0.0366,0.0422,0.099,0.07479999999999998,0.1002,0.05879999999999999,0.052399999999999995,0.10219999999999997,0.0848
2.5597093491319693,0.0033999999999999985,0.10080000000000001,0.09559999999999999,0.12340000000000001,0.07759999999999999,0.09380000000000001,0.0866,0.1082,0.0836,0.113,0.055200000000000006,0.0828,0.07859999999999999,0.1072,0.057600000000000005,0.0512,0.10479999999999999,0.0708,0.09759999999999999,0.0584,0.0668,0.11220000000000001,0.0832
2.557017362972739,-0.004600000000000006,0.09140000000000001,0.094,0.1066,0.07540000000000001,0.0868,0.09340000000000001,0.10859999999999999,0.0722,0.1102,0.0456,0.08479999999999999,0.087,0.11279999999999998,0.063,0.05019999999999999,0.10859999999999999,0.08279999999999998,0.0824,0.0626,0.0708,0.10859999999999999,0.078
2.554331033062107,-0.0021999999999999975,0.0768,0.0964,0.10700000000000001,0.09040000000000001,0.07640000000000001,0.09459999999999999,0.09420000000000002,0.0692,0.0984,0.0476,0.08220000000000001,0.07759999999999999,0.10799999999999998,0.05840000000000001,0.0626,0.1028,0.0854,0.07999999999999999,0.0586,0.0762,0.1032,0.08099999999999999
2.5517028500874575,-0.0258,0.073,0.0984,0.11260000000000002,0.0964,0.0616,0.0884,0.08680000000000002,0.067,0.06719999999999998,0.054,0.0682,0.07840000000000001,0.0858,0.0514,0.0578,0.08220000000000001,0.0718,0.056199999999999986,0.0414,0.0752,0.0884,0.0712
2.5490276692842166,-0.012399999999999996,0.0918,0.1128,0.1264,0.117,0.072,0.1076,0.09340000000000001,0.093,0.0678,0.0756,0.08640000000000002,0.1036,0.093,0.084,0.08620000000000001,0.1022,0.09140000000000001,0.0716,0.062,0.082,0.09240000000000001,0.084
2.5463580918742426,-0.0061999999999999954,0.0912,0.1146,0.12359999999999999,0.12380000000000001,0.071,0.097,0.0856,0.1062,0.06960000000000001,0.0752,0.0808,0.0974,0.09399999999999999,0.0834,0.1034,0.1014,0.0846,0.0752,0.062,0.0938,0.1138,0.088
2.54369410027078,0.010999999999999998,0.09340000000000001,0.12040000000000001,0.12799999999999997,0.12380000000000001,0.0742,0.0922,0.0798,0.1098,0.0702,0.07640000000000001,0.0958,0.0922,0.08999999999999998,0.0916,0.1012,0.0892,0.0798,0.0716,0.0752,0.1004,0.11359999999999999,0.08680000000000002
2.5410356769605933,-0.002400000000000003,0.0856,0.10979999999999998,0.1046,0.10840000000000001,0.08020000000000001,0.08259999999999999,0.0742,0.10099999999999999,0.0632,0.075,0.0952,0.09620000000000001,0.0662,0.09340000000000001,0.0916,0.0808,0.07759999999999999,0.062200000000000005,0.06579999999999998,0.09599999999999999,0.0818,0.0564
2.5383828045035823,-0.016800000000000002,0.08220000000000001,0.08699999999999998,0.0872,0.09659999999999998,0.06579999999999998,0.0718,0.074,0.0834,0.0516,0.065,0.0762,0.09380000000000001,0.05,0.0878,0.06919999999999998,0.0586,0.07900000000000001,0.047,0.06919999999999998,0.0902,0.07,0.042
2.5357873210633946,-0.003999999999999994,0.093,0.0988,0.08679999999999999,0.1004,0.07899999999999999,0.0768,0.082,0.0856,0.0546,0.0716,0.0932,0.09500000000000001,0.0454,0.0984,0.0712,0.069,0.09000000000000002,0.0708,0.09079999999999999,0.09240000000000001,0.07540000000000001,0.0416
2.5331453902882473,-0.0017999999999999971,0.09,0.0942,0.067,0.1144,0.0852,0.07800000000000001,0.0674,0.085,0.0516,0.0688,0.08099999999999999,0.07799999999999999,0.0384,0.0858,0.05840000000000001,0.057600000000000005,0.08599999999999998,0.0808,0.09379999999999998,0.09280000000000001,0.0624,0.0344
2.5305089588180074,0.0021999999999999993,0.08499999999999999,0.0886,0.08099999999999999,0.1012,0.106,0.0772,0.0654,0.08940000000000001,0.0538,0.069,0.0842,0.07179999999999999,0.038200000000000005,0.0844,0.0682,0.060000000000000005,0.07840000000000001,0.09359999999999997,0.093,0.09939999999999997,0.05279999999999999,0.0404
2.5278780094999287,-0.013000000000000003,0.0674,0.0688,0.0626,0.06559999999999998,0.09799999999999999,0.054000000000000006,0.056,0.07540000000000001,0.0448,0.056199999999999986,0.0752,0.06679999999999998,0.0228,0.0736,0.056600000000000004,0.0512,0.06459999999999999,0.0814,0.0838,0.08020000000000001,0.02759999999999999,0.035
2.525252525252525,-1.7763568394002505e-18,0.05900000000000001,0.057,0.045,0.0516,0.08779999999999999,0.05660000000000002,0.045,0.07859999999999999,0.04240000000000001,0.0562,0.0814,0.0718,0.028399999999999998,0.05919999999999999,0.05560000000000002,0.0448,0.0654,0.08519999999999997,0.0846,0.0668,0.026999999999999996,0.0394
2.5226838100663223,0.009200000000000003,0.0574,0.057600000000000005,0.0428,0.0426,0.08119999999999998,0.06480000000000001,0.05740000000000001,0.0912,0.060399999999999995,0.0512,0.07860000000000002,0.08080000000000001,0.0384,0.0446,0.05180000000000002,0.04100000000000001,0.056999999999999995,0.0838,0.0948,0.0714,0.0342,0.0416
2.5200690986688343,0.002800000000000004,0.06160000000000001,0.0536,0.045399999999999996,0.031,0.0752,0.0824,0.0722,0.0884,0.0578,0.056799999999999996,0.0792,0.085,0.033,0.035199999999999995,0.048,0.0416,0.0514,0.07740000000000001,0.1026,0.0722,0.024,0.048799999999999996
2.517459801851551,0.0212,0.072,0.062200000000000005,0.0592,0.0442,0.083,0.1004,0.0964,0.094,0.06700000000000002,0.07160000000000001,0.0866,0.1034,0.041,0.0378,0.0726,0.049400000000000006,0.061200000000000004,0.09259999999999999,0.10199999999999998,0.07759999999999999,0.0426,0.07180000000000002
2.514855902812988,0.037399999999999996,0.0724,0.06559999999999999,0.069,0.0588,0.0856,0.1144,0.1082,0.0882,0.061200000000000004,0.06620000000000001,0.07979999999999998,0.0994,0.0396,0.0362,0.07759999999999999,0.0514,0.0668,0.1024,0.1166,0.0892,0.05,0.094
2.512308284539174,0.045799999999999993,0.0814,0.0902,0.0848,0.0746,0.1076,0.1264,0.12159999999999999,0.11220000000000001,0.0748,0.0722,0.1,0.09079999999999999,0.063,0.053,0.0814,0.0804,0.07379999999999999,0.1184,0.1252,0.0878,0.0626,0.1082
2.509715025906736,0.041,0.08159999999999999,0.0912,0.09040000000000001,0.07679999999999998,0.1056,0.125,0.1182,0.11480000000000001,0.0608,0.0862,0.08579999999999999,0.0838,0.06599999999999999,0.056799999999999996,0.075,0.07119999999999999,0.075,0.0992,0.1216,0.08259999999999998,0.076,0.115
2.5071271153885037,0.0512,0.0906,0.0996,0.10540000000000001,0.0804,0.1128,0.1238,0.1262,0.11259999999999999,0.0538,0.10900000000000001,0.09140000000000001,0.0906,0.0702,0.0596,0.07999999999999999,0.0728,0.0872,0.08559999999999998,0.1232,0.0834,0.08,0.12240000000000001
2.5045445364572814,0.05240000000000001,0.0782,0.11220000000000001,0.092,0.0832,0.0984,0.12879999999999997,0.13379999999999997,0.10640000000000001,0.0588,0.1124,0.09179999999999998,0.09079999999999999,0.061200000000000004,0.0526,0.07959999999999999,0.0616,0.07959999999999999,0.07640000000000001,0.1252,0.0716,0.0724,0.11040000000000001
2.5020177562550443,0.0608,0.0856,0.12499999999999999,0.0942,0.09799999999999999,0.0902,0.143,0.1334,0.10400000000000001,0.066,0.10840000000000001,0.08959999999999999,0.0874,0.05679999999999999,0.0506,0.0762,0.0704,0.0742,0.07440000000000001,0.1238,0.07179999999999999,0.0888,0.10840000000000001
2.499445687448348,0.0686,0.0824,0.13079999999999997,0.10900000000000001,0.1032,0.0988,0.136,0.13179999999999997,0.09660000000000002,0.07679999999999998,0.10740000000000001,0.088,0.07759999999999999,0.055600000000000004,0.07379999999999998,0.078,0.07780000000000001,0.07940000000000001,0.0818,0.11659999999999998,0.07099999999999998,0.0984,0.10299999999999998
2.4968789013732833,0.048600000000000004,0.06979999999999999,0.12179999999999999,0.1082,0.09839999999999997,0.09359999999999999,0.12840000000000001,0.09839999999999997,0.06620000000000001,0.060799999999999986,0.1056,0.0664,0.0432,0.035800000000000005,0.078,0.0606,0.07160000000000001,0.07800000000000001,0.073,0.1002,0.0722,0.1022,0.08659999999999998
2.4943173817713675,0.030999999999999993,0.05159999999999999,0.1154,0.0916,0.09199999999999998,0.0836,0.114,0.07979999999999998,0.046,0.06420000000000001,0.09079999999999999,0.056600000000000004,0.0224,0.024,0.07559999999999999,0.0494,0.0586,0.0704,0.064,0.087,0.061200000000000004,0.10539999999999998,0.06479999999999998
2.4918111850169806,0.007399999999999995,0.0458,0.1028,0.07479999999999999,0.0834,0.0756,0.10419999999999997,0.0616,0.033400000000000006,0.03819999999999999,0.07199999999999998,0.0436,0.012600000000000002,0.011200000000000003,0.07640000000000001,0.0312,0.066,0.0654,0.0518,0.087,0.055600000000000004,0.099,0.052399999999999995
2.4892600473762396,-0.007000000000000001,0.047200000000000006,0.1028,0.0692,0.0884,0.0808,0.09,0.0464,0.0314,0.037,0.0654,0.055,0.0027999999999999965,0.023200000000000005,0.0788,0.04220000000000001,0.0722,0.0518,0.041,0.0864,0.05920000000000001,0.09559999999999999,0.0484
2.4867141281459944,0.005200000000000005,0.055,0.10480000000000002,0.0692,0.0932,0.0768,0.07179999999999999,0.0264,0.026600000000000006,0.0264,0.056,0.0528,0.022200000000000008,0.02180000000000001,0.0698,0.06600000000000002,0.0598,0.044599999999999994,0.04440000000000001,0.0844,0.078,0.08299999999999999,0.0538
2.4842231794049887,0.004200000000000005,0.072,0.1072,0.056600000000000004,0.1024,0.0734,0.06620000000000001,0.024600000000000004,0.0238,0.0348,0.05,0.0536,0.032,0.013600000000000001,0.0666,0.0724,0.061200000000000004,0.021399999999999995,0.055,0.08080000000000001,0.0898,0.07159999999999998,0.061200000000000004
2.4816875475323217,0.0002000000000000054,0.0756,0.12320000000000002,0.0624,0.1012,0.0654,0.0772,0.04420000000000001,0.037,0.053399999999999996,0.0446,0.0584,0.048799999999999996,0.017800000000000003,0.073,0.09540000000000003,0.068,0.038799999999999994,0.07780000000000001,0.08020000000000002,0.098,0.08220000000000001,0.06520000000000001
2.479157086590559,0.0027999999999999974,0.0996,0.1226,0.085,0.09659999999999999,0.0762,0.06599999999999998,0.0508,0.0428,0.061799999999999994,0.0418,0.06720000000000001,0.052,0.028199999999999996,0.081,0.106,0.07740000000000001,0.055200000000000006,0.09720000000000001,0.0868,0.11120000000000001,0.096,0.07859999999999999
2.4766317807781415,-0.0058,0.116,0.1268,0.08979999999999998,0.09820000000000001,0.0916,0.060399999999999975,0.053200000000000004,0.043,0.052399999999999995,0.0522,0.0736,0.0496,0.0456,0.07740000000000001,0.10099999999999999,0.0736,0.0692,0.109,0.0896,0.12459999999999999,0.0922,0.0798
2.4741609800869946,-0.029800000000000004,0.1162,0.13079999999999997,0.082,0.1052,0.083,0.0594,0.0506,0.0428,0.0512,0.0604,0.0752,0.040799999999999996,0.0482,0.0678,0.1008,0.07859999999999999,0.07640000000000001,0.113,0.1026,0.1306,0.0772,0.0872
2.471645837070701,-0.0418,0.1194,0.12419999999999998,0.0632,0.09540000000000001,0.06779999999999999,0.037200000000000004,0.0636,0.04419999999999999,0.048600000000000004,0.0534,0.0746,0.03499999999999999,0.0458,0.058,0.1024,0.081,0.0594,0.10940000000000001,0.0948,0.12079999999999998,0.0554,0.09199999999999998
2.4691358024691357,-0.045,0.1114,0.11959999999999998,0.046,0.082,0.06559999999999999,0.03479999999999999,0.0586,0.0466,0.024999999999999994,0.0544,0.08020000000000001,0.035399999999999994,0.0406,0.0588,0.10099999999999999,0.10199999999999998,0.051,0.09839999999999997,0.08220000000000001,0.11159999999999998,0.05019999999999999,0.0896
2.466679928386712,-0.0546,0.0952,0.10279999999999999,0.045000000000000005,0.072,0.05059999999999999,0.019599999999999992,0.062400000000000004,0.0402,0.028199999999999992,0.053200000000000004,0.07579999999999999,0.023399999999999997,0.03560000000000001,0.0546,0.08979999999999998,0.1006,0.048600000000000004,0.08439999999999998,0.0704,0.09199999999999998,0.0424,0.07959999999999999
2.4641799646270943,-0.046,0.0858,0.0952,0.056799999999999996,0.061,0.039799999999999995,0.0222,0.07160000000000001,0.04360000000000001,0.032,0.06180000000000002,0.07659999999999999,0.04820000000000001,0.02759999999999999,0.0564,0.07840000000000001,0.10859999999999999,0.06359999999999998,0.0922,0.0636,0.08099999999999999,0.0546,0.08580000000000002
2.4616850631303104,-0.0424,0.0778,0.09240000000000001,0.0614,0.07080000000000002,0.0484,0.0368,0.09280000000000001,0.0418,0.04,0.08220000000000001,0.0846,0.054400000000000004,0.02500000000000001,0.0756,0.0866,0.1264,0.09540000000000001,0.11,0.07720000000000003,0.0742,0.07540000000000001,0.0874
2.4592439808020305,-0.05059999999999999,0.064,0.08,0.06780000000000001,0.0396,0.038,0.0282,0.08780000000000002,0.04380000000000002,0.020199999999999996,0.0704,0.09559999999999998,0.0474,0.023600000000000003,0.071,0.09480000000000001,0.1316,0.12359999999999999,0.11519999999999997,0.08200000000000002,0.06580000000000001,0.07799999999999999,0.0722
2.456759059299031,-0.04199999999999998,0.0586,0.07540000000000001,0.061200000000000004,0.037200000000000004,0.0402,0.027400000000000008,0.0702,0.041400000000000006,0.002000000000000001,0.0596,0.10540000000000001,0.0502,0.026600000000000006,0.085,0.09780000000000001,0.14,0.1318,0.13079999999999997,0.08840000000000002,0.057400000000000014,0.07840000000000001,0.077
2.454327731924074,-0.03059999999999999,0.076,0.09179999999999999,0.0752,0.07520000000000002,0.0656,0.067,0.076,0.06180000000000002,0.016400000000000012,0.07880000000000001,0.1266,0.0748,0.05780000000000002,0.1152,0.127,0.17360000000000003,0.15619999999999998,0.1588,0.11920000000000001,0.07500000000000001,0.1072,0.10640000000000001
2.4518527306521136,-0.032799999999999996,0.0652,0.07840000000000001,0.0642,0.06179999999999999,0.0626,0.068,0.06719999999999998,0.054799999999999995,0.009199999999999995,0.06259999999999999,0.13219999999999998,0.082,0.055,0.1222,0.146,0.19540000000000002,0.1556,0.15159999999999998,0.1162,0.0714,0.1108,0.11359999999999999
2.449382716049383,-0.027799999999999995,0.0746,0.0574,0.05319999999999999,0.0518,0.06620000000000001,0.06319999999999999,0.0658,0.052,0.0024000000000000002,0.047,0.1362,0.09459999999999999,0.0562,0.1242,0.15320000000000003,0.212,0.16019999999999998,0.152,0.11259999999999998,0.0834,0.1248,0.1172
2.4469659595461275,-0.010399999999999994,0.1066,0.0798,0.08059999999999999,0.085,0.09680000000000001,0.0906,0.083,0.08000000000000002,0.04040000000000001,0.07780000000000001,0.173,0.122,0.0856,0.16279999999999997,0.17160000000000003,0.2474,0.2086,0.18340000000000004,0.1498,0.105,0.149,0.16
2.444505776130584,0.0001999999999999966,0.12919999999999998,0.09720000000000001,0.12099999999999998,0.1022,0.10859999999999999,0.08899999999999998,0.10160000000000002,0.097,0.0598,0.0874,0.18,0.1272,0.11179999999999998,0.17379999999999998,0.17839999999999998,0.25639999999999996,0.2534,0.2122,0.1762,0.1248,0.1646,0.19159999999999996
2.4420505346909036,0.010999999999999998,0.15059999999999998,0.11499999999999999,0.13839999999999997,0.11599999999999999,0.12979999999999997,0.1128,0.1062,0.1226,0.0866,0.112,0.19440000000000002,0.16360000000000002,0.1372,0.2,0.22,0.2832,0.28540000000000004,0.2632,0.2112,0.172,0.2072,0.22319999999999998
2.439648218466563,0.023400000000000008,0.169,0.1366,0.1584,0.1316,0.1366,0.12919999999999998,0.11279999999999998,0.14859999999999998,0.1016,0.1408,0.213,0.1802,0.17439999999999997,0.2384,0.2526,0.31639999999999996,0.32580000000000003,0.2924,0.239,0.2092,0.24159999999999998,0.2462
2.4372027202327136,0.015599999999999998,0.17379999999999995,0.143,0.173,0.1306,0.147,0.13119999999999998,0.1192,0.16440000000000002,0.1216,0.151,0.21880000000000002,0.18180000000000002,0.19619999999999999,0.2532,0.2548,0.3352,0.3338,0.2882,0.25079999999999997,0.22519999999999998,0.26080000000000003,0.266
2.434809927741125,0.026600000000000002,0.18780000000000002,0.16360000000000002,0.17919999999999997,0.17,0.1778,0.15839999999999999,0.1424,0.18919999999999998,0.162,0.18180000000000002,0.2306,0.21059999999999998,0.22640000000000002,0.2846,0.289,0.38060000000000005,0.3558,0.3228000000000001,0.28159999999999996,0.2432,0.2862,0.2894
2.4323741148315974,0.0176,0.1974,0.1688,0.184,0.1822,0.19819999999999996,0.16959999999999997,0.14859999999999998,0.2142,0.188,0.202,0.2384,0.2302,0.2484,0.2994,0.3034,0.4128,0.38360000000000005,0.33940000000000003,0.3054,0.2832,0.304,0.31339999999999996
2.429943170683911,0.0188,0.19019999999999998,0.17959999999999998,0.16440000000000002,0.17339999999999997,0.195,0.16240000000000004,0.14339999999999997,0.2292,0.19140000000000001,0.2102,0.2412,0.232,0.246,0.29819999999999997,0.31179999999999997,0.42419999999999997,0.405,0.34519999999999995,0.2996,0.2954,0.31639999999999996,0.306
2.427564604541895,0.0362,0.19879999999999995,0.1986,0.1854,0.2018,0.2044,0.1846,0.161,0.2698,0.2238,0.24059999999999998,0.2582,0.2558,0.2738,0.3324,0.3519999999999999,0.46,0.4642,0.38980000000000004,0.3423999999999999,0.3292,0.3502,0.32059999999999994
2.4251432594707714,0.046200000000000005,0.2008,0.2174,0.209,0.2132,0.2078,0.2004,0.1866,0.2954,0.2534,0.2772,0.264,0.2868,0.30260000000000004,0.38139999999999996,0.3872,0.5206,0.5304,0.4204,0.39280000000000004,0.3478,0.3668,0.3332
2.4227740763173835,0.039799999999999995,0.159,0.20519999999999997,0.1998,0.19219999999999998,0.19619999999999996,0.2022,0.19440000000000002,0.2854,0.2524,0.2724,0.26180000000000003,0.3026,0.31320000000000003,0.4038,0.42219999999999996,0.5552,0.5768,0.4294,0.4092,0.35779999999999995,0.3812,0.30939999999999995
2.4203622735790127,0.045399999999999996,0.16240000000000002,0.20279999999999995,0.19619999999999999,0.2174,0.19959999999999997,0.2282,0.2056,0.30040000000000006,0.2912,0.2968,0.2838,0.3542,0.3556,0.4656,0.5056,0.6308,0.6469999999999999,0.4792,0.44780000000000003,0.39139999999999997,0.4092,0.3236
2.4180024180024176,0.0518,0.1708,0.23159999999999997,0.2048,0.2304,0.2064,0.242,0.2216,0.313,0.3158,0.31779999999999997,0.31660000000000005,0.381,0.3926,0.5137999999999999,0.5756,0.7100000000000001,0.734,0.5196000000000001,0.48700000000000004,0.4228,0.417,0.3422
2.415600101299359,0.039400000000000004,0.18519999999999998,0.2388,0.2002,0.2398,0.237,0.2604,0.2636,0.32839999999999997,0.34559999999999996,0.3408,0.3414,0.4084,0.4164,0.5565999999999999,0.658,0.8126,0.828,0.567,0.539,0.4666,0.4392,0.3738
2.4132025533239916,0.0316,0.1754,0.24819999999999995,0.1906,0.2392,0.24559999999999998,0.2908,0.27979999999999994,0.3378,0.3514,0.35960000000000003,0.3688,0.4456,0.4402,0.61,0.747,0.9286,0.9506,0.626,0.5808,0.5078,0.4446,0.39039999999999997
2.4108566317999767,0.03720000000000001,0.17920000000000003,0.24380000000000002,0.2006,0.2504,0.265,0.3172,0.317,0.362,0.3876,0.392,0.4156,0.49160000000000004,0.5014,0.6848000000000001,0.8521999999999998,1.0634000000000001,1.1116,0.68,0.6318,0.559,0.4705999999999999,0.424
2.4084684859667864,0.0432,0.1906,0.2454,0.22519999999999998,0.2756,0.29359999999999997,0.356,0.377,0.4052,0.44880000000000003,0.4516,0.49160000000000004,0.5696,0.5948000000000001,0.785,0.9947999999999999,1.2282,1.2948,0.7627999999999999,0.6996,0.602,0.5222,0.45339999999999997
2.406131755117881,0.054400000000000004,0.2364,0.2592,0.2692,0.3336,0.3406,0.412,0.4612,0.4648,0.5382,0.5332,0.5836,0.6692,0.7124000000000001,0.93,1.1758,1.4531999999999998,1.5333999999999999,0.8717999999999999,0.8028,0.6868,0.58,0.49939999999999996
2.403752956228434,0.08960000000000003,0.2874,0.3076,0.33140000000000003,0.3932,0.418,0.4942,0.5582,0.5526,0.6574,0.6572,0.7206,0.8024000000000002,0.8680000000000001,1.1168,1.4096,1.734,1.7992,1.0292000000000001,0.9254,0.7806000000000001,0.6684,0.5624
2.401425362150438,0.13340000000000002,0.3362,0.3698,0.4058,0.4714,0.5192,0.6034,0.6668,0.6752,0.8052,0.8024,0.8737999999999999,0.9576,1.0408,1.3166000000000002,1.688,2.058,2.1178000000000003,1.2154,1.0395999999999999,0.8892,0.7737999999999999,0.6402
2.3990558554375374,0.19,0.4224,0.4348,0.49460000000000004,0.5674,0.649,0.7316,0.7992,0.8432000000000001,0.9638,0.9912000000000001,1.0475999999999999,1.1264,1.2572,1.5750000000000002,2.0416,2.4511999999999996,2.4758,1.4176,1.1624,1.025,0.875,0.7302000000000001
2.3967373446469646,0.26680000000000004,0.5034,0.518,0.6102000000000001,0.6785999999999999,0.8118,0.9148,0.9902000000000001,1.0521999999999998,1.1782,1.2131999999999998,1.2808,1.3464,1.497,1.8808,2.4153999999999995,2.9136,2.8878000000000004,1.6434000000000002,1.3302,1.1753999999999998,0.977,0.8148
2.3943770757704486,0.383,0.6142000000000001,0.6227999999999999,0.7804000000000002,0.8656,1.0318,1.155,1.2458,1.3524,1.4578000000000002,1.4931999999999999,1.5712000000000002,1.6304,1.8004,2.277,2.8636,3.424200000000001,3.3740000000000006,1.931,1.5194,1.3442,1.1345999999999998,0.9142
2.392067595200432,0.5494,0.7597999999999999,0.7766000000000001,0.9846,1.111,1.3026,1.4712,1.569,1.7044000000000001,1.8042,1.8272,1.9002000000000001,1.9855999999999998,2.1632,2.7224,3.394,3.978,3.916,2.2368,1.7355999999999998,1.5162,1.2806000000000002,1.008
2.389716510243019,0.7844,1.0128,1.0076,1.2898,1.4618,1.6931999999999998,1.8704,2.013,2.16,2.2634000000000003,2.2805999999999997,2.3282,2.4232,2.6274,3.253400000000001,4.0302,4.6622,4.5518,2.6182,2.0214000000000003,1.7415999999999998,1.4707999999999997,1.138
2.3874160072392616,1.1408,1.348,1.3632,1.7102000000000002,1.9213999999999996,2.2043999999999997,2.4072,2.567,2.7396,2.8138,2.8268,2.8531999999999997,2.9372,3.1546000000000003,3.859400000000001,4.748399999999999,5.4556000000000004,5.2732,3.0362,2.3331999999999997,1.9834,1.6632000000000002,1.267
2.3850740527024428,1.6794,1.8366000000000005,1.8922,2.307,2.5576,2.8813999999999997,3.1064000000000003,3.2794,3.4784,3.4646,3.4956000000000005,3.4778000000000002,3.5410000000000004,3.7845999999999997,4.583200000000001,5.6152,6.354400000000001,6.078,3.5061999999999998,2.685,2.2698,1.8762,1.4042000000000003
2.382782475019216,2.4184,2.5242,2.6201999999999996,3.112400000000001,3.3928000000000003,3.7828000000000004,4.02,4.1656,4.3994,4.2908,4.2962,4.2336,4.278200000000001,4.520200000000001,5.3956,6.5644,7.3246,6.9816,4.05,3.0642,2.588,2.1068000000000002,1.5634
2.3804495978192013,3.435800000000001,3.4932,3.635,4.1738,4.510800000000001,4.9281999999999995,5.146199999999999,5.277399999999999,5.4782,5.288200000000001,5.2332,5.1362,5.1102,5.3558,6.3044,7.5696,8.366,7.9354,4.6168000000000005,3.4711999999999996,2.9288000000000003,2.332,1.7376
2.378166893615389,4.8406,4.841600000000001,5.007200000000001,5.5688,5.9723999999999995,6.365600000000001,6.5451999999999995,6.676,6.783600000000001,6.5086,6.347600000000001,6.184,6.0838,6.2884,7.348,8.6942,9.481200000000001,8.960799999999999,5.246,3.939,3.3042,2.5908,1.9158
2.3758430410790927,6.7338000000000005,6.645,6.8338,7.4416,7.834000000000001,8.1894,8.3148,8.3594,8.350400000000002,7.9582,7.636600000000001,7.3784,7.2138,7.352,8.488,9.879599999999998,10.683,10.062,5.929600000000001,4.4698,3.7128,2.912,2.1218000000000004
2.3735691589142838,9.201600000000001,9.009599999999999,9.2048,9.816799999999999,10.157,10.425,10.437,10.3412,10.1542,9.5728,9.0928,8.6914,8.399799999999999,8.522,9.6878,11.158599999999998,11.9152,11.184800000000001,6.648200000000001,5.009200000000001,4.1514,3.2411999999999996,2.3446
2.3712542787753623,12.318,12.0436,12.184800000000001,12.6852,12.942800000000002,13.0574,12.8412,12.573400000000001,12.107199999999999,11.343399999999999,10.625200000000001,10.091,9.6374,9.701799999999999,10.8392,12.446,13.175,12.285800000000002,7.330800000000002,5.5405999999999995,4.5608,3.5265999999999997,2.5496
2.3689891676059838,16.195400000000003,15.8384,15.833599999999999,16.078,16.1426,15.996799999999999,15.487200000000001,14.928600000000003,14.1578,13.153,12.19,11.495400000000002,10.871999999999998,10.8774,11.969,13.6828,14.368599999999999,13.3298,8.000399999999999,6.0244,4.9518,3.8154,2.7456
2.366728379745386,20.7928,20.3502,20.0322,19.9102,19.5914,19.057,18.2238,17.293,16.1634,14.8934,13.687800000000001,12.807199999999998,12.0346,11.957199999999998,13.038,14.767800000000001,15.418999999999999,14.285799999999998,8.6158,6.4552,5.304600000000001,4.087,2.9255999999999998
2.3644268171764167,25.759400000000003,25.3176,24.537,23.852400000000003,23.0108,22.0396,20.7282,19.4648,17.9656,16.438399999999998,15.025400000000001,13.9514,13.0748,12.911400000000002,13.9886,15.677599999999998,16.2738,15.077799999999998,9.1528,6.86,5.6364,4.3313999999999995,3.085
2.362174724730445,30.654,30.2694,28.9286,27.542,26.1112,24.645799999999998,22.8786,21.264599999999998,19.419400000000003,17.718799999999998,16.1046,14.9084,13.915999999999999,13.669400000000001,14.723799999999999,16.339199999999998,16.952799999999996,15.701199999999996,9.609,7.201,5.907199999999999,4.5222,3.2182
2.359882005899705,35.0648,34.7012,32.7552,30.6162,28.619,26.6558,24.5072,22.614,20.4512,18.6056,16.886,15.5596,14.4906,14.221599999999999,15.220799999999999,16.7914,17.4016,16.060999999999996,9.890799999999999,7.436,6.084999999999999,4.6918,3.3236000000000003
2.3576385587983646,38.482800000000005,38.2562,35.671800000000005,32.885400000000004,30.354400000000002,27.9604,25.5072,23.423,21.049799999999998,19.108,17.298199999999998,15.8818,14.8224,14.484600000000002,15.482400000000002,17.0034,17.5942,16.2418,10.081,7.583399999999999,6.2124,4.8252,3.3859999999999997
2.355354632830604,40.7588,40.679199999999994,37.5806,34.21,31.2022,28.49839999999999,25.857200000000002,23.605400000000003,21.1282,19.1398,17.2976,15.9066,14.8522,14.524799999999999,15.472999999999999,16.9654,17.534399999999998,16.1726,10.119200000000001,7.6366000000000005,6.279400000000001,4.8928,3.42
2.3531197813875813,41.7918,41.8474,38.2874,34.441199999999995,31.156200000000002,28.2258,25.481,23.165,20.697999999999997,18.6922,16.933799999999998,15.570999999999998,14.5652,14.2618,15.187399999999998,16.678,17.193,15.8988,9.993,7.573600000000001,6.230600000000001,4.885,3.4008000000000003
2.350889166951048,41.5002,41.731,37.830400000000004,33.64059999999999,30.1842,27.15159999999999,24.375,22.0984,19.7344,17.841,16.1958,14.905399999999998,14.035599999999999,13.7546,14.657,16.115399999999998,16.629399999999997,15.428399999999998,9.745199999999999,7.4014,6.0986,4.809399999999999,3.3452000000000006
2.348618292706025,39.9598,40.3062,36.2154,31.84559999999999,28.34239999999999,25.3098,22.645000000000003,20.496999999999996,18.293,16.577,15.136599999999998,13.953599999999998,13.262599999999999,13.0162,13.954399999999998,15.337800000000001,15.820199999999998,14.743399999999998,9.3948,7.1662,5.9196,4.6888000000000005,3.252
2.3463962003519594,37.1794,37.66439999999999,33.5216,29.186999999999998,25.735799999999994,22.8358,20.372400000000003,18.4768,16.5368,15.040599999999998,13.860199999999999,12.811799999999998,12.287799999999999,12.1416,13.102199999999998,14.3944,14.916799999999999,13.976199999999999,8.976799999999997,6.9174,5.7198,4.5406,3.1488
2.34413399372377,33.285799999999995,33.908,29.923599999999997,25.764999999999997,22.5454,19.9228,17.7366,16.1556,14.558399999999997,13.311599999999999,12.3852,11.540799999999999,11.169399999999998,11.1624,12.1294,13.351799999999999,13.899399999999998,13.0688,8.476600000000001,6.5858,5.467800000000001,4.348999999999999,3.0116000000000005
2.34192037470726,28.6298,29.3194,25.698200000000003,21.8842,19.0718,16.783999999999995,15.023799999999998,13.7468,12.5114,11.514199999999999,10.8316,10.217,9.9936,10.073,11.051200000000001,12.2532,12.801800000000002,12.0916,7.9076,6.175800000000001,5.1684,4.1213999999999995,2.8482
2.3397109324880185,23.69459999999999,24.391599999999997,21.208200000000005,17.9312,15.621,13.730000000000002,12.4032,11.442400000000001,10.517,9.7624,9.315199999999999,8.8758,8.809199999999999,8.951199999999998,9.9564,11.1424,11.649799999999999,11.0754,7.2708,5.7478,4.8434,3.8701999999999996,2.673
2.3374615921129522,18.889799999999994,19.624200000000002,16.935599999999997,14.2526,12.440199999999999,10.9394,9.980999999999998,9.3006,8.676799999999998,8.180399999999999,7.8786000000000005,7.600800000000002,7.6480000000000015,7.8351999999999995,8.8832,10.025399999999998,10.5112,10.070200000000002,6.6668,5.3324,4.528999999999999,3.6016,2.4781999999999997
2.335260551046159,14.691999999999998,15.334200000000001,13.194999999999999,11.0288,9.6684,8.540999999999999,7.8982,7.4208,7.046199999999998,6.706999999999999,6.5844,6.418,6.543,6.8145999999999995,7.820600000000001,8.9438,9.422,9.0816,6.052199999999999,4.9272,4.1941999999999995,3.3198000000000003,2.3056000000000005
2.3330197554092194,11.152999999999999,11.707799999999999,10.014999999999999,8.338399999999998,7.3868,6.5546,6.123600000000001,5.8158,5.6272,5.3948,5.4236,5.321999999999999,5.516400000000001,5.839600000000001,6.8002,7.883599999999999,8.332999999999998,8.1506,5.4654,4.486800000000001,3.841,3.0538000000000003,2.1241999999999996
2.330827067669173,8.2794,8.811399999999999,7.528599999999997,6.2246,5.5562000000000005,4.950999999999999,4.658399999999999,4.494,4.3868,4.3012,4.396,4.3694,4.611999999999999,4.948600000000001,5.8478,6.8724,7.324199999999999,7.2282,4.9142,4.068,3.5242,2.7834,1.9487999999999999
2.328638497652582,6.0968,6.5848,5.601999999999999,4.5856,4.119199999999999,3.6816,3.504599999999999,3.426,3.3728000000000002,3.372,3.5140000000000002,3.5496,3.7924,4.130199999999999,4.982999999999999,5.932200000000001,6.3756,6.3591999999999995,4.369999999999999,3.6538000000000004,3.1918,2.5412,1.7746
2.3264103862966925,4.456199999999999,4.9162,4.1464,3.3731999999999998,3.0003999999999995,2.6952,2.6102,2.5638,2.5736000000000003,2.5988000000000007,2.7816,2.8341999999999996,3.0711999999999997,3.4231999999999996,4.2208000000000006,5.0554,5.5362,5.578600000000001,3.846,3.2441999999999998,2.8746,2.3054,1.6028
2.324230098779779,3.2386,3.6398,3.062400000000001,2.4686000000000003,2.1733999999999996,1.9642,1.9312,1.9028,1.9338,1.982,2.1663999999999994,2.2583999999999995,2.4777999999999993,2.8045999999999998,3.5612,4.2892,4.7438,4.8344,3.3648000000000002,2.8571999999999997,2.5690000000000004,2.076,1.4572
2.322053894121833,2.3421999999999996,2.6909999999999994,2.2616000000000005,1.7914,1.5847999999999995,1.4419999999999997,1.4344000000000001,1.4176,1.4661999999999995,1.5261999999999998,1.7063999999999997,1.8,2.0088,2.2778,2.963,3.6512,4.051,4.1934000000000005,2.9356000000000004,2.5433999999999997,2.3058,1.8777999999999992,1.3328
2.319838359649779,1.6956000000000002,2.0031999999999996,1.655,1.3362,1.182,1.0786,1.1074,1.0809999999999997,1.1245999999999998,1.2286,1.3715999999999997,1.4364000000000001,1.6267999999999996,1.8688,2.4703999999999997,3.0934,3.4762,3.6288,2.5662,2.2674000000000003,2.0745999999999998,1.7305999999999997,1.2421999999999997
2.3176703674628985,1.2038000000000002,1.4793999999999998,1.228,0.9782000000000001,0.8742000000000002,0.8132,0.8478,0.8217999999999999,0.8716,0.9922000000000001,1.0799999999999998,1.1203999999999998,1.3074,1.5361999999999998,2.0312,2.5871999999999997,2.9589999999999996,3.1052,2.252599999999999,1.992,1.8391999999999995,1.5877999999999997,1.1443999999999999
2.3155064236629816,0.857,1.0972,0.9377999999999999,0.7452000000000001,0.6588,0.6454,0.6808,0.6579999999999999,0.6902,0.7764,0.8478,0.8987999999999999,1.076,1.2757999999999998,1.6807999999999996,2.1658000000000004,2.5048000000000004,2.6736000000000004,1.9738,1.7453999999999998,1.6256,1.4367999999999999,1.0672
2.3133033598865738,0.6036,0.8253999999999999,0.7216,0.5879999999999999,0.518,0.5288,0.5666,0.5422,0.5356000000000001,0.6402,0.668,0.727,0.8927999999999999,1.0686,1.3997999999999997,1.8191999999999995,2.1059999999999994,2.3146000000000004,1.7186000000000001,1.5145999999999997,1.4384,1.2946000000000002,0.9749999999999998
2.311147559316348,0.42819999999999997,0.637,0.5606,0.484,0.4088,0.44260000000000005,0.4805999999999999,0.4556,0.4248,0.5214,0.555,0.5978,0.7616,0.8883999999999999,1.169,1.5221999999999998,1.8153999999999997,1.9783999999999997,1.4696000000000002,1.3213999999999997,1.2597999999999998,1.1533999999999998,0.892
2.3089957730480606,0.31939999999999996,0.5032,0.44360000000000005,0.414,0.3412,0.36600000000000005,0.4195999999999999,0.4052,0.3644,0.443,0.4698,0.515,0.6544,0.7544,0.9894000000000002,1.2879999999999998,1.569,1.7085999999999997,1.2710000000000001,1.1632,1.116,1.0535999999999999,0.8182
2.306805074971165,0.24359999999999998,0.395,0.3762,0.34279999999999994,0.29079999999999995,0.30760000000000004,0.3585999999999999,0.35379999999999995,0.3006,0.37260000000000004,0.39080000000000004,0.4358,0.568,0.6388,0.8376,1.0854,1.3306,1.4644,1.0861999999999998,1.0386,0.9911999999999999,0.9546,0.7436
2.3046613634674005,0.19419999999999998,0.3402,0.35619999999999996,0.31059999999999993,0.2638,0.26419999999999993,0.32299999999999995,0.3262,0.2722,0.3468,0.3518,0.4008,0.5166,0.5806,0.7203999999999999,0.9472,1.14,1.2892,0.9651999999999998,0.9412,0.8967999999999998,0.8781999999999999,0.7102
2.3025216325621125,0.1606,0.30619999999999997,0.32539999999999997,0.2698,0.247,0.2313999999999999,0.29519999999999996,0.2988,0.232,0.31039999999999995,0.30599999999999994,0.3459999999999999,0.4622,0.5016,0.618,0.8173999999999998,0.9904000000000002,1.1319999999999997,0.8528,0.8376,0.8086,0.8076,0.6582
2.3003858711783916,0.12919999999999998,0.2686,0.2848,0.2378,0.22180000000000002,0.20259999999999997,0.273,0.26680000000000004,0.1948,0.2882,0.27020000000000005,0.31579999999999997,0.4098,0.42800000000000005,0.5279999999999999,0.7012,0.8522000000000001,0.977,0.7413999999999998,0.7426,0.7236,0.7457999999999998,0.6076
2.2982114725233993,0.08940000000000001,0.2312,0.2506,0.2014,0.19240000000000002,0.17019999999999996,0.22619999999999998,0.24040000000000003,0.15419999999999998,0.23459999999999998,0.2304,0.2844,0.356,0.36960000000000004,0.4566,0.6043999999999999,0.7302000000000002,0.8488,0.65,0.6537999999999998,0.6476,0.6586000000000001,0.5459999999999999
2.2960836959540787,0.0624,0.21619999999999998,0.2294,0.19019999999999998,0.1742,0.14359999999999998,0.19619999999999999,0.22219999999999998,0.13079999999999997,0.213,0.20019999999999993,0.26780000000000004,0.31039999999999995,0.33039999999999997,0.405,0.5242,0.6296,0.7622000000000001,0.57,0.5875999999999999,0.5932000000000001,0.5896,0.5163999999999999
2.2939598557025254,0.05160000000000001,0.1984,0.2074,0.18319999999999997,0.163,0.126,0.171,0.2044,0.13179999999999997,0.205,0.1874,0.246,0.27779999999999994,0.287,0.3692,0.4736,0.5706,0.6769999999999999,0.5088,0.5368,0.5408,0.5426,0.4778
2.2917975825231953,0.03820000000000001,0.196,0.19019999999999995,0.16879999999999998,0.156,0.1166,0.1626,0.1886,0.1286,0.1946,0.1864,0.2382,0.2612,0.251,0.3418,0.43640000000000007,0.5184,0.6046,0.4526,0.48760000000000003,0.4992,0.5234,0.45239999999999997
2.2896816603885073,0.036,0.2046,0.19080000000000003,0.168,0.1616,0.1196,0.15580000000000002,0.19319999999999998,0.13900000000000004,0.21319999999999997,0.175,0.2412,0.2434,0.2508,0.32720000000000005,0.4026,0.4684,0.5528,0.4238,0.4656,0.501,0.5055999999999999,0.44
2.287569641737077,0.0368,0.2044,0.2012,0.14279999999999998,0.147,0.113,0.15519999999999998,0.17859999999999998,0.1222,0.20959999999999998,0.162,0.226,0.2214,0.2386,0.3098,0.3528,0.4218,0.5078,0.388,0.42360000000000003,0.4664,0.4598,0.4176
2.2854615157770573,0.038200000000000005,0.2226,0.2054,0.14379999999999998,0.1468,0.1052,0.16,0.1864,0.13439999999999996,0.2086,0.1658,0.219,0.20440000000000003,0.22540000000000004,0.2924,0.34340000000000004,0.413,0.4884,0.3712,0.4014,0.43860000000000005,0.4268,0.4026
2.28331522639807,0.0534,0.2256,0.2044,0.14679999999999999,0.15,0.11120000000000001,0.1588,0.18280000000000002,0.1506,0.2082,0.16019999999999998,0.208,0.206,0.205,0.28019999999999995,0.32480000000000003,0.394,0.4572,0.35279999999999995,0.3896,0.415,0.4024,0.387
2.2812149309196608,0.0458,0.22080000000000002,0.20459999999999998,0.1378,0.1424,0.11379999999999998,0.16319999999999998,0.1782,0.17120000000000002,0.2086,0.15760000000000002,0.2092,0.198,0.199,0.2442,0.30599999999999994,0.3668,0.422,0.33899999999999997,0.37539999999999996,0.397,0.37460000000000004,0.36519999999999997
2.2791184957817925,0.0444,0.207,0.21080000000000002,0.1194,0.13739999999999997,0.11099999999999999,0.1504,0.1704,0.1662,0.1918,0.1498,0.17899999999999996,0.1956,0.202,0.2246,0.27679999999999993,0.34959999999999997,0.3992,0.3182,0.34620000000000006,0.3798,0.3514,0.33979999999999994
2.277025910351286,0.053200000000000004,0.208,0.21,0.11359999999999999,0.14179999999999998,0.11599999999999999,0.15639999999999998,0.1704,0.17120000000000002,0.2042,0.162,0.167,0.188,0.21120000000000005,0.21359999999999998,0.26599999999999996,0.32559999999999995,0.38139999999999996,0.315,0.34220000000000006,0.35719999999999996,0.3468,0.32939999999999997
2.274937164033977,0.06520000000000001,0.2204,0.2288,0.12040000000000001,0.15239999999999998,0.12959999999999997,0.1768,0.17439999999999997,0.1938,0.2144,0.1996,0.1864,0.18059999999999998,0.21980000000000002,0.22519999999999998,0.2782,0.3172,0.36260000000000003,0.32,0.3422,0.3568,0.344,0.32299999999999995
2.2728105868983466,0.0586,0.2268,0.219,0.10479999999999999,0.141,0.1182,0.1802,0.1686,0.17379999999999998,0.2088,0.1998,0.18780000000000002,0.17919999999999997,0.21419999999999997,0.2012,0.25739999999999996,0.293,0.3552,0.2984,0.31379999999999997,0.3408,0.32739999999999997,0.3048
2.270729563433929,0.051,0.2112,0.2056,0.10779999999999999,0.1416,0.115,0.1568,0.17,0.17,0.19240000000000002,0.1994,0.17539999999999997,0.169,0.1976,0.1856,0.22959999999999997,0.2772,0.3422,0.28640000000000004,0.29439999999999994,0.32180000000000003,0.301,0.2818
2.268652347323356,0.043,0.1956,0.2028,0.0898,0.13019999999999998,0.1114,0.14359999999999998,0.15059999999999998,0.1572,0.1784,0.19319999999999996,0.15439999999999998,0.1538,0.1742,0.1814,0.22419999999999998,0.25739999999999996,0.32359999999999994,0.276,0.28,0.2849999999999999,0.28559999999999997,0.24959999999999996
2.266578928127513,0.03439999999999999,0.18619999999999998,0.16819999999999996,0.0792,0.12779999999999997,0.1076,0.1146,0.12519999999999998,0.145,0.1564,0.17439999999999997,0.13399999999999998,0.1386,0.16140000000000002,0.1622,0.21880000000000002,0.2376,0.30779999999999996,0.26799999999999996,0.2642,0.26259999999999994,0.2622,0.2296
2.2644679413429754,0.0386,0.17020000000000002,0.15139999999999998,0.0916,0.1402,0.11320000000000001,0.10739999999999998,0.1034,0.132,0.143,0.1538,0.14079999999999998,0.13439999999999996,0.15979999999999997,0.15099999999999997,0.197,0.2164,0.2828,0.2563999999999999,0.23780000000000004,0.25759999999999994,0.24080000000000001,0.222
2.2624021602291595,0.010599999999999998,0.143,0.11159999999999999,0.0676,0.129,0.11359999999999999,0.09379999999999998,0.07019999999999997,0.09820000000000001,0.10839999999999998,0.12299999999999998,0.11439999999999997,0.09240000000000001,0.13739999999999997,0.11259999999999999,0.14699999999999996,0.1782,0.2422,0.216,0.202,0.2268,0.2054,0.19059999999999996
2.260340144734683,-0.005200000000000002,0.1334,0.0872,0.07060000000000001,0.13219999999999998,0.12220000000000002,0.072,0.060399999999999995,0.0836,0.10299999999999998,0.11380000000000001,0.10539999999999998,0.0778,0.10839999999999998,0.12000000000000001,0.12579999999999997,0.158,0.2268,0.18680000000000002,0.189,0.2016,0.19419999999999998,0.1804
2.2582818845726567,-0.009399999999999997,0.12340000000000001,0.0728,0.0728,0.1216,0.114,0.065,0.05899999999999999,0.0874,0.09139999999999998,0.0876,0.10759999999999997,0.0682,0.0888,0.121,0.11639999999999998,0.1416,0.2072,0.17479999999999998,0.176,0.185,0.1814,0.1732
2.2562273694936223,-0.0061999999999999954,0.1072,0.0778,0.0844,0.09340000000000001,0.1146,0.055600000000000004,0.0498,0.09259999999999999,0.0658,0.0698,0.09799999999999999,0.06280000000000002,0.07,0.09039999999999998,0.1012,0.1266,0.17279999999999998,0.168,0.1554,0.176,0.1658,0.1712
2.2541765892853896,-0.007799999999999995,0.1022,0.061200000000000004,0.0844,0.083,0.108,0.0534,0.048,0.0856,0.04919999999999999,0.0584,0.07959999999999999,0.06980000000000001,0.0424,0.0652,0.09440000000000001,0.1252,0.155,0.1458,0.12799999999999997,0.15099999999999997,0.14780000000000001,0.14999999999999997
2.2520886305848165,-0.0128,0.10060000000000002,0.062200000000000005,0.0996,0.1006,0.124,0.06420000000000001,0.04900000000000001,0.09620000000000001,0.046,0.053200000000000004,0.079,0.0682,0.0518,0.06,0.09879999999999999,0.11839999999999998,0.14780000000000001,0.1404,0.1268,0.15519999999999998,0.1544,0.1588
2.2500453638178186,-0.0172,0.09299999999999999,0.071,0.09440000000000001,0.09659999999999999,0.1138,0.062,0.0318,0.101,0.0494,0.039,0.073,0.060399999999999995,0.05980000000000002,0.062,0.0992,0.0978,0.1266,0.1258,0.1196,0.1422,0.1458,0.15619999999999998
2.2480058013052937,-0.037000000000000005,0.0836,0.0576,0.0892,0.09079999999999998,0.102,0.06620000000000001,0.020399999999999995,0.10479999999999999,0.0458,0.0386,0.07540000000000001,0.048600000000000004,0.066,0.056,0.082,0.0856,0.1212,0.0974,0.0886,0.1326,0.1258,0.15139999999999998
2.2459699329831553,-0.0288,0.08720000000000001,0.08400000000000002,0.1098,0.09599999999999999,0.10779999999999999,0.09540000000000001,0.036,0.1262,0.08020000000000001,0.055600000000000004,0.0836,0.05,0.0704,0.045,0.0842,0.0896,0.1216,0.10259999999999998,0.09759999999999999,0.137,0.12440000000000001,0.15339999999999998
2.2439377488237424,-0.0324,0.08120000000000001,0.08020000000000001,0.1092,0.09720000000000001,0.10259999999999998,0.09799999999999999,0.039,0.1256,0.08259999999999999,0.055799999999999995,0.07640000000000001,0.0562,0.0628,0.048799999999999996,0.07959999999999999,0.08179999999999998,0.1148,0.1044,0.0996,0.1406,0.12940000000000002,0.14499999999999996
2.2419092388356536,-0.012599999999999995,0.1038,0.10379999999999999,0.1366,0.1072,0.10540000000000001,0.1176,0.0702,0.14279999999999998,0.1146,0.07740000000000001,0.091,0.08080000000000001,0.0828,0.0762,0.1036,0.1146,0.135,0.12040000000000001,0.10959999999999999,0.1584,0.1472,0.15939999999999996
2.239884393063584,-0.0024000000000000002,0.1196,0.1216,0.13460000000000003,0.09079999999999999,0.0824,0.13279999999999997,0.0734,0.145,0.1124,0.07940000000000001,0.0952,0.08280000000000001,0.10479999999999999,0.0646,0.10679999999999999,0.1276,0.13240000000000002,0.1296,0.1016,0.16059999999999997,0.14220000000000002,0.14899999999999997
2.2378228149645376,-0.016000000000000007,0.1114,0.1164,0.12919999999999998,0.0742,0.054599999999999996,0.12279999999999998,0.07079999999999999,0.1296,0.11159999999999999,0.08220000000000001,0.0762,0.0654,0.09799999999999999,0.03679999999999999,0.09040000000000001,0.12639999999999998,0.12459999999999999,0.12220000000000002,0.0906,0.14339999999999997,0.1208,0.1288
2.235805340689854,-0.0252,0.12,0.10399999999999998,0.11059999999999998,0.0888,0.046,0.12259999999999999,0.07640000000000001,0.1156,0.1124,0.07740000000000001,0.08399999999999999,0.0606,0.09959999999999998,0.0444,0.089,0.12919999999999998,0.133,0.10520000000000002,0.0922,0.13240000000000002,0.11980000000000002,0.11259999999999999
2.2337915007836284,-0.020199999999999996,0.1012,0.10959999999999999,0.09339999999999998,0.09499999999999999,0.037399999999999996,0.1028,0.0726,0.09779999999999998,0.10059999999999998,0.0526,0.0736,0.047200000000000006,0.1082,0.0394,0.08040000000000001,0.11259999999999999,0.1272,0.10080000000000001,0.08859999999999998,0.12099999999999998,0.11320000000000002,0.09880000000000001
2.2317812854340273,-0.019400000000000008,0.09140000000000001,0.127,0.09040000000000001,0.0938,0.032600000000000004,0.0932,0.09499999999999999,0.09099999999999998,0.1028,0.0606,0.061799999999999994,0.0448,0.1062,0.04419999999999999,0.074,0.1066,0.12440000000000001,0.10240000000000002,0.0928,0.10940000000000001,0.09399999999999999,0.0864
2.229774684864505,-0.016,0.1072,0.1298,0.10239999999999998,0.0986,0.0318,0.0988,0.1134,0.088,0.10399999999999998,0.0658,0.0702,0.0504,0.10940000000000001,0.031199999999999995,0.07859999999999999,0.1192,0.1222,0.11240000000000001,0.1016,0.12159999999999999,0.1036,0.0792
2.2277716893336446,0.015400000000000002,0.1238,0.14939999999999998,0.1184,0.1102,0.048,0.10840000000000001,0.12959999999999997,0.092,0.11239999999999997,0.0752,0.0752,0.07659999999999999,0.1066,0.0416,0.0878,0.1222,0.12340000000000001,0.12680000000000002,0.115,0.119,0.12040000000000001,0.0842
2.225772289135,0.026600000000000002,0.1186,0.139,0.12239999999999998,0.1186,0.0518,0.0994,0.12479999999999998,0.0862,0.09420000000000002,0.06659999999999999,0.0846,0.0862,0.109,0.0576,0.0848,0.1158,0.12140000000000001,0.1144,0.11420000000000002,0.1124,0.1282,0.096
2.2237764745969404,0.0418,0.1268,0.1432,0.13379999999999997,0.1162,0.0688,0.1082,0.13279999999999997,0.098,0.102,0.08279999999999998,0.0952,0.0878,0.12340000000000001,0.061,0.089,0.1146,0.1232,0.11220000000000001,0.119,0.0988,0.1272,0.117
2.2217842360824926,0.0444,0.1148,0.14420000000000002,0.1272,0.1076,0.0702,0.109,0.11999999999999998,0.08220000000000001,0.08580000000000002,0.0736,0.09659999999999999,0.074,0.1154,0.05240000000000001,0.0808,0.0868,0.10880000000000001,0.1222,0.1172,0.087,0.1272,0.1032
2.2197558268590454,0.054,0.10640000000000001,0.13879999999999998,0.13539999999999996,0.1128,0.08640000000000002,0.1036,0.1196,0.082,0.09079999999999998,0.08220000000000001,0.0892,0.07979999999999998,0.115,0.0564,0.08580000000000002,0.08580000000000002,0.1114,0.1278,0.1146,0.0906,0.1308,0.103
2.217770782658463,0.060399999999999995,0.1196,0.145,0.14880000000000002,0.1374,0.12359999999999999,0.11439999999999997,0.13699999999999998,0.10880000000000001,0.0996,0.09140000000000001,0.11300000000000002,0.08979999999999999,0.1338,0.0788,0.1076,0.09,0.1134,0.1398,0.116,0.0986,0.14720000000000003,0.1242
2.215789285586648,0.06119999999999999,0.1192,0.146,0.1452,0.139,0.12279999999999999,0.11320000000000001,0.1362,0.1066,0.09959999999999998,0.0922,0.1046,0.0862,0.128,0.08799999999999998,0.1144,0.0906,0.1026,0.1396,0.10879999999999998,0.09559999999999998,0.1418,0.11979999999999999
2.2138113261443975,0.062,0.14239999999999997,0.1484,0.1604,0.1334,0.1428,0.1286,0.139,0.1248,0.13,0.1076,0.1164,0.09439999999999998,0.1124,0.09759999999999999,0.1114,0.0998,0.10940000000000001,0.1444,0.11439999999999997,0.10859999999999999,0.14780000000000001,0.13440000000000002
2.211836894866398,0.0772,0.14780000000000001,0.14079999999999998,0.1762,0.12699999999999997,0.1474,0.1346,0.135,0.1192,0.1252,0.10879999999999998,0.1368,0.09879999999999999,0.1036,0.0928,0.1156,0.1154,0.10399999999999998,0.1478,0.10940000000000001,0.10999999999999999,0.15120000000000003,0.1334
2.2098659823210722,0.07940000000000001,0.1406,0.13839999999999997,0.1726,0.12199999999999998,0.16539999999999996,0.1396,0.1314,0.1158,0.1168,0.10199999999999998,0.1374,0.1004,0.0994,0.10540000000000001,0.106,0.1156,0.09459999999999999,0.13639999999999997,0.09739999999999997,0.10179999999999999,0.1436,0.14459999999999998
2.2078985791104304,0.06559999999999999,0.1256,0.1364,0.1702,0.1184,0.15280000000000002,0.1324,0.13340000000000002,0.112,0.1152,0.089,0.12979999999999997,0.08120000000000001,0.09820000000000002,0.09079999999999999,0.0996,0.11320000000000001,0.0864,0.1272,0.0896,0.09499999999999999,0.1316,0.14499999999999996
2.205934675869921,0.05819999999999999,0.13040000000000002,0.15,0.1792,0.115,0.15280000000000002,0.1314,0.13440000000000002,0.10940000000000001,0.1268,0.09620000000000001,0.1154,0.07940000000000001,0.10140000000000002,0.0876,0.1062,0.1242,0.0886,0.13160000000000002,0.0886,0.09240000000000001,0.1262,0.12979999999999997
2.2039742632682806,0.047200000000000006,0.1228,0.15719999999999995,0.1706,0.10679999999999999,0.14900000000000002,0.1174,0.1262,0.11059999999999999,0.1296,0.09779999999999998,0.1124,0.08480000000000001,0.09559999999999999,0.0868,0.11000000000000001,0.127,0.09559999999999999,0.1242,0.08940000000000001,0.09440000000000001,0.13119999999999998,0.10459999999999998
2.2020173320073875,0.030799999999999994,0.11540000000000002,0.1534,0.1518,0.0996,0.14199999999999996,0.0964,0.1262,0.12680000000000002,0.1284,0.1022,0.09899999999999999,0.09440000000000001,0.0948,0.074,0.11880000000000002,0.13119999999999998,0.0854,0.0988,0.071,0.10540000000000001,0.1202,0.09619999999999998
2.2000638728221142,0.016999999999999998,0.11960000000000003,0.16600000000000004,0.14939999999999998,0.11220000000000001,0.13639999999999997,0.1006,0.13019999999999998,0.1254,0.1366,0.0994,0.1162,0.09480000000000001,0.09540000000000001,0.08680000000000002,0.1218,0.13060000000000002,0.09440000000000001,0.1028,0.07280000000000002,0.12340000000000002,0.12459999999999999,0.09579999999999998
2.1981138764801815,0.011599999999999994,0.11039999999999997,0.17220000000000002,0.1462,0.11159999999999999,0.1182,0.08579999999999999,0.10459999999999998,0.1046,0.12440000000000001,0.0878,0.1022,0.091,0.0852,0.089,0.11179999999999998,0.127,0.09720000000000001,0.0824,0.0746,0.13079999999999997,0.108,0.0742
2.1961673337820127,0.02059999999999999,0.1038,0.1756,0.17459999999999998,0.10479999999999999,0.1228,0.08779999999999999,0.09339999999999998,0.09040000000000001,0.13099999999999998,0.0862,0.09839999999999997,0.0912,0.0856,0.07959999999999999,0.10999999999999999,0.12840000000000001,0.1124,0.074,0.0736,0.13679999999999998,0.0818,0.08259999999999998
2.194224235560589,0.028199999999999996,0.0922,0.1594,0.1794,0.111,0.111,0.09240000000000001,0.1028,0.0856,0.12240000000000001,0.0668,0.08879999999999998,0.09759999999999999,0.09240000000000001,0.07499999999999998,0.0968,0.13360000000000002,0.10779999999999998,0.0634,0.0732,0.1306,0.0678,0.0798
2.1922845726813054,0.013799999999999996,0.0832,0.15059999999999996,0.15419999999999998,0.1,0.0974,0.0842,0.0832,0.0892,0.121,0.0456,0.07119999999999999,0.083,0.08780000000000002,0.07999999999999999,0.077,0.1078,0.1022,0.0436,0.0716,0.114,0.06319999999999999,0.06659999999999999
2.1903483360418288,0.0094,0.074,0.13279999999999997,0.13999999999999996,0.093,0.08820000000000001,0.0848,0.07299999999999998,0.0874,0.1184,0.0444,0.05999999999999999,0.0798,0.07880000000000001,0.0824,0.08480000000000001,0.08680000000000002,0.0986,0.0438,0.08159999999999999,0.10779999999999999,0.0652,0.0464
2.1884155165719528,0.007199999999999998,0.072,0.123,0.1286,0.0868,0.09840000000000002,0.0912,0.0592,0.0858,0.1142,0.0534,0.05679999999999999,0.08579999999999999,0.08240000000000001,0.0892,0.0922,0.08900000000000001,0.09759999999999999,0.04,0.0884,0.1062,0.07659999999999999,0.0326
2.18648610523346,0.011999999999999999,0.0874,0.12779999999999997,0.1252,0.0986,0.10479999999999999,0.1172,0.08299999999999999,0.10380000000000002,0.12440000000000001,0.06620000000000001,0.074,0.1056,0.09320000000000002,0.1024,0.1024,0.0814,0.10859999999999999,0.0362,0.10180000000000002,0.1182,0.0874,0.048799999999999996
2.184560093019978,0.019399999999999997,0.1038,0.13240000000000002,0.1352,0.116,0.1028,0.1298,0.10699999999999998,0.11620000000000001,0.1184,0.0654,0.08259999999999999,0.0942,0.08939999999999998,0.1036,0.09720000000000001,0.0888,0.114,0.0386,0.1062,0.1194,0.0844,0.0518
2.18263747095684,0.041,0.1232,0.14020000000000002,0.15480000000000002,0.13340000000000002,0.1264,0.14060000000000003,0.12799999999999997,0.1252,0.1144,0.06340000000000001,0.09340000000000001,0.10040000000000002,0.0864,0.12240000000000001,0.097,0.103,0.1296,0.0434,0.1278,0.12040000000000001,0.08940000000000001,0.0688
2.180718230100946,0.055199999999999985,0.11040000000000001,0.12140000000000001,0.15680000000000002,0.11340000000000001,0.1314,0.13179999999999997,0.127,0.1278,0.108,0.0546,0.0628,0.093,0.06999999999999998,0.1024,0.08799999999999998,0.0906,0.10899999999999999,0.020399999999999998,0.11579999999999999,0.0958,0.0632,0.06
2.1788023615406242,0.0706,0.1154,0.11339999999999997,0.15839999999999999,0.12060000000000003,0.14639999999999997,0.15979999999999997,0.1636,0.1358,0.1346,0.07980000000000001,0.07920000000000002,0.1012,0.077,0.1066,0.10299999999999998,0.0932,0.1024,0.019599999999999992,0.11979999999999999,0.08940000000000001,0.0628,0.06659999999999999
2.176889856395492,0.055199999999999985,0.116,0.09279999999999998,0.13839999999999997,0.12340000000000001,0.1422,0.1538,0.1736,0.14079999999999998,0.1274,0.0742,0.08400000000000002,0.09299999999999999,0.0808,0.1176,0.07879999999999998,0.0756,0.0902,0.018399999999999996,0.11419999999999997,0.0768,0.07640000000000001,0.055600000000000004
2.1749807058163193,0.037200000000000004,0.10679999999999999,0.08239999999999997,0.13179999999999997,0.1076,0.141,0.127,0.16240000000000002,0.1356,0.11359999999999999,0.07880000000000001,0.07039999999999998,0.0846,0.07479999999999998,0.12459999999999999,0.07759999999999999,0.0554,0.07699999999999999,0.015399999999999994,0.10899999999999999,0.06719999999999998,0.08600000000000002,0.049400000000000006
2.1730749009848935,0.04679999999999999,0.125,0.08459999999999998,0.14199999999999996,0.1262,0.14320000000000002,0.10739999999999998,0.1572,0.1376,0.1128,0.09200000000000003,0.056799999999999976,0.1044,0.0732,0.11899999999999998,0.0844,0.067,0.07999999999999999,0.027399999999999997,0.10859999999999999,0.0734,0.08579999999999999,0.062
2.1711724331138815,0.0628,0.15120000000000003,0.10499999999999998,0.164,0.14660000000000004,0.143,0.11220000000000001,0.1688,0.15159999999999998,0.136,0.10100000000000002,0.07620000000000002,0.107,0.0912,0.12159999999999999,0.08719999999999997,0.0912,0.10579999999999999,0.027,0.10279999999999999,0.09620000000000001,0.08759999999999998,0.0872
2.1692732934466954,0.05859999999999998,0.16219999999999998,0.1062,0.16379999999999997,0.145,0.12899999999999998,0.10679999999999998,0.18180000000000002,0.1546,0.1422,0.0922,0.0704,0.08879999999999998,0.0842,0.11299999999999999,0.08220000000000001,0.0992,0.11059999999999999,0.038,0.10099999999999999,0.09540000000000001,0.07019999999999998,0.1066
2.1673774732573587,0.0466,0.1442,0.0998,0.16040000000000001,0.13140000000000004,0.11539999999999997,0.08059999999999999,0.15639999999999998,0.14020000000000002,0.1168,0.0632,0.05700000000000001,0.0752,0.0632,0.1056,0.07119999999999999,0.09040000000000001,0.0884,0.0386,0.08299999999999999,0.06119999999999999,0.054799999999999995,0.09140000000000001
2.165484963850372,0.028799999999999992,0.13119999999999998,0.0872,0.1562,0.1156,0.10919999999999998,0.0724,0.1372,0.1172,0.1066,0.06479999999999998,0.027999999999999997,0.0792,0.066,0.105,0.0782,0.08159999999999999,0.0706,0.0316,0.0732,0.054200000000000005,0.043,0.1004
2.163595756560581,0.0017999999999999937,0.12440000000000001,0.07479999999999999,0.14340000000000003,0.11299999999999999,0.09820000000000001,0.06,0.1182,0.09779999999999998,0.10799999999999998,0.0718,0.0188,0.07520000000000002,0.0642,0.09440000000000001,0.0732,0.0712,0.050399999999999986,0.0318,0.064,0.0378,0.040400000000000005,0.1016
2.1617475288087724,-0.022600000000000002,0.11579999999999999,0.077,0.1266,0.11459999999999998,0.0804,0.04,0.09439999999999998,0.07519999999999998,0.0824,0.067,0.016799999999999992,0.0824,0.0592,0.0836,0.05479999999999999,0.0678,0.046799999999999994,0.02359999999999999,0.05819999999999999,0.017399999999999995,0.0518,0.0996
2.1598648342652105,-0.040600000000000004,0.10459999999999997,0.07579999999999999,0.10379999999999999,0.0992,0.0444,0.016399999999999998,0.053,0.05,0.053399999999999996,0.0366,-0.005000000000000002,0.07019999999999998,0.03499999999999999,0.05379999999999998,0.030799999999999994,0.0562,0.033599999999999984,0.024399999999999998,0.037399999999999996,0.0003999999999999968,0.0526,0.072
2.1579854161953325,-0.0298,0.1022,0.0874,0.10540000000000001,0.10259999999999998,0.024199999999999992,0.019,0.048600000000000004,0.05040000000000001,0.0606,0.0438,-0.015200000000000003,0.07579999999999998,0.024,0.03699999999999999,0.038599999999999995,0.052,0.022999999999999982,0.012999999999999992,0.02439999999999999,0.004999999999999997,0.0444,0.0702
2.1561092660534507,-0.045,0.09279999999999995,0.08999999999999998,0.09440000000000001,0.09059999999999999,0.006399999999999994,0.0294,0.0296,0.0414,0.0644,0.03439999999999999,-0.015000000000000001,0.0624,0.014599999999999993,0.02039999999999999,0.03299999999999999,0.029799999999999993,0.020799999999999992,0.003000000000000002,0.01119999999999999,0.004199999999999996,0.028000000000000004,0.067
2.1542363753235696,-0.0624,0.0554,0.0852,0.07699999999999999,0.0698,0.0005999999999999996,0.0448,0.02759999999999999,0.035199999999999995,0.05240000000000001,0.019199999999999995,-0.004199999999999995,0.038,0.016199999999999996,0.0202,0.022199999999999994,0.007799999999999994,0.003999999999999986,1.0658141036401501e-17,-0.002800000000000004,0.0,0.010399999999999994,0.051000000000000004
2.1523667355192586,-0.09759999999999999,0.0292,0.05479999999999999,0.02719999999999998,0.0418,-0.016600000000000004,0.017599999999999994,0.015600000000000006,0.009999999999999997,0.0296,-0.000999999999999999,-0.048799999999999996,0.014599999999999998,-0.0092,-0.0038000000000000017,-0.004000000000000006,-0.03540000000000001,-0.0256,-0.0202,-0.022600000000000002,-0.0354,-0.017000000000000005,0.0202
2.150500338183521,-0.101,0.023600000000000013,0.046,0.018999999999999993,0.03359999999999999,-0.0212,0.0065999999999999965,0.005400000000000002,-0.004000000000000001,0.0178,-0.016400000000000005,-0.0576,0.016800000000000006,-0.023600000000000003,-0.010600000000000002,-0.011799999999999998,-0.061200000000000004,-0.03499999999999999,-0.033,-0.04340000000000001,-0.0544,-0.0254,-0.0040000000000000036
2.1486371748886692,-0.1002,0.02500000000000001,0.038,0.014000000000000005,0.03360000000000001,-0.021199999999999997,0.0031999999999999993,0.012000000000000004,-0.0023999999999999933,0.016800000000000002,-0.002599999999999993,-0.0484,0.013800000000000007,-0.026199999999999994,-0.020999999999999994,-0.024999999999999998,-0.055999999999999994,-0.037,-0.047400000000000005,-0.0484,-0.03559999999999999,-0.030199999999999998,0.005600000000000012
2.1467772372361975,-0.10339999999999998,0.008799999999999997,0.039,-0.011400000000000006,0.0214,-0.0326,0.0032000000000000015,0.007400000000000003,-0.007199999999999997,0.012799999999999997,-0.0216,-0.021599999999999987,0.0007999999999999988,-0.0446,-0.028199999999999996,-0.0424,-0.0598,-0.0446,-0.0434,-0.048600000000000004,-0.0378,-0.0362,-0.007799999999999998
2.1449205168566534,-0.10540000000000001,-0.004199999999999997,0.02159999999999999,-0.026199999999999998,-0.004400000000000002,-0.053399999999999996,0.008999999999999998,-0.0015999999999999988,-0.023000000000000003,0.004799999999999999,-0.039,-0.0272,-0.010799999999999995,-0.040199999999999986,-0.029399999999999992,-0.04179999999999999,-0.0714,-0.0482,-0.047,-0.05500000000000001,-0.034199999999999994,-0.045799999999999993,-0.037200000000000004
2.1431040442447284,-0.09779999999999998,0.011600000000000004,0.022999999999999996,-0.0298,-0.0031999999999999976,-0.0484,0.028,0.0037999999999999996,-0.0031999999999999928,0.0176,-0.028999999999999995,-0.027600000000000003,-0.02259999999999999,-0.0298,-0.02219999999999999,-0.03319999999999999,-0.0634,-0.054200000000000005,-0.0422,-0.0518,-0.023,-0.046599999999999996,-0.0466
2.141253669487135,-0.0952,0.026199999999999998,0.0202,-0.011199999999999998,0.005000000000000005,-0.018199999999999987,0.0314,0.0272,0.007199999999999998,0.0368,-0.007999999999999993,-0.0218,-0.013199999999999996,-0.008599999999999993,-0.0019999999999999983,-0.040600000000000004,-0.04879999999999998,-0.0418,-0.0304,-0.0366,-0.0192,-0.03659999999999998,-0.0272
2.139406487232574,-0.09140000000000001,0.029,0.0318,-0.002599999999999993,0.017800000000000007,0.01700000000000001,0.038,0.0294,0.0242,0.0286,-0.0009999999999999929,-0.008399999999999998,0.002000000000000008,-0.003999999999999997,0.0078,-0.018799999999999994,-0.020199999999999975,-0.027999999999999997,-0.004599999999999996,-0.018600000000000002,-0.005599999999999997,-0.016999999999999994,-0.0208
2.1375624892259952,-0.078,0.0402,0.033,0.002,0.030199999999999998,0.0366,0.048600000000000004,0.042,0.027600000000000003,0.015999999999999997,0.0096,0.0006000000000000015,0.010199999999999996,-0.002800000000000004,0.010599999999999998,-0.0164,0.0102,-0.0242,0.007,-0.0032,-0.006200000000000005,-0.005999999999999997,-0.023399999999999994
2.1357216672407855,-0.0704,0.065,0.035800000000000005,0.010599999999999997,0.026999999999999996,0.047799999999999995,0.037399999999999996,0.0516,0.022600000000000002,0.0252,0.020999999999999998,0.0108,0.0202,-0.0031999999999999963,0.009800000000000001,-0.006399999999999996,0.026199999999999998,-0.005199999999999995,0.010800000000000004,-0.004600000000000003,-0.019399999999999997,-0.002000000000000004,-0.014799999999999995
2.133884013078644,-0.0554,0.0724,0.047200000000000006,0.045399999999999996,0.032799999999999996,0.0624,0.0448,0.05740000000000001,0.0338,0.0294,0.0318,0.033,0.0324,0.0002,0.022600000000000002,0.002999999999999999,0.0562,-0.007,0.0238,0.003199999999999999,-0.019800000000000005,0.019600000000000003,-0.009000000000000001
2.132086177547757,-0.045399999999999996,0.0824,0.06120000000000001,0.0546,0.053,0.0722,0.058,0.0456,0.0476,0.0338,0.054400000000000004,0.0446,0.0424,0.014800000000000002,0.016999999999999998,0.008400000000000003,0.0694,-0.011800000000000001,0.019999999999999997,0.022999999999999996,0.0054000000000000055,0.0346,-0.0032
2.1302547715988935,-0.0486,0.07740000000000001,0.056,0.0508,0.03479999999999999,0.0804,0.061200000000000004,0.03319999999999999,0.0414,0.027399999999999994,0.053,0.040799999999999996,0.037200000000000004,0.0272,0.016399999999999994,0.0114,0.066,-0.027199999999999995,0.02459999999999999,0.017199999999999997,-0.004800000000000001,0.0386,-0.0096
2.1284265092088774,-0.038200000000000005,0.09499999999999999,0.0484,0.0594,0.038799999999999994,0.0854,0.055200000000000006,0.037,0.0572,0.0338,0.0562,0.0272,0.045399999999999996,0.048,0.0132,0.0172,0.06299999999999999,-0.027000000000000003,0.0228,0.017200000000000003,-0.0022000000000000006,0.0484,-0.011399999999999992
2.1266013822908985,-0.019600000000000003,0.11320000000000001,0.065,0.06,0.0686,0.08679999999999999,0.06620000000000002,0.0416,0.07740000000000001,0.0436,0.07740000000000001,0.033,0.0504,0.047,0.007000000000000002,0.020399999999999998,0.0742,-0.018,0.03500000000000001,0.025000000000000005,-0.003399999999999995,0.056799999999999996,0.009400000000000004
2.1247793827858596,-0.001199999999999994,0.1164,0.0704,0.0686,0.0724,0.089,0.0758,0.04240000000000001,0.07479999999999999,0.0578,0.0694,0.060000000000000005,0.0466,0.0446,0.007000000000000002,0.031,0.0742,-0.004399999999999993,0.0424,0.02659999999999999,0.0014000000000000013,0.055,0.032600000000000004
2.1229605026622607,0.0148,0.11199999999999999,0.0756,0.0716,0.06819999999999998,0.0856,0.0852,0.029800000000000004,0.0706,0.055799999999999995,0.053399999999999996,0.06659999999999999,0.04119999999999999,0.0338,0.007,0.0384,0.0572,0.004600000000000008,0.04519999999999999,0.020799999999999992,0.008999999999999998,0.042,0.036
2.1211810188511406,0.0092,0.1072,0.061399999999999996,0.0686,0.0576,0.0554,0.08099999999999999,0.0248,0.0582,0.06919999999999998,0.05500000000000001,0.0668,0.045000000000000005,0.0416,0.006200000000000001,0.01939999999999999,0.0414,0.011000000000000003,0.041,0.013800000000000003,0.003400000000000003,0.0352,0.024199999999999992
2.11936829151569,0.017,0.11639999999999998,0.0804,0.0808,0.0804,0.0584,0.0728,0.039200000000000006,0.07220000000000001,0.0876,0.08180000000000001,0.086,0.0598,0.0632,0.0296,0.04360000000000001,0.04279999999999999,0.035,0.052000000000000005,0.017000000000000008,0.016200000000000003,0.054800000000000015,0.032
2.1175586597902933,0.017599999999999998,0.11639999999999998,0.07840000000000001,0.0808,0.0964,0.05140000000000001,0.0778,0.040600000000000004,0.083,0.0832,0.0986,0.0792,0.0584,0.0586,0.0414,0.03559999999999999,0.0364,0.030600000000000002,0.046,0.0216,0.029199999999999997,0.0632,0.040600000000000004
2.1157521157521155,0.0242,0.1232,0.09979999999999999,0.0844,0.10840000000000001,0.0534,0.0932,0.044,0.09259999999999999,0.0876,0.11780000000000002,0.0922,0.0728,0.0692,0.0514,0.0418,0.035,0.0426,0.05680000000000002,0.0376,0.054800000000000015,0.057,0.044
2.113948651505336,0.016399999999999998,0.11320000000000001,0.0836,0.0834,0.0896,0.048600000000000004,0.0922,0.0642,0.0864,0.09379999999999998,0.1076,0.101,0.0722,0.06879999999999999,0.056799999999999996,0.025399999999999992,0.03319999999999999,0.03339999999999999,0.058,0.0316,0.0626,0.04519999999999999,0.025199999999999993
2.112184236973444,0.0242,0.11599999999999999,0.08940000000000001,0.0858,0.09259999999999999,0.0442,0.0932,0.0778,0.09060000000000003,0.09539999999999997,0.093,0.099,0.069,0.064,0.0564,0.032,0.03540000000000001,0.043,0.05740000000000001,0.038000000000000006,0.0728,0.030999999999999993,0.0182
2.11038684752455,0.019999999999999997,0.11120000000000001,0.09219999999999998,0.08020000000000001,0.09820000000000001,0.05820000000000001,0.10020000000000001,0.07279999999999999,0.0798,0.0992,0.09359999999999999,0.1046,0.07060000000000001,0.0606,0.05079999999999999,0.0434,0.046,0.04779999999999999,0.06359999999999999,0.031,0.0756,0.0294,0.0208
2.108592514496573,0.004199999999999998,0.1036,0.0888,0.08780000000000002,0.0872,0.0658,0.0928,0.08059999999999999,0.07740000000000001,0.08959999999999999,0.0782,0.1082,0.06420000000000001,0.051,0.0426,0.05160000000000001,0.045200000000000004,0.055799999999999995,0.0684,0.014399999999999996,0.0782,0.023600000000000003,0.0156
2.1068012301000727,-0.013600000000000001,0.1076,0.0866,0.09540000000000001,0.08599999999999998,0.0514,0.07640000000000001,0.0932,0.0694,0.08139999999999997,0.0718,0.09979999999999999,0.06720000000000002,0.055,0.0444,0.037,0.0338,0.05339999999999998,0.0726,0.005799999999999997,0.074,0.012399999999999998,-0.0022000000000000006
2.105048721692188,-0.003599999999999993,0.1206,0.09380000000000001,0.1078,0.09479999999999998,0.0426,0.0804,0.11379999999999998,0.083,0.08699999999999998,0.09459999999999999,0.1006,0.07160000000000002,0.06459999999999999,0.05499999999999999,0.047799999999999995,0.055200000000000006,0.0588,0.0756,0.015400000000000004,0.07959999999999999,0.0294,0.0018000000000000008
2.1032634507090036,-0.0035999999999999995,0.1294,0.11660000000000002,0.11320000000000001,0.084,0.0634,0.095,0.12840000000000001,0.09259999999999999,0.0858,0.1018,0.10599999999999998,0.07100000000000001,0.077,0.0624,0.066,0.061399999999999996,0.057,0.0692,0.03140000000000001,0.07399999999999998,0.030999999999999996,0.019600000000000003
2.1014812053011562,-0.011799999999999998,0.1162,0.10479999999999999,0.09340000000000001,0.06520000000000001,0.054799999999999995,0.08999999999999998,0.1206,0.0792,0.0698,0.07679999999999998,0.0866,0.062,0.0638,0.0432,0.0418,0.055600000000000004,0.0396,0.054200000000000005,0.0216,0.0594,0.009,0.011799999999999998
2.0997019777837984,-0.012000000000000002,0.1164,0.09799999999999999,0.1016,0.06420000000000001,0.0688,0.0998,0.1268,0.086,0.0678,0.06719999999999998,0.08679999999999999,0.049,0.0642,0.025799999999999993,0.0514,0.0626,0.044,0.046,0.0224,0.0592,0.005400000000000004,-0.0001999999999999988
2.0979612553929448,-0.008999999999999996,0.11879999999999999,0.08020000000000001,0.1036,0.0592,0.07579999999999999,0.1046,0.1278,0.0874,0.060200000000000004,0.0496,0.0718,0.0484,0.059,0.016800000000000006,0.055600000000000004,0.0694,0.05500000000000001,0.04320000000000001,0.009200000000000002,0.0476,0.007200000000000001,0.009400000000000002
2.0961879807285944,-0.0114,0.1394,0.0984,0.1188,0.0746,0.1004,0.1164,0.1376,0.1036,0.0686,0.060200000000000004,0.0728,0.06160000000000001,0.0666,0.033800000000000004,0.07740000000000001,0.09240000000000001,0.0842,0.0586,0.019000000000000003,0.0456,0.017200000000000003,0.047200000000000006
2.0944177012076683,-0.0192,0.14880000000000002,0.11780000000000002,0.129,0.09620000000000001,0.1138,0.1176,0.1482,0.117,0.0836,0.09159999999999999,0.07959999999999999,0.0684,0.07640000000000001,0.0498,0.0792,0.0996,0.0964,0.0788,0.0272,0.060000000000000005,0.038,0.0636
2.09268572585817,-0.019800000000000005,0.1574,0.12379999999999998,0.1478,0.1018,0.1034,0.10699999999999998,0.1558,0.1276,0.0734,0.0964,0.07579999999999999,0.0724,0.08280000000000001,0.066,0.08679999999999999,0.09179999999999999,0.09620000000000001,0.07780000000000001,0.039400000000000004,0.0596,0.0474,0.0694
2.090921354377445,-0.015,0.15280000000000002,0.12799999999999997,0.14279999999999998,0.10479999999999999,0.10479999999999999,0.09799999999999999,0.14739999999999998,0.1296,0.07059999999999998,0.0968,0.08159999999999999,0.075,0.0942,0.0756,0.0842,0.0792,0.08739999999999998,0.0694,0.061200000000000004,0.0518,0.045399999999999996,0.0598
2.0891599555211107,-0.010000000000000002,0.1458,0.12440000000000001,0.12819999999999998,0.1138,0.1046,0.0994,0.14859999999999995,0.146,0.06719999999999998,0.10940000000000001,0.07759999999999999,0.0778,0.0886,0.0732,0.09079999999999999,0.09359999999999999,0.08959999999999999,0.0636,0.0676,0.0496,0.052399999999999995,0.07740000000000001
2.087401521783045,-0.010799999999999995,0.1602,0.13140000000000002,0.1296,0.1222,0.1164,0.1142,0.15819999999999998,0.1676,0.06580000000000001,0.11220000000000001,0.083,0.09780000000000001,0.1014,0.0702,0.10299999999999998,0.09040000000000001,0.09599999999999999,0.06720000000000001,0.07740000000000001,0.057,0.0594,0.09259999999999999
2.0856811262678083,-0.006999999999999998,0.15719999999999995,0.10679999999999998,0.11600000000000002,0.12139999999999998,0.09379999999999998,0.10199999999999998,0.14639999999999997,0.1538,0.055200000000000006,0.095,0.0714,0.08780000000000002,0.087,0.0664,0.083,0.0814,0.09259999999999997,0.06340000000000001,0.07180000000000002,0.058,0.05099999999999999,0.0804
2.08392854141808,0.01440000000000001,0.194,0.11600000000000002,0.1376,0.13379999999999995,0.1098,0.11979999999999999,0.1596,0.17060000000000003,0.07840000000000001,0.11320000000000001,0.085,0.1058,0.1166,0.08059999999999999,0.10640000000000001,0.0868,0.12079999999999999,0.09559999999999999,0.08280000000000001,0.07659999999999999,0.05899999999999999,0.1042
2.082178899467701,0.0029999999999999966,0.201,0.12400000000000001,0.1362,0.126,0.09619999999999998,0.1186,0.15439999999999998,0.16259999999999997,0.0868,0.1098,0.0994,0.1222,0.1256,0.0964,0.10259999999999998,0.06219999999999999,0.1166,0.10640000000000001,0.09820000000000002,0.08159999999999999,0.06259999999999999,0.11539999999999997
2.080467098419516,-0.001200000000000003,0.19759999999999997,0.1306,0.1346,0.13920000000000002,0.0942,0.109,0.148,0.1568,0.097,0.116,0.11220000000000001,0.12,0.1276,0.1156,0.0996,0.053200000000000004,0.1022,0.1046,0.1038,0.0834,0.07579999999999998,0.10740000000000001
2.078723261583853,-0.003400000000000004,0.18280000000000002,0.1272,0.121,0.13460000000000003,0.08340000000000002,0.09799999999999999,0.14200000000000002,0.13219999999999998,0.08700000000000001,0.098,0.11359999999999999,0.1052,0.1202,0.11320000000000001,0.0886,0.035800000000000005,0.0906,0.0964,0.08839999999999998,0.05959999999999999,0.08539999999999998,0.089
2.076982345650062,0.005400000000000004,0.17139999999999997,0.10779999999999999,0.10640000000000001,0.116,0.0676,0.0948,0.1274,0.12199999999999998,0.0832,0.0668,0.1042,0.1042,0.1176,0.10279999999999999,0.0792,0.026000000000000002,0.0832,0.0828,0.07659999999999999,0.0424,0.084,0.0878
2.0752790748271996,0.005999999999999998,0.16319999999999996,0.1184,0.0862,0.09440000000000001,0.0644,0.1022,0.1172,0.1152,0.0834,0.0586,0.08020000000000001,0.1022,0.1118,0.09340000000000001,0.055200000000000006,0.032400000000000005,0.08780000000000002,0.0828,0.073,0.0416,0.0834,0.07640000000000001
2.073543920670223,0.0007999999999999961,0.15319999999999998,0.10559999999999999,0.0842,0.07079999999999999,0.04279999999999999,0.09440000000000001,0.106,0.10559999999999997,0.07859999999999999,0.0474,0.06199999999999999,0.0938,0.09859999999999998,0.0882,0.04,0.046200000000000005,0.0892,0.0716,0.05319999999999999,0.044,0.0746,0.07999999999999999
2.0718116656363303,0.014400000000000007,0.1538,0.10499999999999998,0.1044,0.08280000000000001,0.064,0.1044,0.10679999999999999,0.10840000000000001,0.0906,0.050400000000000014,0.07159999999999998,0.102,0.1138,0.1042,0.0454,0.048799999999999996,0.08900000000000001,0.08059999999999999,0.0772,0.0456,0.09079999999999998,0.081
2.0701168614357264,-0.015400000000000006,0.12840000000000001,0.08000000000000002,0.0842,0.0644,0.05940000000000001,0.075,0.0696,0.0792,0.07840000000000001,0.0272,0.0502,0.0624,0.0846,0.09039999999999998,0.0222,0.02839999999999999,0.0614,0.056199999999999986,0.056600000000000004,0.018799999999999994,0.0654,0.05019999999999999
2.0683903252710594,-0.0286,0.1312,0.07940000000000003,0.07199999999999998,0.057399999999999986,0.0688,0.06860000000000001,0.0626,0.06720000000000001,0.08059999999999999,0.020399999999999998,0.05299999999999999,0.049,0.07019999999999998,0.0814,0.011399999999999992,0.02159999999999999,0.05,0.047999999999999994,0.0444,0.008599999999999997,0.0634,0.0362
2.066666666666667,-0.064,0.0912,0.051799999999999985,0.045200000000000004,0.026399999999999996,0.035199999999999995,0.05800000000000001,0.034399999999999986,0.03599999999999998,0.062200000000000005,-0.025600000000000008,0.026600000000000002,0.012999999999999992,0.03459999999999999,0.053399999999999996,-0.020800000000000006,0.009799999999999998,0.012999999999999992,0.011399999999999997,0.019799999999999984,-0.008400000000000003,0.0424,-0.004400000000000008
2.064980266116005,-0.0588,0.0756,0.0456,0.03319999999999999,0.028800000000000003,0.028,0.038799999999999994,0.022799999999999994,0.0162,0.05939999999999999,-0.0412,0.0010000000000000018,0.009,0.024199999999999996,0.056799999999999996,-0.02459999999999999,0.023799999999999995,0.0017999999999999989,0.0015999999999999996,0.011800000000000001,-0.010599999999999998,0.038799999999999994,-0.030800000000000004
2.0632622838982346,-0.06659999999999999,0.0606,0.0442,0.020399999999999998,0.016800000000000002,0.02780000000000001,0.0314,0.011399999999999999,0.004200000000000003,0.0582,-0.054200000000000005,-0.014399999999999998,-0.0014000000000000002,0.028600000000000004,0.04300000000000002,-0.024399999999999995,0.02239999999999999,-0.003200000000000002,-0.006399999999999997,-0.0004000000000000038,-0.005799999999999997,0.0224,-0.02759999999999999
2.0615814324665824,-0.08080000000000001,0.035399999999999994,0.021799999999999993,0.019,0.004199999999999995,0.015599999999999998,0.012199999999999999,-0.01,0.008599999999999998,0.03419999999999999,-0.06220000000000001,-0.0364,-0.0166,0.022600000000000002,0.013799999999999993,-0.029799999999999993,0.0005999999999999907,-0.0108,-0.015000000000000001,-0.012600000000000012,-0.0022000000000000084,0.0003999999999999984,-0.032600000000000004
2.0598690986411508,-0.0942,0.03440000000000001,0.0182,0.007599999999999998,0.009800000000000001,0.0078,0.013400000000000006,-0.003999999999999994,0.006600000000000008,0.020999999999999994,-0.05,-0.027999999999999994,-0.02659999999999999,0.011000000000000003,0.0132,-0.039799999999999995,0.003399999999999995,-0.015799999999999998,-0.0254,-0.026000000000000006,-0.0042000000000000015,-0.0092,-0.0584
2.0581596069579073,-0.069,0.05900000000000001,0.020000000000000004,0.027800000000000005,0.04740000000000002,0.026600000000000013,0.02500000000000001,0.028800000000000006,0.031200000000000006,0.036,-0.022999999999999993,0.011600000000000015,-0.012599999999999991,0.01580000000000001,0.03420000000000001,-0.004199999999999989,0.02360000000000001,-0.0009999999999999918,-0.016199999999999992,-0.009599999999999989,0.011400000000000006,0.0016000000000000105,-0.03479999999999999
2.05648705574075,-0.04919999999999997,0.07440000000000001,0.0368,0.03860000000000001,0.08120000000000001,0.046400000000000004,0.0378,0.054200000000000005,0.037399999999999996,0.05,-0.014999999999999996,0.025800000000000003,0.005000000000000004,0.0132,0.0464,0.011000000000000003,0.023600000000000003,0.017600000000000008,-0.013399999999999999,-0.0040000000000000036,0.014,0.019400000000000008,-0.017399999999999992
2.054783170662999,-0.06819999999999998,0.07540000000000001,0.0396,0.028600000000000004,0.0712,0.03319999999999999,0.0264,0.052,0.0286,0.0432,-0.0232,0.019800000000000005,0.002400000000000006,-0.012199999999999997,0.044,0.010399999999999996,0.011600000000000001,0.021000000000000008,-0.009399999999999992,-0.034200000000000015,0.0198,0.013400000000000004,-0.0316
2.053116100404,-0.0512,0.0854,0.06300000000000001,0.0348,0.0876,0.038799999999999994,0.031,0.0632,0.037399999999999996,0.0536,-0.008599999999999993,0.041,0.025,0.004200000000000007,0.0716,0.0264,0.030199999999999998,0.0328,0.007800000000000004,-0.029199999999999997,0.0396,0.025,-0.012
2.051417794394997,-0.02219999999999999,0.09179999999999999,0.082,0.05500000000000001,0.1066,0.055200000000000006,0.0368,0.0616,0.0586,0.06219999999999999,-0.0094,0.0424,0.046200000000000005,0.02240000000000001,0.0832,0.04419999999999999,0.0412,0.042,0.0206,-0.020799999999999992,0.059,0.035800000000000005,0.006000000000000002
2.049722295688971,0.006000000000000004,0.11299999999999999,0.11320000000000001,0.0686,0.14139999999999997,0.09140000000000001,0.045,0.07159999999999998,0.07759999999999999,0.0606,0.0075999999999999965,0.065,0.0626,0.035199999999999995,0.1038,0.0664,0.059,0.047,0.03219999999999999,0.003,0.05999999999999999,0.055600000000000004,0.033600000000000005
2.0480634238995785,0.021200000000000007,0.1296,0.1268,0.07019999999999998,0.15139999999999998,0.12040000000000001,0.0722,0.0836,0.0928,0.06720000000000001,0.017000000000000008,0.07959999999999999,0.0642,0.0438,0.10579999999999999,0.079,0.06879999999999999,0.0588,0.0448,-0.0005999999999999959,0.053,0.069,0.052399999999999995
2.046373463157026,0.02760000000000001,0.1266,0.12359999999999999,0.061200000000000004,0.1436,0.10579999999999999,0.07640000000000001,0.08019999999999998,0.09199999999999998,0.039599999999999996,0.024800000000000003,0.08379999999999999,0.0506,0.023399999999999994,0.08719999999999997,0.07179999999999999,0.062,0.061200000000000004,0.0378,-0.002400000000000006,0.039799999999999995,0.061799999999999994,0.0338
2.0447200052766967,0.0496,0.1352,0.1372,0.0674,0.15059999999999996,0.1042,0.09659999999999999,0.09539999999999997,0.0984,0.06459999999999999,0.05140000000000001,0.0942,0.0724,0.0232,0.102,0.075,0.06559999999999999,0.0632,0.0482,0.012399999999999998,0.059,0.07399999999999998,0.0428
2.043035555409101,0.0606,0.13399999999999998,0.1588,0.0912,0.15719999999999998,0.1192,0.105,0.10840000000000001,0.0948,0.0884,0.053200000000000004,0.0938,0.0856,0.0218,0.1082,0.0996,0.0544,0.08280000000000001,0.06659999999999999,0.037399999999999996,0.0714,0.0922,0.06580000000000001
2.041387484977693,0.054400000000000004,0.12459999999999999,0.16979999999999998,0.08859999999999998,0.13279999999999997,0.10959999999999999,0.0998,0.094,0.06219999999999999,0.087,0.04540000000000001,0.0768,0.0734,0.014400000000000001,0.0984,0.0814,0.03159999999999999,0.0782,0.0632,0.0192,0.0598,0.0838,0.0572
2.03970851907292,0.0598,0.137,0.179,0.0858,0.1268,0.11500000000000002,0.1022,0.09759999999999999,0.061799999999999994,0.0906,0.053,0.08940000000000001,0.07659999999999999,0.033400000000000006,0.10199999999999998,0.08159999999999999,0.0362,0.07579999999999998,0.07780000000000001,0.023199999999999995,0.054200000000000005,0.0848,0.0436
2.0380658098024393,0.067,0.13639999999999997,0.1772,0.0968,0.12499999999999999,0.13340000000000002,0.1146,0.1082,0.06520000000000001,0.09040000000000001,0.061799999999999994,0.0902,0.07879999999999998,0.054799999999999995,0.10640000000000001,0.09179999999999999,0.0424,0.0768,0.0742,0.0448,0.0564,0.092,0.0522
2.0363923011233003,0.0654,0.1404,0.16019999999999998,0.1052,0.1184,0.1338,0.12879999999999997,0.1168,0.0728,0.0778,0.06580000000000001,0.09559999999999999,0.078,0.0508,0.0974,0.1004,0.0356,0.08059999999999999,0.0706,0.06140000000000001,0.06459999999999999,0.0978,0.04219999999999999
2.034721538512028,0.03359999999999999,0.12079999999999998,0.1472,0.0916,0.1144,0.12340000000000001,0.1286,0.12440000000000001,0.061399999999999996,0.068,0.0674,0.0912,0.071,0.038799999999999994,0.0902,0.09899999999999999,0.034199999999999994,0.06599999999999999,0.07,0.0596,0.055,0.084,0.0424
2.0330868488793428,0.03140000000000001,0.1128,0.146,0.09559999999999999,0.1032,0.1264,0.13119999999999998,0.1384,0.0578,0.07940000000000001,0.0836,0.0992,0.08579999999999999,0.037200000000000004,0.0866,0.0952,0.04160000000000001,0.088,0.08940000000000002,0.071,0.065,0.0866,0.045200000000000004
2.0314215035795615,0.03900000000000001,0.1088,0.1504,0.115,0.09340000000000001,0.12040000000000001,0.12539999999999998,0.15059999999999998,0.066,0.0874,0.10140000000000002,0.1024,0.10540000000000001,0.0396,0.0746,0.09259999999999999,0.047,0.10380000000000002,0.0978,0.0858,0.07160000000000001,0.092,0.0474
2.029792110001637,0.05880000000000002,0.13379999999999997,0.1666,0.1436,0.1006,0.145,0.1374,0.1774,0.0984,0.1184,0.1206,0.12840000000000001,0.1306,0.0674,0.09140000000000001,0.12100000000000001,0.06620000000000001,0.12,0.1254,0.1182,0.0846,0.112,0.06439999999999997
2.0281321557082106,0.062400000000000004,0.1578,0.1776,0.13439999999999996,0.097,0.15519999999999998,0.14079999999999998,0.182,0.109,0.1162,0.1222,0.12979999999999997,0.1154,0.07359999999999998,0.0876,0.1402,0.0888,0.11879999999999999,0.1194,0.1372,0.08120000000000001,0.1156,0.06819999999999998
2.0265080324894997,0.0668,0.1772,0.17479999999999998,0.13099999999999998,0.0892,0.1568,0.1434,0.16540000000000002,0.1182,0.104,0.135,0.12979999999999997,0.10740000000000001,0.08459999999999998,0.0864,0.136,0.1028,0.1172,0.10139999999999998,0.135,0.077,0.10399999999999998,0.0698
2.0248534430673266,0.0706,0.1804,0.1772,0.13279999999999997,0.106,0.1648,0.1544,0.17220000000000002,0.14360000000000003,0.1014,0.1266,0.1252,0.10739999999999998,0.09659999999999998,0.0874,0.1256,0.10779999999999998,0.1202,0.1082,0.1506,0.0824,0.1052,0.0778
2.0232345646782406,0.061200000000000004,0.17179999999999998,0.1732,0.143,0.1072,0.16279999999999997,0.1616,0.169,0.1582,0.09459999999999999,0.12479999999999998,0.10940000000000001,0.09679999999999998,0.0952,0.08020000000000001,0.11359999999999998,0.10419999999999997,0.12340000000000001,0.1028,0.16540000000000002,0.08880000000000002,0.1194,0.09240000000000001
2.021585314160879,0.062,0.1822,0.17880000000000001,0.1478,0.099,0.1576,0.152,0.1586,0.166,0.0906,0.1188,0.106,0.09799999999999999,0.0984,0.0758,0.1,0.1046,0.1182,0.09359999999999999,0.16359999999999997,0.0842,0.11500000000000002,0.10779999999999999
2.019971655236451,0.05339999999999998,0.17859999999999998,0.1854,0.14959999999999998,0.09179999999999999,0.16539999999999996,0.1396,0.16419999999999998,0.16419999999999998,0.106,0.10839999999999998,0.0992,0.0952,0.09580000000000001,0.058,0.07859999999999999,0.104,0.104,0.08480000000000001,0.14939999999999998,0.078,0.108,0.11379999999999998
2.018360570349632,0.0674,0.19080000000000003,0.1956,0.15999999999999998,0.096,0.17200000000000004,0.13939999999999997,0.17199999999999996,0.18240000000000003,0.11059999999999999,0.1152,0.1046,0.1154,0.1058,0.0662,0.08080000000000001,0.0992,0.12340000000000001,0.07840000000000001,0.15739999999999998,0.0824,0.1194,0.11139999999999997
2.0167192531633216,0.06520000000000001,0.19140000000000001,0.19180000000000003,0.15819999999999998,0.1002,0.16100000000000003,0.13440000000000002,0.16499999999999998,0.19,0.11320000000000001,0.1102,0.101,0.1184,0.12200000000000001,0.0756,0.09459999999999999,0.0864,0.10919999999999998,0.0636,0.15519999999999998,0.0854,0.1156,0.104
2.0151133501259446,0.0518,0.18980000000000002,0.19280000000000003,0.1494,0.101,0.14880000000000002,0.1298,0.1558,0.1794,0.1008,0.09439999999999998,0.0952,0.1076,0.11500000000000002,0.0804,0.09659999999999999,0.0726,0.08859999999999998,0.0544,0.14759999999999998,0.08479999999999999,0.1018,0.114
2.013477307785987,0.039200000000000006,0.17899999999999996,0.18419999999999997,0.1474,0.1066,0.13920000000000002,0.13140000000000002,0.1494,0.1672,0.093,0.0834,0.0692,0.1004,0.1052,0.08279999999999998,0.07780000000000001,0.0768,0.07540000000000001,0.0442,0.1336,0.0868,0.09340000000000001,0.11579999999999999
2.011876561638057,0.03719999999999999,0.1686,0.182,0.161,0.11120000000000001,0.1266,0.13179999999999997,0.1416,0.15979999999999997,0.0884,0.06559999999999999,0.05079999999999999,0.10479999999999999,0.09659999999999998,0.0932,0.0678,0.07540000000000001,0.09140000000000001,0.0492,0.11520000000000001,0.0742,0.0808,0.10339999999999998
2.01024576875689,0.032799999999999996,0.14079999999999995,0.1656,0.15419999999999998,0.1142,0.1142,0.11299999999999999,0.136,0.1528,0.0762,0.0386,0.039799999999999995,0.098,0.07099999999999998,0.0872,0.048600000000000004,0.07,0.07899999999999999,0.0516,0.10840000000000002,0.06459999999999999,0.0734,0.07519999999999998
2.008650154698459,0.022000000000000002,0.1262,0.13419999999999999,0.13539999999999996,0.10540000000000001,0.0978,0.0834,0.1148,0.1326,0.0526,0.031199999999999995,0.025799999999999993,0.0832,0.0518,0.075,0.038200000000000005,0.062,0.06559999999999999,0.033,0.0808,0.0482,0.0544,0.055999999999999994
2.007024586051179,0.009199999999999995,0.1076,0.11599999999999999,0.12379999999999998,0.0906,0.0874,0.06799999999999999,0.1024,0.1168,0.0448,0.0294,0.011599999999999994,0.0722,0.030999999999999993,0.0584,0.04,0.0582,0.0498,0.0256,0.054799999999999995,0.03599999999999998,0.0368,0.037399999999999996
2.005434079441066,-0.006800000000000007,0.08259999999999999,0.1076,0.09440000000000001,0.0922,0.06779999999999999,0.061399999999999996,0.08020000000000001,0.099,0.04180000000000002,0.007799999999999994,0.0126,0.05360000000000001,0.015600000000000001,0.040600000000000004,0.030399999999999996,0.03479999999999999,0.031799999999999995,0.007799999999999992,0.045399999999999996,0.02159999999999999,0.02459999999999999,0.004399999999999997
2.003813709964125,-0.0024000000000000037,0.07960000000000002,0.1018,0.07979999999999998,0.0974,0.0546,0.056399999999999985,0.063,0.0932,0.03720000000000001,-0.0020000000000000035,0.009400000000000004,0.04079999999999999,0.011399999999999999,0.047,0.03379999999999999,0.035399999999999994,0.03399999999999999,0.011,0.0436,0.013399999999999999,0.032400000000000005,0.007200000000000003
2.002228286318645,-0.0019999999999999966,0.0874,0.1016,0.07759999999999997,0.09280000000000001,0.056,0.058,0.06640000000000001,0.08220000000000001,0.042600000000000006,0.005200000000000003,0.0144,0.019399999999999997,0.011000000000000003,0.05920000000000001,0.044,0.0526,0.0256,0.032799999999999996,0.0458,0.012399999999999998,0.02459999999999999,0.010400000000000003
2.000645369474024,-0.0076000000000000035,0.0856,0.0844,0.08220000000000001,0.0896,0.053200000000000004,0.0624,0.0746,0.0762,0.04060000000000001,0.005599999999999998,0.0035999999999999995,0.0068000000000000005,-0.0025999999999999994,0.05660000000000001,0.0418,0.055600000000000004,0.0256,0.0366,0.0312,0.012000000000000004,0.02959999999999999,0.016200000000000006
1.9990327261002743,-0.0198,0.085,0.0722,0.081,0.08159999999999999,0.057,0.05419999999999999,0.063,0.08079999999999998,0.027800000000000002,0.014000000000000004,-0.0014000000000000048,-0.003,-0.008400000000000003,0.048199999999999986,0.038200000000000005,0.0554,0.0242,0.029199999999999997,0.019600000000000003,0.009800000000000001,0.0358,-0.0009999999999999983
1.9974548559094059,-0.028399999999999995,0.0818,0.06099999999999999,0.0574,0.0696,0.0466,0.033600000000000005,0.046400000000000004,0.073,0.0254,0.012600000000000002,0.007000000000000002,-0.0063999999999999994,-0.017400000000000002,0.0354,0.0268,0.049,0.018199999999999997,0.023199999999999995,0.011,-0.007399999999999999,0.03459999999999999,-0.016799999999999995
1.9958473498688214,-0.037,0.0756,0.0564,0.047799999999999995,0.07279999999999999,0.04379999999999999,0.015999999999999993,0.0338,0.06559999999999999,0.0238,0.022800000000000004,0.01819999999999999,-0.007600000000000002,-0.012199999999999999,0.014599999999999988,0.008199999999999994,0.039200000000000006,0.000999999999999999,0.0208,0.0222,-0.010000000000000004,0.03459999999999999,-0.0248
1.9942745022355175,-0.03559999999999999,0.08259999999999999,0.0606,0.0456,0.06979999999999999,0.05740000000000001,0.0188,0.027399999999999997,0.0684,0.03500000000000001,0.033400000000000006,0.02059999999999999,0.0006000000000000007,-0.000200000000000001,0.0055999999999999965,0.010400000000000005,0.0476,-0.0012,0.030199999999999998,0.028,-0.006599999999999997,0.037200000000000004,-0.005999999999999998
1.9927041316470342,-0.03719999999999999,0.0852,0.07940000000000001,0.0578,0.0654,0.061799999999999994,0.032600000000000004,0.030200000000000008,0.0694,0.0654,0.03359999999999999,0.038799999999999994,0.005599999999999999,0.0062,0.0124,0.0246,0.060200000000000004,0.0002000000000000024,0.039,0.042,-0.0038,0.03339999999999999,0.0020000000000000035
1.9911042599996789,-0.0198,0.11059999999999999,0.10620000000000002,0.08979999999999999,0.0864,0.086,0.057600000000000005,0.0432,0.08079999999999998,0.099,0.0366,0.07680000000000001,0.03140000000000001,0.0228,0.04340000000000001,0.0352,0.0758,0.016800000000000006,0.0476,0.0708,0.015200000000000009,0.045200000000000004,0.020600000000000004
1.9895388762314283,-0.009800000000000005,0.1254,0.11159999999999999,0.10859999999999999,0.093,0.1028,0.0736,0.0722,0.0912,0.10199999999999998,0.0594,0.074,0.047200000000000006,0.022600000000000002,0.0512,0.0442,0.09720000000000001,0.034,0.06659999999999999,0.064,0.0286,0.06080000000000002,0.039200000000000006
1.9879759519038076,-0.0042000000000000015,0.1368,0.1206,0.11359999999999999,0.099,0.11320000000000001,0.08159999999999999,0.07880000000000001,0.1006,0.10759999999999997,0.0716,0.0782,0.056,0.028399999999999998,0.055799999999999995,0.0526,0.09620000000000001,0.0436,0.0734,0.0574,0.0308,0.0574,0.037
1.986383660392471,0.0026000000000000042,0.12299999999999998,0.1262,0.1228,0.1014,0.1162,0.0728,0.0624,0.1006,0.10499999999999998,0.0572,0.0726,0.0424,0.024000000000000004,0.03559999999999999,0.0378,0.09239999999999998,0.0366,0.0586,0.0442,0.03200000000000001,0.060200000000000004,0.041
1.9848256874859942,0.0094,0.1374,0.13439999999999996,0.13140000000000002,0.1082,0.13,0.0644,0.0518,0.1148,0.10640000000000001,0.05479999999999999,0.0758,0.0444,0.0242,0.038799999999999994,0.0258,0.09359999999999999,0.03500000000000001,0.0522,0.05140000000000001,0.0286,0.056600000000000004,0.044
1.9832384364404068,0.0218,0.1524,0.1392,0.13820000000000002,0.1266,0.136,0.0742,0.06720000000000001,0.12359999999999999,0.1274,0.0596,0.0852,0.054400000000000004,0.04120000000000001,0.056600000000000004,0.025000000000000005,0.10559999999999999,0.03499999999999999,0.063,0.0682,0.0332,0.0578,0.0614
1.9816853914627715,0.0294,0.16219999999999998,0.16479999999999997,0.1566,0.152,0.14279999999999998,0.091,0.08020000000000001,0.1326,0.1392,0.066,0.093,0.0708,0.065,0.0722,0.04240000000000001,0.1162,0.046799999999999994,0.08320000000000002,0.0852,0.05500000000000001,0.06760000000000001,0.07940000000000001
1.980134776915461,0.0384,0.15719999999999998,0.16279999999999997,0.1636,0.15239999999999998,0.13899999999999998,0.08679999999999999,0.0882,0.1372,0.141,0.0506,0.1022,0.0662,0.07579999999999999,0.07859999999999999,0.0426,0.1138,0.047799999999999995,0.07199999999999998,0.08379999999999999,0.063,0.0694,0.09259999999999999
1.9785550165943324,0.04440000000000001,0.16059999999999997,0.16079999999999997,0.16319999999999998,0.14279999999999998,0.13539999999999996,0.09240000000000001,0.1006,0.13899999999999998,0.13720000000000002,0.047200000000000006,0.0922,0.0628,0.09100000000000001,0.07299999999999998,0.048600000000000004,0.104,0.0448,0.05919999999999999,0.07379999999999998,0.0546,0.06359999999999999,0.07959999999999999
1.9770092951324116,0.05,0.15319999999999998,0.1478,0.16779999999999998,0.1308,0.13979999999999998,0.07479999999999999,0.0948,0.14139999999999997,0.13620000000000002,0.053000000000000005,0.0834,0.0696,0.0848,0.04839999999999998,0.038,0.0938,0.034199999999999994,0.0444,0.06559999999999998,0.0444,0.056600000000000004,0.07540000000000001
1.9754659869364344,0.0426,0.1466,0.1266,0.13319999999999999,0.11159999999999999,0.12199999999999998,0.04959999999999999,0.07440000000000001,0.126,0.1146,0.040400000000000005,0.0562,0.0416,0.08480000000000001,0.008399999999999984,0.021399999999999992,0.0722,0.018,0.030600000000000002,0.033199999999999986,0.0294,0.03219999999999999,0.054799999999999995
1.973893664438077,0.0666,0.155,0.139,0.14660000000000004,0.11820000000000001,0.13119999999999998,0.06260000000000002,0.083,0.12179999999999999,0.1316,0.0426,0.0636,0.04160000000000001,0.10880000000000002,0.017599999999999994,0.0364,0.08020000000000001,0.0188,0.0414,0.0538,0.043,0.032400000000000005,0.054799999999999995
1.9723552148117514,0.08020000000000001,0.15539999999999998,0.15,0.15239999999999998,0.11420000000000002,0.13440000000000002,0.06479999999999998,0.09340000000000001,0.1216,0.125,0.0594,0.0592,0.05280000000000002,0.1194,0.0188,0.045200000000000004,0.084,0.019400000000000008,0.049,0.0844,0.056600000000000004,0.04100000000000001,0.0626
1.9708191614482344,0.086,0.18059999999999996,0.14780000000000001,0.16780000000000003,0.11840000000000002,0.13439999999999996,0.08020000000000001,0.11159999999999999,0.1272,0.1152,0.071,0.0666,0.05840000000000001,0.1242,0.026799999999999994,0.0628,0.08480000000000001,0.04760000000000001,0.05,0.09299999999999999,0.0586,0.056600000000000004,0.0606
1.9692854987533153,0.0778,0.179,0.16040000000000001,0.16639999999999996,0.10479999999999998,0.1102,0.0856,0.1164,0.115,0.0984,0.07840000000000001,0.062200000000000005,0.0458,0.1162,0.013400000000000002,0.06459999999999999,0.08020000000000001,0.038799999999999994,0.047799999999999995,0.06979999999999999,0.0636,0.0502,0.0438
1.9677229953821986,0.0664,0.1662,0.1626,0.1674,0.102,0.11080000000000001,0.09659999999999999,0.1058,0.11120000000000002,0.0864,0.0768,0.065,0.039,0.1152,0.0032000000000000062,0.0554,0.0732,0.0422,0.035199999999999995,0.060399999999999995,0.0688,0.047400000000000005,0.0334
1.966194145815495,0.061399999999999996,0.1546,0.15940000000000001,0.18180000000000002,0.095,0.1166,0.091,0.10859999999999999,0.09440000000000001,0.0848,0.0628,0.0588,0.04440000000000001,0.09679999999999998,-0.0019999999999999944,0.0456,0.056199999999999986,0.040400000000000005,0.02040000000000001,0.047400000000000005,0.06960000000000001,0.0426,0.03540000000000001
1.9646676701259607,0.062000000000000006,0.16019999999999998,0.1698,0.1968,0.10959999999999999,0.12780000000000002,0.1158,0.10679999999999999,0.10599999999999998,0.0984,0.07859999999999999,0.057,0.065,0.07759999999999997,0.008800000000000002,0.0656,0.06659999999999999,0.04179999999999999,0.0404,0.05220000000000001,0.0844,0.0424,0.0348
1.9631124831789757,0.057000000000000016,0.1624,0.168,0.207,0.1328,0.109,0.1192,0.1034,0.09659999999999999,0.09780000000000001,0.07959999999999998,0.07680000000000001,0.06699999999999999,0.0624,0.0035999999999999943,0.0706,0.068,0.039200000000000006,0.045399999999999996,0.0576,0.0906,0.042399999999999986,0.039
1.961590786851014,0.0516,0.1702,0.16920000000000004,0.2066,0.1562,0.10840000000000002,0.13679999999999998,0.11320000000000001,0.09679999999999998,0.08599999999999998,0.07579999999999998,0.0872,0.0608,0.0642,0.013600000000000001,0.07220000000000001,0.0762,0.04119999999999999,0.0562,0.07220000000000001,0.10640000000000001,0.0698,0.037200000000000004
1.9600714477656767,0.0416,0.17199999999999996,0.1756,0.22340000000000002,0.17079999999999998,0.1226,0.15599999999999997,0.129,0.105,0.07959999999999999,0.08499999999999999,0.0968,0.0772,0.0626,0.03580000000000001,0.0864,0.0782,0.0446,0.07640000000000002,0.09359999999999999,0.10859999999999999,0.0886,0.044000000000000004
1.9585544604498357,0.018,0.16040000000000001,0.15439999999999998,0.1884,0.14699999999999996,0.1044,0.135,0.10159999999999998,0.0836,0.052599999999999994,0.0544,0.08139999999999997,0.05979999999999999,0.026999999999999982,0.0188,0.0704,0.05179999999999999,0.0368,0.0586,0.0772,0.0814,0.0644,0.03359999999999999
1.9570089327988385,0.021800000000000007,0.153,0.159,0.18980000000000002,0.142,0.0932,0.1386,0.09519999999999998,0.0778,0.059,0.034800000000000005,0.0948,0.049,0.020800000000000006,0.03360000000000002,0.0562,0.047799999999999995,0.052,0.049,0.06,0.07479999999999999,0.046,0.0344
1.9554966803866836,0.030600000000000006,0.15139999999999998,0.1814,0.18180000000000002,0.14939999999999998,0.1066,0.1524,0.09259999999999997,0.09259999999999999,0.08079999999999998,0.05220000000000002,0.1184,0.08200000000000002,0.03260000000000001,0.052,0.05079999999999999,0.049,0.05240000000000001,0.0626,0.054799999999999995,0.07680000000000001,0.04880000000000002,0.0538
1.9539867633154742,0.041,0.13879999999999998,0.1746,0.1796,0.16519999999999999,0.126,0.1646,0.09499999999999999,0.0988,0.09659999999999999,0.05960000000000001,0.1354,0.1042,0.05040000000000001,0.0668,0.0624,0.062200000000000005,0.0704,0.0708,0.075,0.07440000000000001,0.0598,0.0692
1.952479176179754,0.0526,0.142,0.17320000000000002,0.1832,0.1718,0.1288,0.1666,0.11399999999999999,0.0872,0.1038,0.054800000000000015,0.12919999999999998,0.1004,0.042,0.06459999999999999,0.074,0.06559999999999999,0.0742,0.0768,0.0742,0.0708,0.0508,0.077
1.950943218112305,0.045399999999999996,0.154,0.15940000000000001,0.18080000000000002,0.17239999999999997,0.12680000000000002,0.1678,0.10940000000000001,0.09240000000000001,0.1024,0.058600000000000006,0.13340000000000002,0.0814,0.0424,0.061200000000000004,0.075,0.074,0.07640000000000001,0.0736,0.077,0.05660000000000001,0.0424,0.07
1.9494403219720788,0.043,0.174,0.158,0.17939999999999998,0.17459999999999998,0.1436,0.1674,0.1276,0.09620000000000001,0.0938,0.054799999999999995,0.1366,0.07840000000000001,0.0676,0.0662,0.0704,0.089,0.07840000000000001,0.0746,0.058799999999999984,0.048600000000000004,0.0464,0.06459999999999999
1.9479397395416056,0.057,0.19440000000000002,0.1704,0.18059999999999996,0.17159999999999997,0.16540000000000002,0.17620000000000002,0.1526,0.10379999999999999,0.1046,0.064,0.1304,0.08659999999999998,0.0996,0.0992,0.0678,0.109,0.0996,0.07959999999999999,0.0632,0.061799999999999994,0.060200000000000004,0.0682
1.9464414654820583,0.0654,0.1938,0.19119999999999998,0.1894,0.188,0.16440000000000002,0.19119999999999998,0.1692,0.10899999999999999,0.10840000000000001,0.07859999999999999,0.14179999999999998,0.092,0.1108,0.11499999999999999,0.0782,0.1114,0.1154,0.07659999999999999,0.053399999999999996,0.07440000000000001,0.06220000000000001,0.08420000000000001
1.9449149883932495,0.089,0.1988,0.216,0.20779999999999996,0.19419999999999998,0.17220000000000002,0.19,0.1736,0.1226,0.1268,0.0994,0.15719999999999998,0.10099999999999999,0.1218,0.1276,0.08880000000000002,0.12860000000000002,0.1248,0.0666,0.047800000000000016,0.086,0.07620000000000002,0.0916
1.9434213619622287,0.10540000000000001,0.2142,0.2344,0.23739999999999992,0.2144,0.18,0.1984,0.1938,0.156,0.1464,0.143,0.17639999999999997,0.1238,0.15939999999999996,0.13979999999999998,0.097,0.14780000000000001,0.141,0.0814,0.047200000000000006,0.11040000000000001,0.09140000000000001,0.088
1.9419300278760925,0.0878,0.211,0.22340000000000002,0.24359999999999996,0.22440000000000002,0.1764,0.19440000000000002,0.1974,0.1568,0.1416,0.15180000000000002,0.17099999999999999,0.126,0.158,0.1252,0.1036,0.15660000000000002,0.12940000000000002,0.0836,0.03219999999999999,0.1072,0.1004,0.09200000000000001
1.9404409808616185,0.068,0.204,0.2038,0.23740000000000003,0.2268,0.164,0.18140000000000003,0.202,0.14539999999999997,0.136,0.13279999999999997,0.14759999999999998,0.09,0.15259999999999999,0.11220000000000001,0.106,0.15239999999999998,0.1046,0.0708,0.0184,0.098,0.0958,0.08400000000000002
1.9389542156617463,0.0762,0.21440000000000003,0.20659999999999998,0.22440000000000002,0.216,0.16639999999999996,0.15960000000000002,0.1974,0.1458,0.13179999999999997,0.1326,0.1422,0.0814,0.13739999999999997,0.1022,0.09820000000000001,0.1378,0.0932,0.0632,0.015800000000000005,0.0888,0.1,0.07279999999999999
1.9374394550170309,0.0814,0.21459999999999999,0.2084,0.2132,0.2082,0.15739999999999998,0.15439999999999998,0.1706,0.15519999999999998,0.14579999999999999,0.137,0.13419999999999999,0.0932,0.1304,0.1004,0.09379999999999998,0.1364,0.09380000000000001,0.0626,0.01840000000000001,0.0912,0.1026,0.06819999999999998
1.9359572840392811,0.0872,0.20839999999999992,0.21359999999999996,0.202,0.18719999999999995,0.14279999999999998,0.15439999999999998,0.14999999999999997,0.1636,0.141,0.1382,0.121,0.08379999999999999,0.1222,0.09820000000000001,0.08940000000000001,0.12079999999999999,0.0876,0.062200000000000005,0.0158,0.07919999999999998,0.1014,0.07679999999999998
1.9344773790951637,0.0838,0.1963999999999999,0.20559999999999998,0.1918,0.17499999999999996,0.1174,0.1398,0.13019999999999995,0.1466,0.1362,0.1334,0.11280000000000001,0.06659999999999999,0.104,0.09079999999999999,0.06699999999999999,0.0886,0.08620000000000001,0.0506,0.027600000000000003,0.0504,0.09359999999999997,0.0778
1.9329997349919719,0.07659999999999999,0.1802,0.21080000000000002,0.1926,0.17459999999999998,0.09659999999999999,0.13760000000000003,0.1062,0.14079999999999998,0.1274,0.124,0.10540000000000002,0.056,0.0594,0.07759999999999999,0.0576,0.0674,0.0746,0.0516,0.0258,0.0222,0.08279999999999997,0.07379999999999998
1.931524346552852,0.0844,0.189,0.215,0.2034,0.1588,0.1056,0.1476,0.102,0.14959999999999998,0.15020000000000003,0.1302,0.09840000000000002,0.0732,0.062200000000000005,0.09140000000000001,0.06459999999999999,0.07440000000000002,0.0804,0.06219999999999999,0.0242,0.013600000000000006,0.08579999999999999,0.06620000000000001
1.9300512086167447,0.0718,0.17959999999999995,0.1918,0.1822,0.1356,0.0874,0.13219999999999998,0.0866,0.1396,0.1334,0.10679999999999999,0.07199999999999998,0.044,0.046,0.07079999999999999,0.0448,0.0466,0.05979999999999999,0.056999999999999995,0.019,-0.0004000000000000002,0.055200000000000006,0.061
1.9285503211658397,0.059,0.14999999999999997,0.16720000000000002,0.16219999999999998,0.1186,0.0686,0.12199999999999998,0.0596,0.1156,0.12279999999999998,0.07440000000000001,0.04439999999999998,0.0342,0.027199999999999995,0.048399999999999985,0.028799999999999992,0.022799999999999994,0.0362,0.0456,0.014999999999999998,-0.009399999999999995,0.04219999999999999,0.04779999999999999
1.9270817144810866,0.05419999999999999,0.1392,0.1514,0.145,0.1042,0.06420000000000001,0.1182,0.046200000000000005,0.10840000000000001,0.119,0.0562,0.02919999999999999,0.0386,0.0238,0.025599999999999987,0.0222,0.010999999999999994,0.019600000000000003,0.0396,0.021800000000000003,-0.006599999999999996,0.038200000000000005,0.020399999999999998
1.9256153428061185,0.03719999999999999,0.1212,0.16020000000000004,0.13560000000000003,0.08579999999999999,0.060399999999999995,0.09499999999999999,0.0268,0.0938,0.1014,0.054,0.013200000000000002,0.03599999999999999,0.008799999999999997,0.011,0.012400000000000001,0.009800000000000001,0.017799999999999993,0.03579999999999999,0.021199999999999997,0.0002000000000000046,0.0248,0.004199999999999997
1.9241512010427657,0.0224,0.1194,0.17280000000000004,0.1374,0.08579999999999999,0.061,0.09699999999999999,0.03040000000000001,0.0778,0.1012,0.0458,0.003600000000000003,0.033600000000000005,0.014399999999999998,0.018999999999999996,0.009200000000000003,0.011800000000000001,0.0166,0.03,0.008599999999999998,0.0024000000000000002,0.011800000000000001,0.0078000000000000074
1.922689284108353,0.031200000000000006,0.1222,0.1768,0.1406,0.087,0.0624,0.08139999999999997,0.048799999999999996,0.0726,0.09240000000000001,0.043,0.006600000000000002,0.0312,0.0282,0.021,0.007800000000000003,0.0017999999999999954,0.004800000000000003,0.0206,0.003800000000000004,0.001800000000000003,0.0202,0.005200000000000006
1.9212295869356388,0.0502,0.1378,0.18480000000000002,0.148,0.1006,0.08079999999999998,0.0694,0.06459999999999999,0.07080000000000002,0.0948,0.055600000000000004,0.0242,0.055,0.054,0.032600000000000004,0.02380000000000001,0.0088,0.019400000000000008,0.0294,0.015200000000000007,0.0208,0.0378,0.0028000000000000034
1.9197721044727594,0.0722,0.1522,0.2074,0.1482,0.09499999999999999,0.09799999999999999,0.0808,0.0768,0.07280000000000002,0.102,0.06399999999999999,0.0376,0.0688,0.063,0.0434,0.056799999999999996,0.0184,0.0374,0.039200000000000006,0.015400000000000004,0.043,0.048799999999999996,0.01840000000000001
1.9183168316831685,0.0594,0.14179999999999998,0.19459999999999997,0.13539999999999996,0.0844,0.114,0.0632,0.07039999999999998,0.0756,0.09659999999999998,0.0566,0.0432,0.05479999999999999,0.0584,0.026399999999999993,0.04779999999999999,0.010799999999999995,0.0404,0.029399999999999996,-0.0032000000000000045,0.039999999999999994,0.04179999999999999,0.015399999999999992
1.9168341320142217,0.0494,0.12299999999999998,0.182,0.1108,0.0908,0.10840000000000001,0.0366,0.06720000000000002,0.0574,0.0858,0.0484,0.0428,0.0312,0.04419999999999999,0.004799999999999999,0.0366,-0.005,0.029,0.0286,-0.0007999999999999971,0.0376,0.029600000000000005,0.008000000000000002
1.9153833083612661,0.0628,0.12840000000000001,0.2044,0.129,0.121,0.12480000000000001,0.06600000000000002,0.09820000000000002,0.054400000000000004,0.11099999999999999,0.07520000000000002,0.0704,0.06340000000000001,0.0576,0.036000000000000004,0.0546,0.016800000000000006,0.05600000000000001,0.0424,0.018600000000000012,0.06,0.058000000000000024,0.016200000000000003
1.9139346792615917,0.0814,0.16940000000000002,0.2424,0.163,0.1474,0.167,0.09860000000000002,0.13140000000000002,0.0746,0.13340000000000002,0.10779999999999999,0.107,0.0732,0.07379999999999999,0.0792,0.0678,0.0446,0.08120000000000001,0.047,0.05820000000000001,0.07579999999999999,0.0858,0.052
1.9124882397396548,0.0886,0.18580000000000002,0.26259999999999994,0.16979999999999998,0.15319999999999998,0.1766,0.104,0.1456,0.0716,0.13319999999999999,0.1316,0.1192,0.0848,0.0684,0.1102,0.064,0.055200000000000006,0.086,0.0546,0.07080000000000002,0.0772,0.0902,0.0728
1.9110439848349412,0.1026,0.195,0.24359999999999998,0.17439999999999997,0.1508,0.1634,0.124,0.13939999999999997,0.07940000000000001,0.1324,0.13,0.12919999999999998,0.086,0.0658,0.10879999999999998,0.0654,0.0434,0.07679999999999998,0.061,0.07479999999999999,0.052799999999999986,0.09480000000000001,0.0756
1.9096019096019095,0.0986,0.19540000000000002,0.22859999999999997,0.18859999999999996,0.1456,0.1548,0.1304,0.1358,0.0828,0.12539999999999998,0.12479999999999998,0.1274,0.07559999999999999,0.055799999999999995,0.09559999999999998,0.0594,0.03239999999999999,0.075,0.0702,0.07899999999999999,0.0394,0.0964,0.0634
1.9081620091099347,0.07859999999999999,0.19359999999999997,0.223,0.1968,0.1388,0.15179999999999996,0.14859999999999995,0.1238,0.0844,0.10939999999999998,0.11999999999999998,0.1222,0.06559999999999999,0.04880000000000002,0.09259999999999997,0.0598,0.0342,0.078,0.0778,0.07399999999999998,0.03559999999999999,0.09380000000000001,0.062
1.9067242784432519,0.0578,0.187,0.215,0.1834,0.1402,0.1462,0.1584,0.1286,0.0908,0.10299999999999998,0.10879999999999998,0.1092,0.041399999999999985,0.027600000000000003,0.08539999999999996,0.048,0.037200000000000004,0.0606,0.05399999999999999,0.048600000000000004,0.027,0.0834,0.0496
1.9052887127009002,0.05220000000000001,0.1884,0.2054,0.18919999999999998,0.15780000000000002,0.15799999999999997,0.1648,0.12639999999999998,0.09699999999999999,0.1022,0.1202,0.1076,0.034199999999999994,0.014399999999999994,0.09559999999999996,0.042,0.0526,0.0506,0.0464,0.0482,0.0422,0.0902,0.05260000000000001
1.9038553069966684,0.07140000000000002,0.2114,0.2196,0.214,0.1768,0.1714,0.17439999999999997,0.1482,0.102,0.1076,0.14039999999999997,0.11259999999999999,0.056799999999999996,0.049600000000000026,0.11759999999999998,0.07780000000000001,0.073,0.0546,0.061,0.061399999999999996,0.0718,0.11059999999999999,0.0686
1.9024240564590367,0.07340000000000002,0.23540000000000003,0.209,0.24220000000000005,0.1742,0.17479999999999998,0.18919999999999998,0.14579999999999999,0.11120000000000001,0.0986,0.14839999999999998,0.1114,0.079,0.05360000000000001,0.12619999999999995,0.09240000000000001,0.0772,0.0616,0.056799999999999996,0.0566,0.0676,0.1102,0.07320000000000002
1.9009949562311244,0.08240000000000001,0.2338,0.2016,0.22119999999999998,0.1672,0.15319999999999998,0.1742,0.11880000000000002,0.11480000000000001,0.063,0.14179999999999998,0.09559999999999999,0.065,0.036,0.10380000000000002,0.0852,0.08720000000000001,0.037,0.0546,0.0436,0.0594,0.08059999999999999,0.0576
1.8995680014706333,0.0706,0.21040000000000003,0.1946,0.2028,0.1618,0.1254,0.1574,0.09540000000000001,0.1212,0.0338,0.1202,0.082,0.0484,0.0202,0.0704,0.0782,0.0892,0.0296,0.0564,0.004599999999999997,0.0448,0.0628,0.0426
1.8981431873497943,0.0628,0.199,0.1958,0.21159999999999995,0.17359999999999998,0.12699999999999997,0.17060000000000003,0.08159999999999998,0.12079999999999998,0.033,0.0984,0.08059999999999999,0.027399999999999994,0.0188,0.0578,0.07540000000000001,0.0846,0.024999999999999994,0.0562,-0.025800000000000007,0.0376,0.0576,0.037399999999999996
1.8967205090553108,0.0688,0.2076,0.215,0.22180000000000002,0.1874,0.1584,0.177,0.09440000000000001,0.13219999999999998,0.0434,0.11259999999999999,0.1014,0.0454,0.023600000000000003,0.068,0.083,0.10080000000000001,0.0484,0.0594,-0.016199999999999996,0.0756,0.061799999999999994,0.0432
1.8952999617883073,0.07880000000000001,0.2088,0.23900000000000007,0.22219999999999998,0.203,0.1586,0.17679999999999998,0.09259999999999997,0.1492,0.052399999999999995,0.12179999999999999,0.1052,0.06,0.025999999999999995,0.0868,0.09199999999999998,0.1114,0.064,0.063,0.003600000000000006,0.0916,0.07640000000000001,0.048
1.8938526155021,0.0922,0.21480000000000002,0.25320000000000004,0.21819999999999998,0.2042,0.175,0.1676,0.10099999999999999,0.15159999999999998,0.0716,0.1256,0.11399999999999999,0.0792,0.027399999999999997,0.0992,0.08979999999999999,0.13060000000000002,0.0724,0.0598,0.016800000000000002,0.09079999999999999,0.0778,0.0554
1.8924363591966302,0.0998,0.2228,0.2716,0.231,0.219,0.186,0.163,0.10839999999999998,0.1354,0.0706,0.127,0.10940000000000001,0.0938,0.0224,0.0986,0.08599999999999998,0.12179999999999999,0.07379999999999999,0.056,0.03359999999999999,0.0798,0.0726,0.0588
1.8910222195110793,0.1076,0.2396,0.2936,0.2344,0.2352,0.18619999999999998,0.16079999999999997,0.1232,0.1456,0.0768,0.12100000000000001,0.1264,0.11,0.0448,0.0846,0.0988,0.1192,0.0706,0.0662,0.0442,0.06960000000000001,0.0596,0.06420000000000001
1.8896101917040016,0.08939999999999998,0.23719999999999997,0.2862,0.225,0.226,0.17259999999999998,0.16059999999999997,0.10479999999999999,0.13819999999999996,0.07659999999999999,0.10199999999999998,0.1286,0.099,0.02159999999999999,0.0708,0.08120000000000001,0.10659999999999999,0.045599999999999995,0.040199999999999986,0.04379999999999999,0.03879999999999998,0.037399999999999996,0.05219999999999999
1.8882002710481034,0.0746,0.2344,0.30939999999999995,0.21819999999999998,0.2176,0.1702,0.15159999999999998,0.0994,0.139,0.0678,0.09340000000000001,0.13419999999999999,0.08279999999999998,0.009199999999999998,0.0674,0.0686,0.09659999999999999,0.035199999999999995,0.0402,0.037,0.026799999999999984,0.038799999999999994,0.03279999999999999
1.8867924528301885,0.06860000000000001,0.26580000000000004,0.31919999999999993,0.24580000000000002,0.2286,0.1956,0.16940000000000002,0.117,0.1522,0.0992,0.0846,0.14780000000000001,0.09399999999999999,0.0334,0.09720000000000001,0.0736,0.09800000000000002,0.0572,0.0496,0.0456,0.038799999999999994,0.0748,0.045399999999999996
1.8853867323511075,0.08159999999999999,0.2976,0.3226,0.2518,0.23,0.2142,0.18080000000000002,0.1388,0.1402,0.1172,0.1026,0.152,0.10080000000000001,0.0424,0.1198,0.08059999999999999,0.0986,0.0578,0.054200000000000005,0.060399999999999995,0.0418,0.08259999999999999,0.051
1.8840117294923806,0.1032,0.3252,0.3328,0.2642,0.22779999999999995,0.2256,0.17959999999999995,0.1556,0.157,0.12199999999999998,0.13460000000000003,0.15519999999999998,0.1134,0.05360000000000001,0.13019999999999998,0.095,0.0916,0.0642,0.0546,0.0842,0.0464,0.0888,0.0606
1.8826101478759907,0.1024,0.3178,0.32559999999999995,0.2452,0.21559999999999996,0.21359999999999996,0.1614,0.14379999999999998,0.14479999999999998,0.09899999999999999,0.1232,0.13040000000000002,0.08499999999999999,0.0476,0.12320000000000002,0.08020000000000001,0.0684,0.0616,0.047799999999999995,0.07,0.013799999999999995,0.0652,0.047
1.8812106500796482,0.1058,0.32280000000000003,0.3038,0.2382,0.2024,0.21580000000000002,0.16040000000000001,0.148,0.13099999999999998,0.0912,0.11839999999999998,0.1312,0.064,0.04079999999999999,0.10480000000000002,0.07199999999999998,0.0544,0.047799999999999995,0.033999999999999996,0.039799999999999995,0.012200000000000004,0.0376,0.0518
1.8798132314595841,0.1212,0.3358,0.31,0.24680000000000002,0.22180000000000002,0.21819999999999995,0.17,0.16920000000000002,0.132,0.0912,0.1242,0.133,0.0572,0.0396,0.10360000000000003,0.07940000000000001,0.056799999999999996,0.0464,0.052399999999999995,0.03640000000000001,0.017400000000000006,0.05,0.0546
1.878417887385818,0.1172,0.34019999999999995,0.31520000000000004,0.2444,0.21579999999999996,0.21580000000000002,0.18480000000000002,0.16340000000000002,0.139,0.09780000000000001,0.1304,0.13520000000000001,0.05800000000000001,0.048799999999999996,0.10579999999999999,0.097,0.0636,0.0414,0.076,0.018199999999999997,0.033,0.05819999999999999,0.0724
1.8770246132421058,0.1036,0.318,0.30119999999999997,0.2318,0.1938,0.1916,0.18280000000000002,0.13359999999999997,0.11399999999999999,0.09040000000000001,0.124,0.1062,0.0394,0.030799999999999994,0.0874,0.07859999999999999,0.04679999999999998,0.028,0.06719999999999998,-0.005600000000000002,0.022999999999999996,0.05679999999999998,0.0592
1.8756334044258898,0.10840000000000001,0.3171999999999999,0.29779999999999995,0.2298,0.19080000000000003,0.18519999999999998,0.188,0.13299999999999998,0.1004,0.08619999999999997,0.1134,0.0832,0.040199999999999986,0.03339999999999999,0.0778,0.07019999999999998,0.0404,0.0446,0.08159999999999999,-0.0172,0.034199999999999994,0.058799999999999984,0.0486
1.8742442563482467,0.1256,0.31880000000000003,0.28379999999999994,0.22519999999999996,0.192,0.17579999999999998,0.1856,0.11399999999999999,0.0852,0.0854,0.086,0.04779999999999999,0.03559999999999999,0.031999999999999994,0.0694,0.049999999999999996,0.029799999999999993,0.038799999999999994,0.06339999999999998,-0.008199999999999995,0.040400000000000005,0.03879999999999998,0.047
1.8728571644338383,0.113,0.29220000000000007,0.26739999999999997,0.2054,0.17620000000000002,0.16079999999999997,0.16079999999999997,0.10080000000000001,0.0634,0.0668,0.07640000000000001,0.0218,0.015599999999999994,0.013399999999999999,0.03379999999999999,0.04,0.0092,0.0264,0.039799999999999995,-0.010399999999999989,0.016200000000000003,0.005599999999999995,0.031
1.8714721241208607,0.11040000000000001,0.2754,0.26859999999999995,0.1988,0.1638,0.15099999999999997,0.1444,0.0856,0.0562,0.0674,0.05979999999999999,0.007600000000000006,0.004199999999999997,-0.007400000000000003,0.019599999999999992,0.039,-0.009999999999999998,0.0246,0.030199999999999998,-0.005799999999999997,0.007400000000000003,0.002399999999999997,0.018600000000000005
1.8700891308609948,0.1092,0.26080000000000003,0.25759999999999994,0.172,0.15180000000000002,0.136,0.1266,0.07720000000000002,0.0352,0.060399999999999995,0.03640000000000001,-0.012200000000000003,-0.006399999999999998,-0.012999999999999998,0.0074,0.0318,-0.015400000000000002,0.011999999999999995,0.013999999999999992,-0.002599999999999996,0.0076000000000000035,-0.007000000000000002,0.0019999999999999966
1.8687081801193564,0.12840000000000001,0.2848,0.26359999999999995,0.1876,0.1696,0.13939999999999997,0.1296,0.09900000000000002,0.030600000000000002,0.0882,0.0416,-0.009199999999999995,0.028600000000000007,-0.0013999999999999972,0.0122,0.03439999999999999,0.007400000000000002,0.0031999999999999993,0.010999999999999998,0.013800000000000002,0.02,-0.0078000000000000074,0.012599999999999998
1.8673292673744448,0.12179999999999998,0.2944,0.26239999999999997,0.188,0.17760000000000004,0.13140000000000002,0.1238,0.0858,0.03380000000000001,0.1016,0.0368,-0.015,0.0378,0.0088,0.010399999999999998,0.038799999999999994,0.0222,0.0015999999999999996,0.024000000000000004,0.032,0.023399999999999997,-0.0032000000000000006,0.02500000000000001
1.8659523881180968,0.10479999999999998,0.2844,0.244,0.1792,0.15619999999999998,0.12140000000000001,0.10700000000000001,0.047,0.023600000000000003,0.078,0.013999999999999995,-0.005799999999999993,0.017999999999999995,0.007400000000000002,0.004400000000000005,0.021199999999999997,0.0036000000000000016,-0.006799999999999999,0.005,0.026999999999999996,0.008199999999999995,-0.0218,0.014200000000000004
1.8645775378554352,0.11499999999999999,0.27759999999999996,0.2246,0.17739999999999997,0.14959999999999998,0.113,0.08940000000000001,0.0376,0.0152,0.07559999999999999,-0.0009999999999999983,-0.009399999999999999,-0.0044000000000000055,-0.008200000000000004,-0.009800000000000003,-0.009000000000000003,0.0014000000000000022,0.0036000000000000025,-0.009600000000000001,0.0386,0.0003999999999999994,-0.029799999999999993,0.0068
1.8632327087496807,0.1232,0.28079999999999994,0.21080000000000002,0.197,0.15919999999999998,0.12140000000000001,0.083,0.0536,0.022000000000000002,0.0674,-0.002399999999999998,0.0020000000000000018,0.006200000000000005,-0.006999999999999997,-0.001400000000000003,-0.008999999999999996,0.021600000000000008,0.0198,-0.009199999999999998,0.047,0.0052,-0.03359999999999999,0.0222
1.8618618618618619,0.137,0.2914,0.22719999999999999,0.2068,0.16539999999999996,0.12999999999999998,0.074,0.060200000000000004,0.037,0.07379999999999998,0.014199999999999999,0.0176,0.0124,0.009400000000000007,0.013399999999999999,-0.0092,0.0332,0.0184,-0.0017999999999999963,0.061399999999999996,0.0126,-0.029199999999999997,0.04419999999999999
1.860493030653123,0.1314,0.29699999999999993,0.2324,0.21180000000000002,0.1684,0.15,0.0798,0.07199999999999998,0.0378,0.0842,0.03540000000000001,0.040799999999999996,0.014400000000000001,0.0202,0.016399999999999994,0.0033999999999999985,0.037200000000000004,0.0254,-0.0012000000000000038,0.05719999999999999,0.0192,-0.011199999999999998,0.056199999999999986
1.8591262106809798,0.14099999999999996,0.30319999999999997,0.2382,0.20840000000000003,0.18359999999999999,0.16739999999999997,0.08979999999999999,0.076,0.0502,0.0892,0.04560000000000001,0.0438,0.0258,0.0224,0.0178,0.015200000000000005,0.04700000000000001,0.03,0.0010000000000000018,0.0574,0.02159999999999999,-0.006799999999999999,0.061
1.8577613975159932,0.1406,0.2922,0.2462,0.20540000000000003,0.1916,0.17579999999999998,0.0882,0.0768,0.055600000000000004,0.0752,0.038200000000000005,0.0402,0.02359999999999999,0.0318,0.005999999999999997,0.007999999999999998,0.051,0.024,-0.0082,0.037,0.0232,-0.017799999999999996,0.0574
1.856398586741721,0.14819999999999997,0.308,0.2652,0.2332,0.21719999999999998,0.198,0.0998,0.0902,0.0762,0.09000000000000001,0.038,0.06920000000000001,0.0304,0.039,0.014600000000000004,0.0102,0.07440000000000001,0.045200000000000004,0.014999999999999996,0.0332,0.027800000000000002,-0.005999999999999995,0.0634
1.855037773954671,0.1452,0.31599999999999995,0.27179999999999993,0.2516,0.22359999999999997,0.191,0.115,0.098,0.092,0.0846,0.035,0.09880000000000001,0.019399999999999997,0.045000000000000005,0.029,0.023400000000000008,0.0716,0.0516,0.018800000000000004,0.0396,0.043,0.0106,0.062200000000000005
1.8536789547642538,0.1702,0.31179999999999997,0.29200000000000004,0.258,0.22640000000000002,0.2104,0.1296,0.114,0.093,0.0792,0.03439999999999999,0.1152,0.03440000000000001,0.0484,0.0362,0.03640000000000001,0.0634,0.06160000000000001,0.015400000000000002,0.038,0.048799999999999996,0.0198,0.0574
1.8523497953452244,0.17779999999999999,0.3026,0.29560000000000003,0.2596,0.23459999999999998,0.201,0.1296,0.1286,0.09,0.0932,0.05600000000000001,0.10740000000000001,0.069,0.0502,0.030600000000000002,0.048600000000000004,0.06179999999999999,0.062200000000000005,0.0208,0.040600000000000004,0.0424,0.028200000000000006,0.0492
1.8509949097639982,0.17079999999999998,0.2971999999999999,0.30240000000000006,0.253,0.22279999999999994,0.1956,0.13019999999999998,0.1274,0.094,0.08799999999999998,0.0512,0.10059999999999998,0.09140000000000001,0.04379999999999999,0.0246,0.06659999999999999,0.05079999999999999,0.04179999999999999,0.0246,0.0396,0.024799999999999992,0.0224,0.02959999999999999
1.8496420047732698,0.18080000000000002,0.29999999999999993,0.323,0.24140000000000003,0.2114,0.1916,0.1194,0.1346,0.1018,0.09040000000000001,0.042,0.08979999999999999,0.07759999999999999,0.0422,0.019799999999999995,0.07,0.046200000000000005,0.025399999999999992,0.0246,0.03339999999999999,0.012199999999999996,0.01279999999999999,0.008000000000000002
1.8482910760333289,0.1804,0.304,0.32999999999999996,0.24740000000000004,0.2082,0.2088,0.1188,0.1388,0.1026,0.08679999999999999,0.0404,0.098,0.0872,0.039200000000000006,0.02240000000000001,0.077,0.047799999999999995,0.0252,0.016999999999999998,0.039799999999999995,0.0108,0.005399999999999999,0.003600000000000003
1.846942119217135,0.187,0.314,0.34219999999999995,0.24920000000000003,0.219,0.203,0.11320000000000001,0.1448,0.1206,0.09179999999999999,0.0448,0.11259999999999999,0.10879999999999998,0.053399999999999996,0.026,0.08599999999999998,0.0632,0.027400000000000008,0.0458,0.0508,0.0152,0.009000000000000001,0.014800000000000006
1.8455951300102698,0.1938,0.3148,0.3439999999999999,0.2576000000000001,0.2032,0.176,0.1162,0.1272,0.1164,0.0756,0.0402,0.12,0.10159999999999998,0.0518,0.021999999999999992,0.065,0.052,0.012799999999999997,0.046200000000000005,0.0362,0.029600000000000005,0.000200000000000001,0.014
1.8442775340224584,0.20339999999999991,0.3152,0.34559999999999996,0.2700000000000001,0.2032,0.16240000000000002,0.11280000000000001,0.12340000000000001,0.1128,0.077,0.05,0.11539999999999997,0.1152,0.053,0.030399999999999996,0.07119999999999999,0.0582,0.0162,0.054,0.0446,0.033,-0.0088,0.0214
1.84293442720409,0.20379999999999995,0.3054,0.33659999999999995,0.2606,0.18719999999999998,0.1492,0.11660000000000002,0.1102,0.10679999999999998,0.06819999999999998,0.05660000000000001,0.0974,0.11040000000000001,0.0436,0.03320000000000001,0.0746,0.0404,0.013400000000000002,0.0348,0.0314,0.012,-0.026600000000000002,0.0258
1.8415932752142337,0.19219999999999998,0.2798,0.32880000000000004,0.2452,0.18180000000000002,0.1464,0.10959999999999999,0.0746,0.0922,0.0582,0.0514,0.058600000000000006,0.09880000000000001,0.029199999999999997,0.0216,0.0582,0.0304,0.0035999999999999995,0.009999999999999995,0.018,-0.016800000000000006,-0.041,0.008599999999999997
1.840254073788252,0.1728,0.2738,0.32439999999999997,0.24659999999999999,0.18259999999999998,0.12580000000000002,0.08940000000000001,0.055199999999999985,0.09540000000000001,0.0458,0.05319999999999999,0.0492,0.09380000000000001,0.027600000000000003,0.0192,0.029999999999999992,0.030999999999999996,-0.004599999999999994,0.000400000000000002,0.0102,-0.027799999999999995,-0.0508,-0.007800000000000001
1.8389168186739038,0.1764,0.29159999999999997,0.3282,0.254,0.17039999999999997,0.12460000000000002,0.1004,0.0636,0.1062,0.035199999999999995,0.045,0.0422,0.06679999999999998,0.021999999999999995,0.0252,0.028000000000000008,0.037,-0.004799999999999995,-0.013800000000000002,-0.005400000000000004,-0.0242,-0.06119999999999999,-0.0035999999999999986
1.8376087375331585,0.17919999999999997,0.3102,0.33840000000000003,0.2768,0.1948,0.13700000000000004,0.1264,0.10860000000000002,0.11420000000000002,0.0496,0.0682,0.0728,0.065,0.047200000000000006,0.050600000000000006,0.03440000000000001,0.06860000000000001,0.022800000000000004,-0.013399999999999999,-0.0017999999999999963,-0.0001999999999999966,-0.04719999999999999,0.025600000000000005
1.8362753228290487,0.17579999999999998,0.3246,0.353,0.29879999999999995,0.214,0.16400000000000006,0.1622,0.1194,0.11900000000000001,0.06780000000000001,0.09380000000000001,0.1034,0.07959999999999999,0.06,0.0722,0.03559999999999999,0.072,0.04160000000000001,-0.0023999999999999937,0.021200000000000007,0.0184,-0.022599999999999988,0.0304
1.8349438418396793,0.19019999999999995,0.3208,0.3614,0.30799999999999994,0.2256,0.15220000000000003,0.17,0.1144,0.1276,0.08120000000000001,0.102,0.1034,0.0772,0.054799999999999995,0.0704,0.0424,0.0712,0.05220000000000001,0.016000000000000004,0.0222,0.022999999999999996,0.005800000000000006,0.0338
1.8336142903616952,0.2074,0.31999999999999995,0.35940000000000005,0.3066,0.2214,0.1666,0.1768,0.12279999999999999,0.12639999999999998,0.088,0.1128,0.09399999999999999,0.0678,0.0508,0.07399999999999998,0.0442,0.07740000000000001,0.06,0.013800000000000007,0.026199999999999998,0.0308,0.002600000000000005,0.033600000000000005
1.8322866642039157,0.2062,0.3192,0.362,0.3136,0.2292,0.19019999999999998,0.168,0.1454,0.1172,0.1066,0.11739999999999998,0.088,0.077,0.0666,0.0842,0.0526,0.0828,0.061799999999999994,0.0021999999999999923,0.04060000000000001,0.0188,0.011800000000000005,0.0314
1.8309879952158055,0.198,0.3422,0.36360000000000003,0.31299999999999994,0.22240000000000001,0.2058,0.174,0.155,0.1102,0.1044,0.1226,0.09099999999999998,0.0818,0.0756,0.0864,0.0496,0.07999999999999999,0.055,-0.013000000000000005,0.038799999999999994,0.033400000000000006,0.01799999999999999,0.04060000000000001
1.8296641680930177,0.2,0.3524,0.3782,0.3232,0.2332,0.2134,0.184,0.171,0.1192,0.1066,0.1242,0.1012,0.0832,0.07659999999999999,0.08059999999999999,0.0518,0.0882,0.05759999999999999,-0.0064,0.051,0.0508,0.030600000000000002,0.035
1.8283422538741687,0.2164,0.382,0.3892,0.32919999999999994,0.24359999999999996,0.231,0.201,0.19419999999999998,0.1382,0.12140000000000001,0.1484,0.11659999999999998,0.08599999999999998,0.09000000000000001,0.0756,0.0698,0.106,0.07640000000000001,0.0232,0.0594,0.0686,0.045200000000000004,0.0526
1.8270222484160894,0.218,0.415,0.3948,0.32739999999999997,0.256,0.2506,0.2278,0.2134,0.1422,0.139,0.1494,0.11979999999999999,0.08879999999999998,0.10400000000000001,0.06719999999999998,0.0886,0.11359999999999998,0.07699999999999999,0.0378,0.068,0.08059999999999999,0.060200000000000004,0.0636
1.8257310285933037,0.2176,0.4204,0.3926,0.31599999999999995,0.2668,0.255,0.2164,0.2058,0.1314,0.13739999999999997,0.14920000000000003,0.11039999999999997,0.09240000000000001,0.1022,0.061399999999999996,0.081,0.10859999999999997,0.07959999999999999,0.039999999999999994,0.0788,0.091,0.0654,0.062200000000000005
1.8244147895302134,0.22019999999999998,0.4208,0.37739999999999996,0.3102,0.2522,0.2442,0.1936,0.161,0.1268,0.12499999999999999,0.1372,0.0714,0.0888,0.09820000000000001,0.0512,0.0642,0.0834,0.059799999999999985,0.040799999999999996,0.0698,0.09,0.053200000000000004,0.0396
1.823100446953658,0.22519999999999998,0.4348,0.3792,0.3036,0.2474,0.2462,0.19079999999999994,0.1504,0.14039999999999997,0.1294,0.1388,0.056600000000000004,0.0986,0.1078,0.0578,0.07859999999999999,0.0866,0.06919999999999998,0.04320000000000001,0.059,0.1044,0.062200000000000005,0.05320000000000001
1.8218147625763987,0.21759999999999996,0.4462,0.38039999999999996,0.2968,0.2502,0.25899999999999995,0.20859999999999995,0.1738,0.1502,0.13679999999999998,0.1362,0.0594,0.104,0.13340000000000002,0.062200000000000005,0.0824,0.0874,0.0716,0.0344,0.05919999999999999,0.1036,0.0526,0.071
1.8205041622010483,0.2134,0.4612,0.3892,0.3106,0.2582,0.2534,0.2029999999999999,0.1738,0.1462,0.1254,0.1256,0.0538,0.10640000000000001,0.1306,0.0608,0.079,0.0736,0.0736,0.030800000000000004,0.046,0.09359999999999997,0.0502,0.0584
1.8191954461430122,0.2114,0.48660000000000003,0.3896,0.31279999999999997,0.2662,0.2372,0.21119999999999997,0.16340000000000002,0.1518,0.118,0.11059999999999999,0.053200000000000004,0.1024,0.11040000000000001,0.0554,0.0724,0.05439999999999998,0.07859999999999999,0.0446,0.0318,0.09179999999999998,0.054799999999999995,0.057
1.8178886103414404,0.2176,0.48219999999999996,0.38680000000000003,0.32019999999999993,0.2812,0.2382,0.20579999999999996,0.15539999999999998,0.15659999999999996,0.117,0.09820000000000001,0.0584,0.0968,0.1024,0.056799999999999996,0.0742,0.04519999999999999,0.09140000000000001,0.0682,0.0448,0.0818,0.0598,0.055600000000000004
1.8166102638479906,0.215,0.4888,0.36719999999999997,0.31639999999999996,0.2878,0.238,0.185,0.13419999999999999,0.15599999999999997,0.1152,0.089,0.0476,0.10079999999999999,0.10080000000000001,0.0554,0.0684,0.039799999999999995,0.0938,0.07540000000000001,0.0506,0.08399999999999999,0.0572,0.0554
1.8153071382561339,0.223,0.494,0.36060000000000003,0.3182,0.27,0.22519999999999998,0.175,0.1484,0.14859999999999998,0.1052,0.0856,0.0522,0.1178,0.0902,0.06420000000000001,0.0666,0.03579999999999999,0.07959999999999998,0.08600000000000002,0.046799999999999994,0.0876,0.0404,0.05919999999999999
1.814005880890033,0.24080000000000001,0.4935999999999999,0.3732,0.3498,0.26539999999999997,0.22380000000000003,0.17200000000000004,0.1584,0.1468,0.10840000000000001,0.1114,0.0596,0.1264,0.09720000000000002,0.08620000000000001,0.0734,0.039,0.08599999999999998,0.09700000000000002,0.0518,0.08999999999999998,0.032999999999999995,0.08
1.8127329873547255,0.24559999999999998,0.5024,0.3822,0.36860000000000004,0.2632,0.2372,0.18780000000000002,0.16779999999999998,0.16360000000000002,0.1172,0.111,0.08159999999999999,0.1296,0.107,0.0856,0.086,0.0376,0.0844,0.1124,0.0502,0.09359999999999997,0.03219999999999999,0.1
1.8114354164840625,0.24180000000000001,0.4948,0.3624,0.3561999999999999,0.2504,0.2464,0.18059999999999998,0.17399999999999996,0.1552,0.11379999999999998,0.0986,0.0986,0.12119999999999997,0.105,0.0726,0.0854,0.030199999999999994,0.08099999999999999,0.1004,0.03459999999999999,0.0838,0.02039999999999999,0.09359999999999997
1.8101397019108654,0.24059999999999998,0.4708,0.3414,0.35279999999999995,0.2392,0.24,0.168,0.17679999999999998,0.128,0.0974,0.0814,0.1046,0.10919999999999998,0.07980000000000001,0.055399999999999984,0.06899999999999999,0.012,0.05919999999999998,0.09079999999999999,0.0298,0.07160000000000001,0.004200000000000005,0.0844
1.8088722265174833,0.2348,0.4618,0.325,0.33359999999999995,0.2276,0.22359999999999997,0.13979999999999998,0.1504,0.106,0.07759999999999999,0.07440000000000001,0.0912,0.08139999999999997,0.043,0.0598,0.055600000000000004,-0.0056000000000000025,0.0394,0.076,0.0172,0.060200000000000004,-0.00019999999999999578,0.0642
1.8075801749271136,0.2298,0.4442,0.32080000000000003,0.3116,0.216,0.2154,0.1402,0.1416,0.0876,0.0756,0.0762,0.0866,0.07199999999999998,0.039,0.062,0.0504,-0.0078,0.028600000000000004,0.06820000000000001,0.026000000000000016,0.0564,-0.0027999999999999995,0.0696
1.8062899678072513,0.2358,0.43639999999999995,0.3294000000000001,0.3252,0.21280000000000002,0.239,0.15940000000000001,0.15259999999999999,0.08440000000000002,0.0846,0.0984,0.09440000000000001,0.0878,0.0528,0.0704,0.06659999999999999,0.013000000000000008,0.03540000000000001,0.07700000000000003,0.03160000000000001,0.06680000000000001,0.003000000000000008,0.0916
1.8050278760353435,0.2298,0.441,0.33619999999999994,0.3162,0.22640000000000002,0.2316,0.16920000000000002,0.1596,0.0902,0.09340000000000001,0.11059999999999999,0.09999999999999999,0.0824,0.0508,0.0762,0.07379999999999999,0.030199999999999998,0.0258,0.05759999999999999,0.028200000000000006,0.0696,0.013400000000000006,0.08499999999999999
1.8037413085852267,0.24719999999999998,0.442,0.36260000000000003,0.31880000000000003,0.2334,0.2338,0.188,0.1794,0.07759999999999999,0.1012,0.126,0.11199999999999999,0.0896,0.07959999999999999,0.0988,0.08020000000000001,0.0446,0.013599999999999998,0.0606,0.033600000000000005,0.0686,0.021000000000000008,0.08499999999999999
1.8024565738789156,0.2328,0.4208,0.36839999999999995,0.331,0.24880000000000002,0.23540000000000003,0.2068,0.1574,0.0768,0.10779999999999999,0.12240000000000001,0.11120000000000001,0.0864,0.0986,0.10940000000000001,0.0684,0.038200000000000005,0.033800000000000004,0.04919999999999999,0.0366,0.0636,0.040799999999999996,0.0984
1.801199831500661,0.21,0.4064,0.3444,0.31179999999999997,0.2392,0.21280000000000002,0.1936,0.13479999999999998,0.06599999999999999,0.0882,0.09199999999999998,0.09359999999999999,0.0662,0.06559999999999999,0.097,0.04599999999999999,0.0282,0.0256,0.026,0.020399999999999998,0.03139999999999999,0.0298,0.0722
1.7999187133484296,0.21380000000000002,0.4078,0.32680000000000003,0.31939999999999996,0.2452,0.2054,0.18580000000000002,0.12359999999999999,0.0624,0.09559999999999999,0.09559999999999999,0.08259999999999999,0.07320000000000002,0.0582,0.1066,0.04879999999999999,0.039799999999999995,0.0332,0.0172,0.016399999999999994,0.008599999999999995,0.0258,0.0668
1.7986655062373078,0.24280000000000002,0.4372,0.3768,0.35100000000000003,0.27259999999999995,0.2226,0.216,0.1372,0.0844,0.1252,0.1154,0.0942,0.09420000000000002,0.07880000000000001,0.1338,0.060399999999999995,0.0636,0.046799999999999994,0.037399999999999996,0.046400000000000004,0.01680000000000001,0.055600000000000004,0.09759999999999999
1.797387989389613,0.2486,0.4562,0.38939999999999997,0.36119999999999997,0.28,0.2228,0.2316,0.1298,0.1042,0.1346,0.13019999999999998,0.0872,0.0984,0.1032,0.137,0.0634,0.0658,0.0454,0.040799999999999996,0.0428,0.009800000000000007,0.059,0.093
1.7961122859874272,0.262,0.4698,0.398,0.3772,0.284,0.2312,0.2534,0.13639999999999997,0.114,0.15,0.143,0.08220000000000001,0.1268,0.121,0.146,0.07840000000000001,0.076,0.05460000000000001,0.0536,0.0456,0.019,0.058,0.092
1.7948643719422168,0.2576,0.483,0.397,0.3856,0.29419999999999996,0.22519999999999998,0.25739999999999996,0.1356,0.12819999999999998,0.15419999999999998,0.142,0.0724,0.1274,0.11559999999999998,0.1396,0.07579999999999998,0.0792,0.05840000000000001,0.043,0.039,0.02660000000000001,0.0648,0.0922
1.7935922470528676,0.27259999999999995,0.4992,0.4118,0.398,0.286,0.2154,0.2552,0.1508,0.142,0.1636,0.15819999999999998,0.0892,0.1284,0.132,0.1518,0.083,0.084,0.0632,0.047,0.0648,0.04260000000000001,0.0638,0.0908
1.79234783111458,0.3136,0.5272,0.42400000000000004,0.4452,0.26880000000000004,0.209,0.287,0.1844,0.162,0.1974,0.193,0.11619999999999997,0.16140000000000002,0.17460000000000003,0.1752,0.1098,0.09580000000000001,0.0706,0.0634,0.0876,0.05800000000000002,0.08220000000000001,0.11760000000000002
1.7910792697018718,0.2862,0.5252,0.401,0.4428,0.26639999999999997,0.2036,0.2658,0.1824,0.169,0.19519999999999996,0.1894,0.11,0.14659999999999995,0.14959999999999998,0.1452,0.09240000000000001,0.0756,0.064,0.0574,0.07640000000000001,0.053200000000000004,0.07379999999999999,0.136
1.7898125027063698,0.2858,0.538,0.3982,0.4254,0.26839999999999997,0.206,0.2402,0.191,0.1742,0.19240000000000002,0.1804,0.101,0.13059999999999997,0.133,0.11899999999999998,0.0964,0.07199999999999998,0.040600000000000004,0.0522,0.0642,0.0412,0.0624,0.1092
1.788573324294307,0.2998,0.538,0.4104,0.4138,0.2762,0.2228,0.2486,0.1894,0.18580000000000002,0.197,0.17779999999999999,0.09440000000000001,0.13119999999999996,0.1384,0.1198,0.1046,0.07539999999999998,0.039,0.04259999999999999,0.0668,0.05579999999999999,0.054599999999999996,0.1026
1.7873100983020556,0.294,0.5374,0.43839999999999996,0.407,0.2878,0.22019999999999998,0.251,0.1824,0.1876,0.18680000000000002,0.17439999999999997,0.0948,0.11680000000000001,0.14160000000000003,0.1152,0.09820000000000001,0.07540000000000001,0.03400000000000001,0.038799999999999994,0.07579999999999999,0.0808,0.0456,0.08259999999999999
1.786074381355688,0.27359999999999995,0.5198,0.4144,0.39139999999999997,0.2664,0.1866,0.22519999999999998,0.16760000000000003,0.16779999999999998,0.14959999999999998,0.1536,0.0868,0.1038,0.123,0.1012,0.09759999999999999,0.055200000000000006,0.024399999999999995,0.019399999999999997,0.060799999999999986,0.07699999999999999,0.028199999999999996,0.049
1.7848146815401222,0.2552,0.5024,0.4088,0.38680000000000003,0.259,0.17220000000000002,0.19340000000000002,0.17400000000000002,0.1464,0.1382,0.1452,0.0688,0.09199999999999998,0.1026,0.09679999999999998,0.09359999999999997,0.047200000000000006,0.01799999999999999,0.0057999999999999935,0.051199999999999975,0.0762,0.0222,0.040799999999999996
1.7835824115760253,0.241,0.5026,0.4072,0.38339999999999996,0.26420000000000005,0.1666,0.1832,0.18240000000000003,0.15539999999999998,0.1264,0.13599999999999998,0.0632,0.07359999999999998,0.0938,0.08940000000000001,0.08479999999999999,0.04000000000000001,0.0007999999999999954,-0.003400000000000006,0.0486,0.07999999999999999,0.013199999999999996,0.0346
1.7823262231932386,0.2398,0.4943999999999999,0.4016,0.3976,0.2528,0.16340000000000005,0.1708,0.19540000000000005,0.15299999999999997,0.13419999999999999,0.124,0.0736,0.0616,0.09340000000000001,0.08220000000000001,0.0968,0.04020000000000001,-0.017200000000000003,0.0015999999999999983,0.039599999999999996,0.07640000000000001,0.002599999999999996,0.022199999999999994
1.7810973858086756,0.2216,0.48219999999999996,0.384,0.382,0.2776,0.1556,0.146,0.187,0.1494,0.1284,0.10740000000000001,0.0536,0.05000000000000001,0.07900000000000001,0.0536,0.0866,0.03340000000000001,-0.026999999999999996,0.003600000000000008,0.022599999999999985,0.05919999999999999,-0.005600000000000003,0.010800000000000008
1.7798446941968449,0.198,0.4595999999999999,0.35580000000000006,0.3266,0.2836,0.14880000000000002,0.1008,0.15439999999999998,0.13119999999999998,0.0866,0.0628,0.0328,0.0246,0.028,0.017599999999999998,0.058,-0.006000000000000005,-0.0308,-0.0092,-0.0208,0.0374,-0.030599999999999992,-0.022199999999999994
1.7786192750692085,0.2058,0.46,0.3356,0.3192,0.2632,0.12419999999999998,0.0912,0.135,0.1146,0.0732,0.045799999999999993,0.0208,0.023199999999999995,0.012199999999999992,0.02,0.06659999999999999,-0.015800000000000005,-0.0258,-0.0184,-0.035,0.028999999999999995,-0.03339999999999999,-0.037399999999999996
1.7773700656480236,0.2038,0.4566,0.3302,0.31959999999999994,0.2548,0.12279999999999998,0.0838,0.13820000000000002,0.1088,0.0724,0.0422,0.029200000000000007,0.039799999999999995,0.011400000000000002,0.029199999999999997,0.06599999999999999,-0.005399999999999997,-0.007399999999999994,-0.0222,-0.02039999999999999,0.0416,-0.026799999999999994,-0.0342
1.7761226097543508,0.2036,0.45,0.32259999999999994,0.3294,0.2546,0.1264,0.08220000000000001,0.14999999999999997,0.1044,0.0792,0.03719999999999999,0.0348,0.0436,0.019600000000000003,0.0214,0.07579999999999999,-0.001200000000000001,0.0036000000000000034,-0.007200000000000001,-0.008399999999999993,0.0456,0.0006000000000000054,-0.019199999999999995
1.7749023088043743,0.2012,0.4402,0.3066,0.3238000000000001,0.2512,0.13779999999999998,0.089,0.15319999999999998,0.1008,0.092,0.038799999999999994,0.036,0.0426,0.022600000000000002,0.019600000000000003,0.0834,-0.0044,-0.0009999999999999983,0.0028000000000000026,-0.015199999999999997,0.0344,0.011,-0.001399999999999995
1.7736583133081587,0.2034,0.4205999999999999,0.3146,0.3198,0.2624,0.168,0.10799999999999998,0.15539999999999998,0.097,0.11040000000000001,0.054200000000000005,0.039799999999999995,0.025799999999999993,0.02440000000000001,0.010799999999999995,0.0824,0.0037999999999999965,0.005600000000000002,0.031200000000000006,-0.005399999999999999,0.035199999999999995,0.010199999999999996,0.005799999999999995
1.7724413950829045,0.2054,0.42060000000000003,0.3106,0.30679999999999996,0.2672,0.176,0.1276,0.14639999999999997,0.10099999999999999,0.1042,0.0506,0.0502,0.0216,0.0292,0.0108,0.0696,0.008199999999999997,0.019800000000000005,0.030599999999999992,0.007200000000000001,0.027800000000000002,0.002799999999999994,0.008600000000000002
1.771200845605565,0.20980000000000001,0.4304,0.31039999999999995,0.3258,0.2632,0.18419999999999997,0.1402,0.14620000000000002,0.0752,0.10180000000000002,0.055799999999999995,0.0694,0.0268,0.0322,0.011400000000000004,0.0724,0.008399999999999994,0.0422,0.040600000000000004,0.022,0.0174,0.013400000000000002,0.015799999999999998
1.7699872960589234,0.21659999999999996,0.431,0.3046,0.31079999999999997,0.2712,0.1778,0.1456,0.13,0.076,0.0818,0.0598,0.0778,0.0378,0.027399999999999994,0.014199999999999999,0.0696,-0.002200000000000006,0.0534,0.038799999999999994,0.0288,0.009400000000000002,0.014799999999999997,0.0232
1.7687754083160974,0.21219999999999997,0.4332,0.3036,0.29660000000000003,0.2474,0.18280000000000002,0.1404,0.0988,0.06420000000000001,0.06659999999999999,0.05,0.06899999999999999,0.0248,0.008599999999999998,0.008599999999999995,0.053,-0.004399999999999999,0.0526,0.011599999999999997,0.0178,-0.0005999999999999984,0.005999999999999997,0.0216
1.7675399834649486,0.19140000000000004,0.43360000000000004,0.30720000000000003,0.2972,0.23979999999999996,0.18919999999999998,0.1424,0.09,0.0578,0.06,0.0572,0.04619999999999999,0.013799999999999996,0.008799999999999997,0.0005999999999999996,0.040600000000000004,0.0015999999999999947,0.0456,0.009599999999999994,0.017799999999999996,-0.0128,-0.009800000000000005,0.012199999999999992
1.7663314435486168,0.1804,0.426,0.32999999999999996,0.29919999999999997,0.24680000000000002,0.207,0.15280000000000002,0.0834,0.0632,0.0648,0.071,0.05199999999999999,0.011999999999999999,0.015399999999999999,-0.007200000000000001,0.03459999999999999,0.017799999999999996,0.045399999999999996,0.007799999999999996,0.023999999999999997,-0.0124,-0.0178,0.00039999999999999503
1.76509942918962,0.18819999999999998,0.4174,0.3328,0.2998,0.24680000000000005,0.2104,0.167,0.08120000000000001,0.0658,0.07479999999999999,0.068,0.04679999999999999,0.007400000000000004,0.006599999999999999,-0.006399999999999994,0.0358,0.0075999999999999965,0.027800000000000002,0.0182,0.016,-0.014799999999999997,-0.019600000000000003,-0.0006000000000000004
1.7638942232464188,0.1884,0.4338,0.3432,0.2862,0.2518,0.20759999999999998,0.176,0.0832,0.0824,0.0706,0.0726,0.056,0.018000000000000006,0.006599999999999999,0.011000000000000001,0.0404,0.015,0.019600000000000003,0.0264,0.011200000000000002,-0.008999999999999996,-0.0248,-0.0074
1.7626656052766247,0.1966,0.44839999999999997,0.3644,0.302,0.275,0.2226,0.18519999999999998,0.0974,0.091,0.061200000000000004,0.08800000000000001,0.0706,0.0314,0.013000000000000008,0.04060000000000001,0.0432,0.023800000000000005,0.0338,0.032400000000000005,0.0182,0.008800000000000007,-0.0073999999999999925,-0.002799999999999994
1.7614637195295186,0.1988,0.4676,0.3778,0.3148,0.292,0.2204,0.1896,0.1072,0.1166,0.0692,0.099,0.0706,0.0494,0.01840000000000001,0.061799999999999994,0.037200000000000004,0.020199999999999996,0.04440000000000001,0.017400000000000002,0.0172,0.020800000000000006,0.0048000000000000004,0.0112
1.7602384839236282,0.21919999999999998,0.4928,0.3892,0.3242,0.3082,0.2324,0.19419999999999998,0.12040000000000001,0.14379999999999998,0.0918,0.11620000000000001,0.0746,0.07940000000000001,0.02940000000000001,0.08159999999999999,0.0562,0.0338,0.046799999999999994,0.04020000000000001,0.042000000000000016,0.0396,0.027400000000000008,0.018600000000000002
1.759039904671386,0.2246,0.48219999999999996,0.3936,0.308,0.31079999999999997,0.2286,0.18619999999999998,0.1088,0.1596,0.0872,0.13360000000000002,0.0684,0.0846,0.031,0.082,0.06459999999999999,0.0474,0.0456,0.0448,0.029999999999999995,0.055200000000000006,0.04440000000000001,0.0254
1.757818037481217,0.24440000000000003,0.5034,0.4294,0.3153999999999999,0.3268,0.25639999999999996,0.19659999999999997,0.1156,0.1804,0.11499999999999999,0.15300000000000002,0.06819999999999998,0.1024,0.0684,0.10380000000000002,0.07759999999999999,0.07280000000000002,0.0562,0.06760000000000001,0.036,0.0818,0.07940000000000001,0.0448
1.7566227510978893,0.2432,0.5084,0.4338,0.3146,0.3342,0.26059999999999994,0.20119999999999996,0.1266,0.18719999999999995,0.12140000000000001,0.1508,0.0804,0.1184,0.0838,0.11799999999999998,0.0846,0.0752,0.0608,0.0842,0.037399999999999996,0.07840000000000001,0.1024,0.040999999999999995
1.7554290891588098,0.24959999999999996,0.511,0.4408,0.309,0.3365999999999999,0.27359999999999995,0.2036,0.13099999999999998,0.17999999999999997,0.1324,0.153,0.10299999999999998,0.11959999999999998,0.1016,0.12919999999999998,0.078,0.082,0.06720000000000001,0.09720000000000001,0.051,0.08999999999999998,0.1276,0.0566
1.754212231386252,0.2704,0.531,0.458,0.3051999999999999,0.3512,0.2902,0.22519999999999998,0.161,0.18579999999999997,0.14859999999999998,0.1612,0.11759999999999998,0.1324,0.12399999999999999,0.1442,0.091,0.09040000000000002,0.0846,0.1252,0.0752,0.10159999999999998,0.15539999999999998,0.0818
1.7530218420866615,0.2666,0.5506,0.4652,0.29460000000000003,0.3429999999999999,0.28179999999999994,0.22240000000000001,0.1548,0.1784,0.14339999999999997,0.1616,0.12399999999999999,0.12339999999999998,0.12679999999999997,0.1406,0.084,0.09,0.0888,0.1158,0.07,0.10499999999999998,0.14479999999999998,0.0782
1.7518083182640143,0.2706,0.545,0.466,0.29800000000000004,0.3479999999999999,0.294,0.21380000000000002,0.16319999999999998,0.16979999999999998,0.1456,0.16900000000000004,0.1222,0.10179999999999999,0.12079999999999999,0.13659999999999997,0.07940000000000001,0.07720000000000002,0.0902,0.10299999999999998,0.0658,0.10540000000000001,0.14839999999999998,0.08579999999999999
1.7506211881635418,0.2682,0.5326000000000001,0.45380000000000004,0.28880000000000006,0.33779999999999993,0.28659999999999997,0.19720000000000004,0.1594,0.1668,0.15299999999999997,0.1556,0.1032,0.0884,0.0964,0.10239999999999998,0.071,0.06499999999999999,0.0882,0.0974,0.061799999999999994,0.10880000000000001,0.14999999999999997,0.0752
1.7494356659142214,0.2764,0.5322,0.44880000000000003,0.2866,0.3228,0.28719999999999996,0.1916,0.144,0.1456,0.13219999999999998,0.137,0.1036,0.0842,0.0798,0.08479999999999999,0.084,0.0594,0.0868,0.09799999999999999,0.06800000000000002,0.1026,0.14859999999999998,0.0584
1.7482271003397765,0.2772,0.5232,0.452,0.2978,0.3182,0.2774,0.1956,0.1272,0.1242,0.11679999999999999,0.122,0.108,0.06699999999999999,0.0676,0.07620000000000002,0.0886,0.03979999999999999,0.0838,0.08159999999999999,0.0592,0.1052,0.14379999999999998,0.0536
1.7470448173351931,0.27479999999999993,0.5328,0.4372,0.31139999999999995,0.3263999999999999,0.26759999999999995,0.1958,0.1316,0.1146,0.12879999999999997,0.10540000000000001,0.10199999999999998,0.0606,0.0624,0.07440000000000001,0.07940000000000001,0.031,0.07840000000000001,0.07479999999999999,0.07199999999999998,0.1026,0.136,0.051000000000000004
1.7458641323477648,0.23079999999999995,0.5154,0.4086,0.2932,0.29879999999999995,0.245,0.17899999999999996,0.12399999999999999,0.08499999999999999,0.10279999999999999,0.07999999999999999,0.0842,0.037399999999999996,0.017199999999999993,0.04279999999999999,0.0594,0.0011999999999999951,0.066,0.0494,0.073,0.0732,0.1072,0.032600000000000004
1.7446604946956692,0.22679999999999995,0.49539999999999995,0.404,0.2906,0.28820000000000007,0.2296,0.17679999999999998,0.131,0.07779999999999998,0.09999999999999999,0.07299999999999998,0.0814,0.03360000000000001,0.0017999999999999971,0.0458,0.0664,0.003400000000000002,0.061,0.029399999999999992,0.0578,0.07959999999999999,0.1012,0.034
1.7434830291611596,0.23659999999999998,0.489,0.3952,0.3128,0.2856,0.22219999999999998,0.183,0.14379999999999998,0.09599999999999999,0.10119999999999997,0.07499999999999998,0.07939999999999997,0.05420000000000001,-0.007599999999999998,0.0502,0.07640000000000001,0.020000000000000007,0.067,0.026399999999999993,0.05479999999999998,0.07780000000000001,0.10980000000000001,0.0362
1.7422826713127537,0.24659999999999999,0.479,0.386,0.3336,0.2824,0.2142,0.18080000000000002,0.134,0.1154,0.09820000000000001,0.088,0.07759999999999999,0.06880000000000001,-0.011599999999999994,0.053200000000000004,0.0866,0.023000000000000003,0.0738,0.023800000000000005,0.040600000000000004,0.0772,0.10379999999999999,0.03400000000000001
1.7411084120810456,0.26439999999999997,0.4774,0.3855999999999999,0.36219999999999997,0.30319999999999997,0.2292,0.1874,0.1364,0.1392,0.0916,0.1,0.0844,0.093,0.012600000000000009,0.076,0.10640000000000002,0.044000000000000004,0.089,0.042600000000000006,0.0554,0.09100000000000001,0.12239999999999998,0.0496
1.739935734631737,0.26119999999999993,0.4662,0.3852,0.3598,0.28479999999999994,0.21619999999999998,0.17700000000000002,0.1274,0.117,0.0694,0.09259999999999999,0.06319999999999999,0.0906,0.009599999999999996,0.0642,0.0854,0.0384,0.082,0.0326,0.05119999999999999,0.0852,0.11099999999999999,0.023999999999999994
1.7387402546413149,0.27699999999999997,0.4745999999999999,0.4024,0.35179999999999995,0.2754,0.2018,0.18919999999999998,0.1258,0.11040000000000001,0.06720000000000001,0.10579999999999998,0.073,0.0974,0.0328,0.06659999999999999,0.09659999999999999,0.047200000000000006,0.08120000000000001,0.03219999999999999,0.0626,0.0686,0.1022,0.0272
1.7375707639706295,0.26859999999999995,0.4668,0.3944,0.33659999999999995,0.26539999999999997,0.1832,0.17679999999999998,0.128,0.10059999999999998,0.0664,0.10859999999999999,0.06219999999999999,0.09340000000000001,0.037,0.05439999999999998,0.0798,0.0598,0.0678,0.016799999999999995,0.048199999999999986,0.0628,0.10280000000000002,0.031999999999999994
1.7364028454601468,0.2752,0.4696,0.37860000000000005,0.3222,0.2501999999999999,0.1792,0.14859999999999995,0.13939999999999997,0.0906,0.0554,0.1042,0.045399999999999996,0.0906,0.037399999999999996,0.0446,0.0654,0.0704,0.0676,0.010199999999999999,0.02759999999999999,0.0528,0.09179999999999999,0.0288
1.7352122136550006,0.281,0.4562,0.39139999999999997,0.2928,0.2464,0.1756,0.1296,0.1376,0.0964,0.0458,0.0978,0.05179999999999999,0.07499999999999998,0.044,0.0246,0.056999999999999995,0.06479999999999998,0.0626,0.005000000000000001,0.0072,0.0326,0.0684,0.023999999999999997
1.7340474625571605,0.3162,0.4582,0.4002,0.3012,0.2556,0.19319999999999998,0.1452,0.15080000000000002,0.12079999999999998,0.055400000000000005,0.10280000000000002,0.07779999999999998,0.069,0.078,0.0444,0.0708,0.0804,0.06699999999999999,0.008199999999999999,0.003400000000000003,0.039200000000000006,0.0664,0.042000000000000016
1.7328842740752126,0.3374,0.468,0.4152,0.3048,0.2702,0.209,0.14540000000000003,0.167,0.12340000000000001,0.06580000000000001,0.1252,0.07779999999999998,0.07180000000000002,0.09999999999999999,0.0572,0.0778,0.0916,0.0732,0.026,0.023399999999999997,0.0318,0.0698,0.0492
1.7317226450666854,0.33699999999999997,0.477,0.4308,0.3014,0.2732,0.216,0.15560000000000004,0.16820000000000002,0.1222,0.08259999999999999,0.1262,0.0854,0.0746,0.1182,0.06459999999999999,0.102,0.102,0.07479999999999999,0.0294,0.040799999999999996,0.0286,0.0628,0.061399999999999996
1.7305384207441317,0.34619999999999995,0.4942,0.43839999999999996,0.3054,0.2806,0.2196,0.1572,0.1822,0.11400000000000002,0.08940000000000001,0.11820000000000001,0.1102,0.0798,0.136,0.0658,0.108,0.11359999999999999,0.07640000000000001,0.026800000000000004,0.0516,0.03920000000000001,0.06719999999999998,0.06620000000000001
1.7293799336141251,0.3372,0.4992,0.4465999999999999,0.30279999999999996,0.2702,0.229,0.15280000000000002,0.1946,0.09440000000000001,0.1016,0.1128,0.10679999999999999,0.0726,0.1326,0.0514,0.0992,0.1028,0.0698,0.033400000000000006,0.0588,0.03520000000000001,0.06760000000000001,0.06459999999999999
1.7282229965156795,0.32999999999999996,0.5018,0.4397999999999999,0.31379999999999997,0.26519999999999994,0.2324,0.1494,0.19119999999999998,0.09979999999999999,0.1178,0.12979999999999997,0.1308,0.08939999999999998,0.1352,0.055,0.104,0.1182,0.07540000000000001,0.0464,0.06679999999999998,0.023799999999999995,0.056799999999999996,0.07379999999999998
1.7270435521386092,0.3126,0.4914,0.4162,0.3208,0.26139999999999997,0.2402,0.146,0.18719999999999998,0.09579999999999998,0.12179999999999999,0.11699999999999998,0.1322,0.0874,0.12440000000000001,0.057,0.08099999999999999,0.1206,0.0724,0.041,0.0616,0.0308,0.0446,0.0654
1.7258897379152922,0.3198,0.5108,0.423,0.33159999999999995,0.2922,0.2568,0.1604,0.19219999999999998,0.1206,0.1482,0.12819999999999998,0.1512,0.0988,0.13319999999999999,0.078,0.09520000000000002,0.1194,0.0884,0.056799999999999996,0.0692,0.0366,0.045,0.08299999999999999
1.7247374643577438,0.3048,0.49560000000000004,0.4318,0.3236,0.2984,0.2582,0.17479999999999998,0.174,0.12459999999999999,0.161,0.11899999999999998,0.15959999999999996,0.10700000000000001,0.1304,0.0782,0.09620000000000002,0.10899999999999999,0.0856,0.07640000000000001,0.0694,0.02559999999999999,0.0508,0.0862
1.7235867283821915,0.3034,0.49860000000000004,0.451,0.34120000000000006,0.2934,0.2862,0.198,0.1784,0.13179999999999997,0.1752,0.1266,0.1648,0.1274,0.12779999999999997,0.0978,0.10540000000000001,0.12019999999999997,0.0974,0.0952,0.0878,0.0352,0.07199999999999998,0.08399999999999999
1.7224136015112792,0.2948,0.5036,0.4652,0.35700000000000004,0.28879999999999995,0.28540000000000004,0.199,0.183,0.1356,0.1866,0.14659999999999995,0.16179999999999997,0.13879999999999998,0.12419999999999998,0.10579999999999999,0.11180000000000001,0.12539999999999998,0.10880000000000001,0.10479999999999999,0.09379999999999997,0.0402,0.0832,0.0832
1.7212659633536924,0.2748,0.4972,0.44539999999999996,0.35140000000000005,0.2692,0.2632,0.187,0.1548,0.1272,0.16979999999999998,0.1262,0.1444,0.1134,0.10099999999999999,0.0892,0.0896,0.08859999999999997,0.09880000000000001,0.09540000000000001,0.0696,0.029999999999999995,0.0578,0.0836
1.7201198535123738,0.2677999999999999,0.48819999999999997,0.4338,0.3601999999999999,0.2592,0.25859999999999994,0.1696,0.13779999999999998,0.118,0.15480000000000002,0.1158,0.1198,0.09320000000000002,0.0756,0.0762,0.06559999999999998,0.049,0.0896,0.0842,0.047799999999999995,0.024399999999999988,0.046,0.0734
1.7189752689364532,0.24459999999999998,0.4755999999999999,0.4188,0.3355999999999999,0.24880000000000002,0.244,0.15400000000000003,0.1194,0.112,0.13660000000000003,0.104,0.07559999999999999,0.0768,0.054,0.07440000000000001,0.0418,0.023400000000000008,0.0792,0.06579999999999998,0.0254,0.011200000000000003,0.0338,0.06760000000000001
1.7178084089492276,0.2332,0.456,0.3954,0.3172,0.243,0.21819999999999995,0.15319999999999998,0.1036,0.1134,0.1272,0.0994,0.0628,0.06559999999999999,0.04,0.06719999999999998,0.035199999999999995,0.0045999999999999965,0.061200000000000004,0.0448,0.0052000000000000084,-0.0003999999999999968,0.023600000000000003,0.04599999999999999
1.7166668974014645,0.2582,0.4776,0.4002,0.32739999999999997,0.25880000000000003,0.23259999999999992,0.182,0.1242,0.13520000000000001,0.15640000000000004,0.1102,0.074,0.0696,0.0682,0.08780000000000002,0.06259999999999999,0.008600000000000007,0.0756,0.0674,0.020000000000000018,0.02660000000000001,0.057400000000000014,0.07700000000000003
1.7155269019521038,0.253,0.49760000000000004,0.4126,0.32139999999999996,0.264,0.229,0.1928,0.1376,0.1468,0.15919999999999998,0.115,0.07379999999999999,0.07959999999999999,0.07540000000000001,0.09440000000000001,0.0798,0.002400000000000002,0.0878,0.0746,0.0192,0.0238,0.0684,0.083
1.7143884195827401,0.24859999999999996,0.4776,0.3972,0.3108,0.25660000000000005,0.22240000000000001,0.177,0.13179999999999997,0.1336,0.1444,0.0984,0.0644,0.073,0.07,0.08220000000000001,0.06579999999999998,0.0004000000000000002,0.0768,0.0694,0.015999999999999997,0.010999999999999996,0.0544,0.06399999999999999
1.7132514472829767,0.239,0.48360000000000003,0.3852,0.31439999999999996,0.2452,0.21380000000000002,0.1638,0.146,0.1378,0.1402,0.1046,0.0668,0.061799999999999994,0.06779999999999999,0.0746,0.058,0.0029999999999999966,0.07599999999999998,0.064,0.0402,0.016399999999999998,0.0484,0.06259999999999999
1.712092342528926,0.2364,0.4744,0.363,0.30879999999999996,0.243,0.1958,0.1606,0.1484,0.12639999999999998,0.12340000000000001,0.1036,0.06119999999999999,0.0594,0.0642,0.061399999999999996,0.05179999999999999,-0.009400000000000002,0.07699999999999999,0.0444,0.038799999999999994,0.024,0.0376,0.0658
1.7109584126721307,0.237,0.45439999999999997,0.3307999999999999,0.2998,0.2546,0.18540000000000004,0.1612,0.1436,0.1066,0.10540000000000001,0.0842,0.047200000000000006,0.0516,0.045399999999999996,0.0402,0.0358,-0.024199999999999996,0.06459999999999999,0.034199999999999994,0.038799999999999994,0.0162,0.021399999999999995,0.05299999999999998
1.7098259838393866,0.2514,0.4526,0.3228,0.3028,0.2622,0.20600000000000007,0.18719999999999998,0.1604,0.1238,0.11519999999999997,0.0958,0.07119999999999999,0.0592,0.07379999999999999,0.0418,0.0428,-0.011400000000000002,0.0576,0.047200000000000006,0.055400000000000005,0.046400000000000004,0.037399999999999996,0.060399999999999995
1.7086950530522254,0.2372,0.44880000000000003,0.307,0.2782,0.25739999999999996,0.1958,0.18580000000000002,0.16319999999999998,0.1152,0.1154,0.0902,0.07799999999999999,0.060200000000000004,0.0852,0.027399999999999987,0.041,-0.000400000000000003,0.046799999999999994,0.05,0.0588,0.0446,0.031799999999999995,0.052
1.7075656173400535,0.2186,0.43560000000000004,0.2906,0.2506,0.23279999999999995,0.1866,0.175,0.159,0.097,0.1092,0.06699999999999999,0.073,0.0424,0.06579999999999998,0.009799999999999991,0.024999999999999994,-0.0027999999999999956,0.020799999999999992,0.03259999999999999,0.0574,0.0352,0.013399999999999999,0.012599999999999995
1.706414190760593,0.22119999999999998,0.4412,0.29499999999999993,0.24159999999999998,0.2374,0.18480000000000002,0.1718,0.15619999999999998,0.07960000000000002,0.1092,0.05119999999999999,0.06960000000000001,0.0378,0.056399999999999985,0.008000000000000004,0.025199999999999997,0.002000000000000002,0.0308,0.032,0.054800000000000015,0.0328,0.009999999999999997,0.014799999999999994
1.7052877673107338,0.22119999999999995,0.43839999999999996,0.29999999999999993,0.2412,0.25,0.18080000000000002,0.1822,0.15120000000000003,0.07620000000000002,0.09599999999999999,0.037399999999999996,0.07160000000000001,0.04340000000000001,0.03900000000000001,-0.009200000000000002,0.02180000000000001,0.006600000000000009,0.028600000000000007,0.019399999999999997,0.05400000000000002,0.02500000000000001,-0.0007999999999999936,0.007200000000000005
1.7041628300097578,0.22619999999999993,0.42660000000000003,0.2899999999999999,0.2342,0.2294,0.1686,0.1646,0.1484,0.0708,0.0866,0.04,0.07199999999999998,0.027199999999999995,0.027199999999999995,-0.0242,0.004599999999999998,-0.0037999999999999965,0.009800000000000001,0.0122,0.049400000000000006,0.010999999999999996,-0.014600000000000002,-0.0036000000000000034
1.7030393759184739,0.2414,0.44539999999999996,0.3044,0.2454,0.22540000000000002,0.1766,0.18180000000000002,0.16779999999999998,0.08159999999999999,0.093,0.0684,0.0772,0.0322,0.0314,-0.015599999999999996,0.010600000000000002,0.0014000000000000043,0.024800000000000003,0.028600000000000004,0.047,0.023,-0.007400000000000001,0.008799999999999997
1.7019174021054364,0.248,0.44360000000000005,0.306,0.2512,0.2384,0.183,0.1972,0.1834,0.08020000000000001,0.1042,0.0698,0.0792,0.039,0.047,-0.014199999999999997,0.015799999999999998,0.0014000000000000022,0.029,0.0188,0.0268,0.026199999999999994,-0.0025999999999999986,0.0134
1.7007969056469199,0.2648,0.4496,0.29619999999999996,0.2476,0.237,0.18079999999999996,0.1936,0.189,0.08479999999999999,0.11259999999999999,0.07540000000000001,0.08979999999999998,0.03559999999999999,0.0588,-0.003999999999999997,0.018,0.0035999999999999986,0.022600000000000006,0.027000000000000003,0.025800000000000003,0.020199999999999996,0.010600000000000002,0.027199999999999995
1.6996545863260049,0.2536,0.443,0.29979999999999996,0.2392,0.22859999999999997,0.17579999999999998,0.17920000000000003,0.19159999999999996,0.08799999999999998,0.1092,0.0752,0.0938,0.0344,0.0538,0.006200000000000001,0.009999999999999997,0.013599999999999998,0.018600000000000005,0.0242,0.015599999999999998,0.021399999999999995,0.013199999999999996,0.023999999999999997
1.6985370664621118,0.252,0.44880000000000003,0.31039999999999995,0.2462,0.2364,0.1784,0.1668,0.1968,0.09259999999999997,0.1066,0.0804,0.084,0.0384,0.0378,0.009400000000000002,0.0178,0.03300000000000001,0.0366,0.0254,0.0332,0.0088,0.022600000000000002,0.012000000000000002
1.6974210151672782,0.2682,0.4452,0.3188,0.26580000000000004,0.2518,0.19119999999999998,0.182,0.1988,0.10179999999999999,0.0978,0.1,0.0906,0.0368,0.0314,0.019199999999999995,0.033,0.0314,0.046400000000000004,0.0402,0.043,0.013800000000000002,0.0448,0.0184
1.6963064295485637,0.284,0.44639999999999996,0.3502,0.31279999999999997,0.2662,0.211,0.2,0.215,0.11039999999999997,0.10859999999999999,0.1316,0.1038,0.0402,0.061,0.03960000000000001,0.052399999999999995,0.039,0.056,0.056600000000000004,0.059,0.0208,0.0722,0.0466
1.695193306720621,0.2944,0.4578,0.3608,0.3316,0.2752,0.224,0.21159999999999998,0.2318,0.1362,0.1162,0.1558,0.1124,0.039200000000000006,0.09,0.047,0.06580000000000003,0.0546,0.0644,0.0526,0.07940000000000001,0.03620000000000001,0.09359999999999999,0.06479999999999998
1.6940816438056723,0.28259999999999996,0.4562,0.34440000000000004,0.3166,0.253,0.2142,0.1834,0.21979999999999997,0.13079999999999997,0.11200000000000002,0.15999999999999998,0.0922,0.0238,0.09680000000000001,0.035199999999999995,0.06680000000000001,0.0428,0.055400000000000005,0.0476,0.0658,0.0314,0.0912,0.048600000000000004
1.6929714379334824,0.2874,0.4456,0.35179999999999995,0.3206,0.26339999999999997,0.22699999999999992,0.1782,0.21459999999999996,0.13879999999999998,0.11259999999999999,0.15639999999999998,0.11040000000000001,0.04480000000000002,0.11100000000000002,0.054799999999999995,0.0804,0.05500000000000001,0.0626,0.0588,0.07399999999999998,0.044,0.10179999999999999,0.05299999999999999
1.6918626862413362,0.2744,0.4337999999999999,0.3448,0.32080000000000003,0.26380000000000003,0.2392,0.18419999999999997,0.2164,0.15059999999999998,0.11900000000000001,0.1364,0.11999999999999998,0.055799999999999995,0.1228,0.060399999999999995,0.087,0.052,0.06480000000000001,0.0608,0.08639999999999998,0.047200000000000006,0.1038,0.0544
1.6907553858740114,0.26180000000000003,0.42819999999999997,0.337,0.31959999999999994,0.2534,0.236,0.17959999999999995,0.195,0.155,0.126,0.1402,0.1138,0.045,0.11580000000000001,0.0628,0.0996,0.0494,0.06580000000000001,0.060399999999999995,0.08499999999999999,0.03979999999999999,0.09459999999999998,0.048199999999999986
1.6896495339837576,0.2432,0.4124,0.3406,0.3252,0.2524,0.2278,0.1696,0.186,0.155,0.1254,0.13019999999999998,0.10540000000000001,0.0496,0.09720000000000001,0.0536,0.09479999999999998,0.055799999999999995,0.0592,0.0538,0.0798,0.031199999999999988,0.07839999999999998,0.023999999999999997
1.6885221346187889,0.2352,0.4064,0.33880000000000005,0.3294,0.23559999999999998,0.22619999999999998,0.1658,0.1706,0.1374,0.12840000000000001,0.13319999999999999,0.10099999999999999,0.048799999999999996,0.105,0.0396,0.0958,0.04379999999999999,0.04959999999999999,0.0562,0.071,0.026399999999999993,0.07099999999999998,0.015399999999999997
1.6874192011975233,0.22959999999999997,0.4008,0.3406,0.32220000000000004,0.22619999999999998,0.223,0.1724,0.1712,0.1364,0.1372,0.1252,0.098,0.0362,0.10959999999999999,0.032799999999999996,0.09459999999999999,0.0368,0.0436,0.0526,0.054799999999999995,0.024199999999999996,0.048,0.016999999999999998
1.6863177076958644,0.23759999999999992,0.4144,0.36060000000000003,0.3378,0.234,0.237,0.17060000000000003,0.1906,0.16040000000000001,0.1552,0.1274,0.10600000000000001,0.041,0.1254,0.0544,0.0928,0.0614,0.053200000000000004,0.057600000000000005,0.067,0.04880000000000002,0.0454,0.027399999999999997
1.685217651295851,0.238,0.4084,0.347,0.3376,0.237,0.245,0.175,0.1686,0.1712,0.161,0.1242,0.116,0.0528,0.123,0.05780000000000002,0.0864,0.067,0.065,0.0756,0.07859999999999999,0.0578,0.024199999999999996,0.03
1.6841190291868693,0.21759999999999996,0.3898000000000001,0.339,0.3352,0.22219999999999998,0.23659999999999998,0.16739999999999997,0.14759999999999995,0.14559999999999998,0.15219999999999995,0.112,0.1032,0.0518,0.0994,0.054400000000000004,0.0668,0.0536,0.05079999999999999,0.08279999999999998,0.0624,0.04219999999999999,0.0061999999999999954,0.028199999999999996
1.683021838565631,0.2078,0.3752,0.366,0.3355999999999999,0.2282,0.233,0.16979999999999998,0.15059999999999996,0.1386,0.1354,0.106,0.09820000000000001,0.05000000000000001,0.0834,0.0772,0.0514,0.0502,0.04779999999999999,0.09279999999999998,0.07060000000000001,0.0386,-2.2204460492503126e-19,0.035800000000000005
1.681926076636148,0.201,0.37260000000000004,0.36580000000000007,0.343,0.222,0.2294,0.184,0.14239999999999997,0.12919999999999998,0.13219999999999998,0.09620000000000001,0.06999999999999998,0.034,0.0768,0.06659999999999999,0.0546,0.045200000000000004,0.0464,0.0964,0.0742,0.040600000000000004,-0.006799999999999998,0.03159999999999999
1.6808317406097082,0.18359999999999996,0.364,0.35540000000000005,0.3389999999999999,0.213,0.2092,0.1676,0.1272,0.11279999999999998,0.11,0.09,0.052399999999999995,0.013599999999999998,0.0624,0.0616,0.033999999999999996,0.0344,0.023199999999999995,0.07759999999999999,0.0636,0.03499999999999999,-0.010600000000000002,0.015399999999999994
1.6797388277048535,0.17439999999999997,0.3556,0.35,0.32299999999999995,0.2068,0.2032,0.172,0.11379999999999998,0.09959999999999998,0.0768,0.08220000000000001,0.0494,0.001199999999999995,0.0638,0.0596,0.009799999999999993,0.032999999999999995,0.017999999999999995,0.075,0.0658,0.03459999999999999,-0.005800000000000001,0.008799999999999994
1.6786473351473554,0.167,0.36960000000000004,0.34440000000000004,0.3212,0.21359999999999998,0.22559999999999997,0.1834,0.1036,0.09079999999999999,0.07820000000000002,0.08700000000000001,0.0364,-0.0018000000000000008,0.0818,0.06960000000000001,0.012,0.0268,0.027000000000000003,0.07959999999999999,0.0626,0.053,-0.0011999999999999995,0.004799999999999993
1.677557260170191,0.17220000000000002,0.38039999999999996,0.3496,0.3082,0.22180000000000002,0.238,0.18959999999999996,0.104,0.10899999999999999,0.07440000000000001,0.08480000000000001,0.0418,0.0013999999999999976,0.085,0.0752,0.02540000000000001,0.028399999999999988,0.0384,0.0762,0.0732,0.059,-0.0006000000000000042,0.0037999999999999952
1.67646860001352,0.15719999999999998,0.373,0.3376,0.30560000000000004,0.22219999999999998,0.2286,0.18059999999999998,0.0848,0.1052,0.0592,0.0808,0.0422,0.0025999999999999947,0.075,0.07640000000000001,0.022800000000000004,0.012199999999999996,0.0386,0.06799999999999999,0.0686,0.05119999999999999,-0.007600000000000007,-0.015400000000000006
1.6753813519246619,0.1356,0.35279999999999995,0.31160000000000004,0.2770000000000001,0.206,0.2088,0.16559999999999997,0.069,0.085,0.0494,0.07079999999999999,0.0242,0.006000000000000005,0.066,0.0676,0.0059999999999999975,-0.0148,0.034800000000000005,0.05140000000000001,0.0562,0.024199999999999996,-0.024399999999999998,-0.03319999999999999
1.6742955131580723,0.1262,0.3561999999999999,0.30299999999999994,0.25639999999999996,0.19619999999999999,0.1968,0.1414,0.07940000000000001,0.08480000000000001,0.0432,0.0512,0.013200000000000002,-0.004,0.055799999999999995,0.059,0.007399999999999999,-0.0442,0.0188,0.0288,0.0494,0.014599999999999998,-0.0192,-0.045
1.67321108097532,0.11879999999999999,0.351,0.28079999999999994,0.2386,0.18640000000000004,0.17579999999999996,0.12799999999999997,0.0862,0.09759999999999999,0.02959999999999999,0.0396,-0.000400000000000003,0.005200000000000002,0.04779999999999999,0.04419999999999999,0.01,-0.0614,0.007999999999999993,0.012600000000000002,0.0426,0.004199999999999995,-0.0228,-0.0674
1.6721280526450637,0.10579999999999999,0.34940000000000004,0.2386,0.2298,0.1658,0.16659999999999997,0.11399999999999999,0.07440000000000001,0.095,0.037,0.040799999999999996,0.008199999999999997,0.004200000000000001,0.03819999999999999,0.0348,0.0126,-0.078,0.011600000000000003,-0.0108,0.034199999999999994,-0.00020000000000000277,-0.017199999999999997,-0.0706
1.6710464254430295,0.10540000000000001,0.34840000000000004,0.22719999999999999,0.21580000000000002,0.15419999999999998,0.16859999999999997,0.1138,0.082,0.09140000000000001,0.0456,0.0396,0.021600000000000005,0.003999999999999998,0.0362,0.0464,0.001800000000000006,-0.07880000000000001,0.007800000000000001,-0.02459999999999999,0.033,-0.0039999999999999975,-0.0041999999999999885,-0.05859999999999998
1.6699661966519872,0.108,0.3446,0.21159999999999998,0.203,0.141,0.1616,0.09540000000000001,0.0778,0.08220000000000001,0.0424,0.030599999999999992,0.014799999999999997,-0.007800000000000004,0.0198,0.0394,-0.0016000000000000018,-0.083,0.003399999999999996,-0.0282,0.020199999999999992,-0.012400000000000001,-0.015199999999999998,-0.0544
1.6688873635617287,0.12680000000000002,0.3618,0.21819999999999998,0.2236,0.15940000000000004,0.1766,0.09500000000000001,0.09299999999999999,0.09,0.062,0.0466,0.0272,0.022200000000000008,0.02240000000000001,0.05220000000000001,0.020000000000000007,-0.06819999999999998,0.012600000000000004,-0.02559999999999999,0.021199999999999997,0.008399999999999998,-0.011999999999999999,-0.0464
1.6678099234690447,0.12840000000000001,0.36219999999999997,0.22219999999999995,0.2266,0.15979999999999997,0.1646,0.084,0.08399999999999999,0.09199999999999998,0.05,0.0404,0.0358,0.018999999999999996,0.013200000000000003,0.0456,0.027,-0.0668,0.015000000000000003,-0.0348,0.019999999999999993,-0.0008000000000000042,-0.019399999999999997,-0.03519999999999998
1.666733873677702,0.12919999999999998,0.37159999999999993,0.2144,0.219,0.16979999999999998,0.15659999999999996,0.0798,0.0844,0.07779999999999998,0.052599999999999994,0.042,0.027999999999999994,0.0208,0.013,0.0546,0.03060000000000001,-0.061200000000000004,0.011399999999999999,-0.027399999999999997,0.014199999999999997,0.0030000000000000005,-0.0056,-0.028199999999999996
1.6656592114984214,0.15,0.37839999999999996,0.2132,0.21859999999999996,0.15979999999999994,0.16199999999999998,0.08740000000000002,0.0906,0.06919999999999998,0.05139999999999999,0.0434,0.028399999999999998,0.034800000000000005,0.0178,0.06,0.0378,-0.046599999999999996,0.007199999999999998,-0.009799999999999991,0.013,0.019600000000000003,0.010199999999999999,-0.0005999999999999934
1.6645859342488558,0.1552,0.3792,0.2228,0.22259999999999996,0.1648,0.15559999999999996,0.09540000000000001,0.0862,0.052599999999999994,0.03719999999999999,0.039,0.0298,0.031199999999999995,0.003999999999999997,0.055200000000000006,0.0366,-0.0424,0.0009999999999999966,-0.0112,0.0042000000000000015,0.02059999999999999,0.008799999999999997,0.010600000000000005
1.6635140392535652,0.15539999999999998,0.38239999999999996,0.22440000000000002,0.22879999999999995,0.17,0.14539999999999997,0.10740000000000001,0.0832,0.0434,0.0352,0.04440000000000001,0.030199999999999998,0.0384,0.01740000000000001,0.047,0.0352,-0.027600000000000003,0.012600000000000002,-0.004199999999999997,-0.011,0.008999999999999996,0.001799999999999995,0.0224
1.6624435238439985,0.18280000000000002,0.38639999999999997,0.2484,0.245,0.18459999999999996,0.17679999999999998,0.11480000000000001,0.09079999999999998,0.038200000000000005,0.0582,0.0666,0.056,0.043,0.036,0.055,0.04300000000000001,-0.006599999999999998,0.046799999999999994,0.0031999999999999967,0.008600000000000003,0.015399999999999994,0.005199999999999994,0.0426
1.6613743853584684,0.194,0.3845999999999999,0.26559999999999995,0.257,0.2054,0.188,0.12440000000000001,0.09679999999999998,0.042600000000000006,0.059,0.0714,0.0638,0.0518,0.05479999999999999,0.06,0.0482,0.02180000000000001,0.06160000000000001,0.0152,0.0222,0.022799999999999994,0.0018000000000000008,0.0418
1.6603066211421302,0.18419999999999997,0.3782,0.2742,0.2684,0.2184,0.1794,0.1164,0.1042,0.055600000000000004,0.047200000000000006,0.08059999999999999,0.06,0.0586,0.06520000000000001,0.0544,0.0584,0.03900000000000001,0.08020000000000001,0.018,0.026200000000000008,0.0188,-0.0128,0.0466
1.6592402285469605,0.2004,0.39,0.308,0.2732,0.2304,0.193,0.1412,0.12999999999999998,0.0782,0.061,0.10480000000000002,0.07379999999999999,0.08599999999999998,0.0898,0.0694,0.0834,0.06620000000000001,0.106,0.047200000000000006,0.0546,0.0264,0.0022000000000000023,0.0704
1.6581973789783366,0.2038,0.39239999999999997,0.32759999999999995,0.25999999999999995,0.2404,0.18980000000000002,0.1408,0.15619999999999998,0.0932,0.0698,0.1044,0.077,0.09199999999999998,0.0974,0.0844,0.09620000000000001,0.0758,0.12100000000000001,0.0674,0.079,0.02,0.013800000000000005,0.07959999999999999
1.657133693269899,0.2044,0.3792,0.3439999999999999,0.247,0.24819999999999998,0.1856,0.1484,0.1856,0.1042,0.092,0.114,0.07980000000000001,0.1034,0.1026,0.0952,0.0988,0.093,0.1262,0.07940000000000001,0.0964,0.0386,0.023,0.0902
1.6560713713339388,0.21359999999999998,0.3768,0.3628,0.2692,0.2602,0.1986,0.16660000000000003,0.1992,0.1336,0.1196,0.12960000000000002,0.1012,0.118,0.1166,0.1006,0.1118,0.1138,0.15380000000000002,0.0916,0.1198,0.047400000000000005,0.024800000000000003,0.1068
1.6550104105493566,0.2054,0.37060000000000004,0.37760000000000005,0.27179999999999993,0.26759999999999995,0.18779999999999997,0.17000000000000004,0.194,0.13179999999999997,0.1338,0.13379999999999997,0.1026,0.12179999999999998,0.1266,0.09699999999999999,0.108,0.11299999999999999,0.1626,0.0804,0.12340000000000001,0.027399999999999994,0.026199999999999998,0.0994
1.653950808301766,0.18819999999999995,0.35819999999999996,0.3615999999999999,0.2432,0.25659999999999994,0.1738,0.14699999999999996,0.1754,0.1258,0.1376,0.12379999999999997,0.08559999999999998,0.11159999999999999,0.1276,0.08020000000000001,0.1006,0.10119999999999997,0.1478,0.0734,0.10740000000000001,0.0009999999999999885,0.013599999999999992,0.06719999999999998
1.652892561983471,0.16359999999999997,0.32839999999999997,0.34780000000000005,0.218,0.2396,0.1662,0.1346,0.1648,0.115,0.1162,0.10999999999999999,0.061200000000000004,0.1052,0.09939999999999997,0.074,0.0704,0.09399999999999999,0.13399999999999998,0.06039999999999998,0.1036,-0.0048000000000000004,0.005999999999999995,0.05380000000000002
1.6518356689934461,0.14459999999999998,0.327,0.34060000000000007,0.20959999999999995,0.2294,0.1502,0.132,0.1552,0.11179999999999998,0.108,0.0994,0.051600000000000014,0.0882,0.08539999999999998,0.07659999999999999,0.06340000000000001,0.0988,0.11880000000000002,0.0632,0.09259999999999999,-0.008399999999999996,0.009799999999999998,0.0636
1.650780126737313,0.13839999999999994,0.32839999999999997,0.3422,0.2018,0.224,0.15480000000000002,0.13539999999999996,0.15100000000000002,0.11999999999999998,0.109,0.09280000000000001,0.046200000000000005,0.09540000000000001,0.08199999999999999,0.0856,0.06580000000000001,0.0974,0.1154,0.071,0.10199999999999998,-0.014199999999999996,0.009799999999999998,0.0734
1.6497259326273217,0.14459999999999998,0.32920000000000005,0.3375999999999999,0.19440000000000002,0.24259999999999998,0.16560000000000002,0.1514,0.14700000000000002,0.1194,0.11980000000000002,0.10060000000000002,0.0498,0.10379999999999999,0.085,0.0824,0.058600000000000006,0.094,0.1092,0.081,0.0992,-0.004999999999999997,0.0212,0.07180000000000003
1.6486950047200541,0.12840000000000001,0.2971999999999999,0.3111999999999999,0.172,0.235,0.1426,0.13079999999999997,0.121,0.10199999999999998,0.11139999999999997,0.0834,0.03519999999999999,0.0832,0.0704,0.06099999999999999,0.040999999999999995,0.07439999999999998,0.1046,0.044599999999999994,0.08680000000000002,-0.0018000000000000008,0.008199999999999995,0.060200000000000004
1.6476434712127452,0.1156,0.2734,0.277,0.15619999999999998,0.20659999999999998,0.1296,0.11699999999999998,0.09300000000000001,0.086,0.09540000000000001,0.061,0.019399999999999997,0.0536,0.0438,0.027600000000000003,0.005999999999999992,0.0556,0.07959999999999999,0.026600000000000002,0.0562,-0.009000000000000001,0.0026000000000000016,0.0576
1.646593278181311,0.11500000000000002,0.2772,0.26139999999999997,0.1728,0.19080000000000003,0.132,0.12879999999999997,0.08480000000000001,0.0866,0.07900000000000001,0.06740000000000002,0.0176,0.0428,0.042,0.019,-0.000200000000000001,0.05619999999999998,0.05819999999999999,0.0272,0.0366,-0.024199999999999992,0.017400000000000006,0.059
1.6455444230641632,0.09800000000000002,0.2638,0.2342,0.168,0.1568,0.1176,0.11599999999999999,0.0716,0.0664,0.04800000000000001,0.049,-0.0017999999999999997,0.03360000000000001,0.0378,0.016800000000000006,-0.013799999999999996,0.0422,0.0344,0.0025999999999999986,0.0142,-0.04119999999999999,0.006599999999999998,0.028799999999999992
1.6444969033062347,0.077,0.2464,0.19859999999999997,0.1608,0.14260000000000003,0.1146,0.1036,0.067,0.0598,0.031,0.045200000000000004,-0.008599999999999998,0.03540000000000001,0.023199999999999995,0.011399999999999995,-0.02059999999999999,0.038799999999999994,0.02659999999999999,-0.012400000000000001,0.006799999999999995,-0.0412,-0.0032000000000000006,0.0126
1.6434507163589616,0.0848,0.24180000000000001,0.195,0.1724,0.13099999999999998,0.11779999999999999,0.11599999999999999,0.0726,0.057,0.022799999999999994,0.047,0.008199999999999997,0.0326,0.0312,0.014199999999999996,-0.006600000000000002,0.0474,0.02659999999999999,-0.0212,0.01279999999999999,-0.022000000000000006,0.009399999999999999,0.0346
1.642427613976529,0.095,0.2506,0.2052,0.193,0.14039999999999997,0.12140000000000001,0.118,0.075,0.0564,0.039800000000000016,0.06479999999999998,0.034,0.032799999999999996,0.0448,0.0192,0.019999999999999993,0.0556,0.033600000000000005,-0.0184,0.0182,-0.005599999999999997,0.0188,0.04519999999999999
1.641384057395494,0.10540000000000002,0.2562,0.2314,0.2086,0.133,0.13400000000000004,0.1242,0.08080000000000001,0.07379999999999999,0.05640000000000001,0.0662,0.0364,0.044,0.05460000000000001,0.017799999999999993,0.021399999999999995,0.0592,0.0328,-0.007799999999999994,0.017,0.0032000000000000006,0.0332,0.054400000000000004
1.640341826070852,0.10779999999999999,0.247,0.2332,0.2124,0.1302,0.1274,0.129,0.07920000000000002,0.0724,0.054,0.0592,0.0418,0.033800000000000004,0.057600000000000005,-0.004000000000000001,0.016000000000000007,0.052,0.015799999999999998,-0.0222,-0.0024000000000000015,0.0001999999999999978,0.0286,0.048
1.639300917479707,0.08159999999999998,0.224,0.2084,0.18980000000000002,0.0872,0.0978,0.095,0.042799999999999984,0.04399999999999999,0.02259999999999999,0.018999999999999982,0.0206,0.0021999999999999928,0.022799999999999994,-0.026199999999999998,-0.00900000000000001,0.021399999999999992,-0.02500000000000001,-0.0582,-0.04020000000000001,-0.0216,0.0029999999999999944,0.014199999999999996
1.638261329105562,0.0716,0.2292,0.2076,0.1948,0.07440000000000001,0.099,0.09880000000000001,0.0364,0.041400000000000006,0.0198,0.011599999999999994,0.019399999999999997,-3.552713678800501e-18,0.0222,-0.009799999999999996,-0.010399999999999998,0.013199999999999995,-0.0442,-0.0592,-0.063,-0.040600000000000004,0.011799999999999995,-0.012600000000000002
1.6372446756539076,0.0844,0.23780000000000004,0.2304,0.212,0.0874,0.11059999999999999,0.1118,0.048,0.0444,0.037600000000000015,0.04440000000000002,0.0348,0.022200000000000008,0.04640000000000002,0.011400000000000006,0.02040000000000001,0.03160000000000001,-0.025599999999999987,-0.05119999999999999,-0.0394,-0.046200000000000005,0.014199999999999999,-0.018999999999999996
1.636207692815201,0.0858,0.2278,0.2374,0.2062,0.09580000000000001,0.1146,0.09980000000000001,0.0512,0.034,0.042,0.0424,0.03640000000000001,0.039400000000000004,0.05280000000000002,0.012200000000000003,0.032400000000000005,0.023,-0.011199999999999996,-0.04219999999999999,-0.021799999999999993,-0.035599999999999986,0.011400000000000006,-0.02339999999999999
1.6351720227341657,0.1032,0.24340000000000003,0.2652,0.21359999999999998,0.1338,0.1336,0.10880000000000001,0.0572,0.04900000000000001,0.045200000000000004,0.0516,0.06459999999999999,0.05440000000000001,0.0534,0.023400000000000008,0.03620000000000001,0.0354,0.00820000000000001,-0.015999999999999993,-0.007999999999999993,-0.01419999999999999,0.03640000000000001,0.0012000000000000055
1.6341376629195716,0.10840000000000001,0.2576,0.2886,0.21359999999999996,0.156,0.1412,0.1098,0.0762,0.058,0.0644,0.056,0.08,0.0512,0.0694,0.030600000000000002,0.046400000000000004,0.0496,0.021800000000000007,0.004000000000000008,0.005799999999999997,-0.004999999999999993,0.055799999999999995,0.019600000000000003
1.6331046108864862,0.1088,0.2646,0.2986,0.22219999999999998,0.18059999999999998,0.1434,0.1014,0.0906,0.0712,0.07759999999999999,0.0718,0.0866,0.0616,0.0676,0.0426,0.051,0.0584,0.0358,0.009399999999999992,0.023600000000000003,0.0056,0.058,0.0178
1.6320943455828156,0.127,0.2808,0.3008,0.228,0.1854,0.1606,0.1228,0.1052,0.08159999999999999,0.07759999999999999,0.0866,0.104,0.0804,0.071,0.052,0.06960000000000001,0.07780000000000001,0.04700000000000001,0.025,0.035,0.0044,0.06,0.024399999999999998
1.6310638745659265,0.112,0.2764,0.2768,0.2122,0.1824,0.15719999999999998,0.13219999999999998,0.12079999999999999,0.07440000000000001,0.060200000000000004,0.0998,0.1174,0.084,0.077,0.0546,0.0832,0.06579999999999998,0.055200000000000006,0.0128,0.0496,0.000400000000000001,0.048,0.011200000000000003
1.630034703964665,0.12279999999999999,0.304,0.2846,0.2174,0.19859999999999997,0.1744,0.1374,0.1454,0.08840000000000002,0.08159999999999999,0.1312,0.138,0.0992,0.08059999999999999,0.0726,0.0882,0.07019999999999998,0.0732,0.029800000000000004,0.0686,0.022800000000000004,0.063,0.027200000000000005
1.6290068313189698,0.15259999999999999,0.3298,0.30640000000000006,0.24780000000000002,0.2216,0.1988,0.154,0.179,0.10959999999999999,0.11,0.16839999999999997,0.14839999999999998,0.1226,0.1004,0.0842,0.11499999999999999,0.0912,0.105,0.06680000000000001,0.11,0.047,0.0884,0.061799999999999994
1.628001628001628,0.1668,0.343,0.31520000000000004,0.2522,0.23419999999999996,0.203,0.15480000000000002,0.18359999999999999,0.1254,0.12299999999999998,0.194,0.1524,0.1288,0.09999999999999999,0.06999999999999998,0.12299999999999998,0.08940000000000001,0.12059999999999998,0.0848,0.1352,0.0564,0.095,0.0876
1.6269763169979663,0.14859999999999998,0.322,0.30939999999999995,0.2484,0.2294,0.1976,0.146,0.16540000000000002,0.1238,0.1032,0.17939999999999998,0.14040000000000002,0.11199999999999999,0.0742,0.0554,0.09879999999999999,0.0734,0.09299999999999999,0.0818,0.11499999999999999,0.0514,0.07999999999999999,0.083
1.625952296657619,0.14160000000000003,0.3232,0.3034,0.2429999999999999,0.2142,0.19519999999999998,0.1374,0.1606,0.1216,0.08559999999999998,0.16519999999999996,0.13440000000000002,0.07779999999999998,0.06199999999999999,0.04179999999999999,0.07439999999999998,0.056,0.08879999999999998,0.062,0.10939999999999998,0.0376,0.05579999999999999,0.06599999999999999
1.6249295645450852,0.124,0.30879999999999996,0.273,0.21919999999999992,0.17659999999999998,0.17859999999999998,0.12860000000000002,0.1606,0.09540000000000001,0.0838,0.15839999999999999,0.1072,0.055999999999999994,0.0588,0.011999999999999995,0.05719999999999998,0.0366,0.06719999999999998,0.05220000000000001,0.1156,0.015599999999999998,0.018399999999999993,0.0492
1.6239293852641503,0.13199999999999998,0.301,0.27479999999999993,0.21619999999999998,0.17059999999999997,0.1856,0.1334,0.15159999999999998,0.0868,0.0804,0.15539999999999998,0.115,0.06099999999999999,0.053,0.009,0.0444,0.03420000000000001,0.0658,0.04660000000000001,0.12399999999999999,0.010399999999999994,0.008599999999999997,0.046400000000000004
1.62290919561291,0.13939999999999997,0.3088,0.27740000000000004,0.2206,0.16,0.201,0.14339999999999997,0.149,0.09559999999999999,0.08400000000000002,0.14859999999999998,0.127,0.06399999999999999,0.0708,0.0184,0.0424,0.0456,0.0722,0.0512,0.12879999999999997,0.0268,0.013200000000000002,0.060200000000000004
1.6218902869699428,0.1274,0.28479999999999994,0.2714,0.21639999999999993,0.15419999999999998,0.18080000000000002,0.1248,0.12819999999999995,0.09099999999999998,0.08399999999999999,0.1284,0.10859999999999999,0.046799999999999994,0.054,0.004199999999999994,0.024600000000000004,0.020399999999999995,0.06959999999999998,0.046799999999999994,0.11699999999999998,0.017399999999999992,0.0071999999999999955,0.04079999999999999
1.6208938445249081,0.12999999999999998,0.2744,0.2682,0.2014,0.15480000000000002,0.17799999999999996,0.12020000000000002,0.1032,0.0884,0.09039999999999998,0.1242,0.09720000000000001,0.0334,0.03559999999999999,0.008800000000000002,0.02560000000000001,0.014599999999999998,0.067,0.05920000000000001,0.11359999999999999,0.014999999999999993,0.0013999999999999987,0.034199999999999994
1.619877464107957,0.11699999999999998,0.2553999999999999,0.2578,0.1886,0.13620000000000002,0.14780000000000001,0.1092,0.08680000000000002,0.0702,0.07940000000000001,0.11420000000000002,0.08220000000000001,0.014599999999999998,0.0224,0.010000000000000009,0.02660000000000001,0.007200000000000004,0.0626,0.052,0.1004,0.0036,-0.0010000000000000013,0.019600000000000003
1.6188623575335848,0.09820000000000001,0.23959999999999998,0.2464,0.17579999999999998,0.14720000000000003,0.14199999999999996,0.109,0.0782,0.0596,0.07540000000000001,0.10199999999999998,0.0882,0.0202,0.0252,0.0242,0.030000000000000002,0.007200000000000001,0.06559999999999999,0.043,0.087,-0.0066,-0.009199999999999998,0.012199999999999997
1.6178485224085066,0.08159999999999999,0.2282,0.2358,0.1764,0.1356,0.13539999999999996,0.108,0.07,0.0364,0.055600000000000004,0.0846,0.08459999999999998,0.011799999999999993,0.0288,0.022199999999999994,0.0198,0.014799999999999995,0.05019999999999999,0.028199999999999996,0.0752,-0.008600000000000003,-0.03040000000000001,-0.007200000000000004
1.6168570385437857,0.060599999999999994,0.2296,0.21859999999999996,0.167,0.1216,0.1272,0.0942,0.06179999999999999,0.0264,0.0496,0.06659999999999999,0.0792,0.00039999999999999503,0.027399999999999987,0.005399999999999992,0.010999999999999994,0.004999999999999997,0.04879999999999999,0.011399999999999993,0.0616,-0.011000000000000003,-0.0386,-0.01840000000000001
1.6158457127964556,0.057,0.227,0.2088,0.15480000000000002,0.1194,0.1276,0.08539999999999998,0.040199999999999986,0.029999999999999995,0.05600000000000001,0.06459999999999999,0.0678,0.0166,0.0216,0.008599999999999995,0.01159999999999999,0.005999999999999995,0.029799999999999983,0.007999999999999993,0.0414,-0.014800000000000004,-0.0446,-0.014799999999999997
1.614835651403865,0.07800000000000001,0.2434,0.2322,0.17880000000000001,0.1332,0.12919999999999998,0.0846,0.0454,0.057600000000000005,0.06539999999999997,0.0836,0.08179999999999998,0.048,0.038200000000000005,0.03219999999999999,0.027999999999999997,0.022,0.04419999999999999,0.023000000000000003,0.0332,-0.0021999999999999993,-0.014599999999999995,0.014200000000000006
1.613847855794885,0.0718,0.2546,0.2312,0.19440000000000002,0.139,0.1152,0.07759999999999999,0.042,0.0648,0.052399999999999995,0.08120000000000001,0.0866,0.0412,0.0352,0.04440000000000001,0.040600000000000004,0.0124,0.03599999999999999,0.0286,0.02059999999999999,0.004200000000000001,-0.0033999999999999968,0.033
1.612840289790981,0.04319999999999999,0.248,0.223,0.1814,0.139,0.1032,0.07759999999999999,0.036,0.06019999999999999,0.0436,0.0734,0.08059999999999999,0.031799999999999995,0.0258,0.029199999999999993,0.037,-0.000400000000000002,0.028799999999999992,0.026999999999999993,0.0007999999999999939,-0.022,-0.005199999999999995,0.017399999999999995
1.611833981099947,0.03319999999999999,0.2514,0.222,0.1676,0.1264,0.1022,0.0838,0.039200000000000006,0.0668,0.0362,0.0726,0.05899999999999999,0.0358,0.034199999999999994,0.029799999999999993,0.03339999999999999,-0.005200000000000007,0.011599999999999992,0.015199999999999997,0.006800000000000005,-0.02,-0.006400000000000008,0.022999999999999993
1.6108498532048119,0.019999999999999993,0.2454,0.21680000000000002,0.17679999999999998,0.12179999999999999,0.09359999999999999,0.0584,0.038,0.0738,0.026,0.07400000000000001,0.0516,0.039200000000000006,0.026799999999999994,0.0328,0.022199999999999994,0.000200000000000001,0.0034000000000000037,-0.004000000000000004,-0.006000000000000002,-0.0216,-0.003,0.019199999999999995
1.609846026017189,0.01960000000000001,0.24280000000000002,0.22740000000000002,0.19119999999999998,0.13780000000000003,0.11259999999999999,0.0644,0.04480000000000002,0.07959999999999999,0.03360000000000001,0.06520000000000001,0.046400000000000004,0.053200000000000004,0.039799999999999995,0.0304,0.024800000000000003,0.020400000000000012,0.015400000000000007,0.0034000000000000094,-0.007999999999999995,-0.025999999999999995,-0.007999999999999997,0.03560000000000001
1.6088643234336277,0.0071999999999999955,0.2362,0.2326,0.1824,0.1252,0.1036,0.0516,0.039,0.0734,0.025399999999999995,0.0654,0.03359999999999999,0.025599999999999987,0.0338,0.012799999999999997,0.008800000000000004,0.005400000000000002,0.0007999999999999971,-0.0007999999999999936,-0.0208,-0.04420000000000001,-0.019999999999999997,0.016199999999999996
1.6078629685818389,0.0296,0.2432,0.2414,0.201,0.1428,0.12179999999999999,0.06,0.06340000000000001,0.0852,0.0464,0.0836,0.0522,0.046200000000000005,0.038799999999999994,0.0292,0.034800000000000005,0.012399999999999998,0.0316,0.017000000000000005,-0.004199999999999994,-0.02959999999999999,0.006000000000000002,0.027999999999999994
1.6068628594383754,0.06720000000000001,0.2368,0.2504,0.21680000000000002,0.163,0.1306,0.08579999999999999,0.0892,0.1014,0.0544,0.09659999999999999,0.06219999999999999,0.060200000000000004,0.045399999999999996,0.0482,0.055,0.0228,0.053399999999999996,0.0324,0.008599999999999998,-0.022,0.019399999999999997,0.05839999999999999
1.60588479071695,0.0632,0.233,0.2518,0.22719999999999999,0.182,0.13379999999999997,0.0974,0.1186,0.10779999999999998,0.0554,0.0994,0.0848,0.0704,0.055,0.056400000000000006,0.05919999999999999,0.036,0.0644,0.047,0.014599999999999998,-0.011599999999999994,0.026399999999999993,0.07379999999999998
1.6048871401946574,0.0272,0.196,0.221,0.19959999999999997,0.17139999999999997,0.12040000000000001,0.0882,0.09759999999999999,0.0866,0.042,0.07540000000000001,0.05299999999999999,0.035399999999999994,0.022999999999999993,0.0444,0.0466,0.011999999999999993,0.056400000000000006,0.026199999999999998,-0.0018000000000000021,-0.028,-0.00440000000000001,0.040600000000000004
1.6039114744344272,0.03900000000000001,0.1956,0.21180000000000002,0.19240000000000002,0.1716,0.13340000000000002,0.09820000000000001,0.09459999999999999,0.0866,0.047200000000000006,0.07640000000000001,0.03140000000000001,0.046799999999999994,0.013599999999999994,0.0424,0.045200000000000004,0.02540000000000001,0.06720000000000001,0.022000000000000002,0.02280000000000001,-0.023999999999999994,-0.013599999999999998,0.0286
1.602916273478199,0.056,0.2124,0.2174,0.2018,0.174,0.1482,0.10199999999999998,0.09620000000000001,0.0884,0.061200000000000004,0.0824,0.03560000000000001,0.07280000000000002,-0.009000000000000003,0.054200000000000005,0.055799999999999995,0.03760000000000001,0.0714,0.038200000000000005,0.047800000000000016,-0.008999999999999996,-0.022600000000000006,0.055600000000000004
1.6019223067681216,0.0514,0.2124,0.2078,0.1946,0.191,0.15239999999999998,0.0984,0.0922,0.087,0.0694,0.0704,0.056,0.0746,-0.018000000000000002,0.053399999999999996,0.0624,0.0518,0.0846,0.046400000000000004,0.0434,-0.005200000000000002,-0.008599999999999998,0.06659999999999999
1.6009502414336252,0.054,0.21819999999999998,0.2134,0.17880000000000001,0.19419999999999998,0.14780000000000001,0.11259999999999998,0.09899999999999999,0.0752,0.0712,0.060200000000000004,0.0684,0.08120000000000001,-0.009200000000000003,0.0482,0.06559999999999999,0.056,0.08859999999999998,0.0512,0.0518,0.006400000000000004,0.002200000000000006,0.0724
1.5999587107429487,0.0546,0.22,0.18980000000000002,0.16340000000000005,0.18980000000000002,0.1304,0.1088,0.09580000000000001,0.059799999999999985,0.0608,0.0596,0.064,0.0756,-0.012599999999999998,0.0446,0.0752,0.034,0.07979999999999998,0.0366,0.05560000000000001,0.008000000000000004,0.0038000000000000017,0.053399999999999996
1.5989890262930535,0.0724,0.2334,0.1938,0.16540000000000005,0.189,0.1396,0.12079999999999999,0.105,0.0724,0.074,0.0574,0.082,0.09759999999999999,0.005600000000000006,0.0626,0.09140000000000001,0.049400000000000006,0.1002,0.040400000000000005,0.0654,0.0294,0.020399999999999998,0.07359999999999998
1.597999922677423,0.0638,0.22519999999999998,0.192,0.14839999999999998,0.17299999999999996,0.12539999999999998,0.10640000000000001,0.07759999999999999,0.07019999999999998,0.06459999999999999,0.03219999999999999,0.0694,0.07799999999999999,0.008600000000000005,0.055200000000000006,0.07599999999999998,0.0402,0.081,0.029199999999999997,0.060600000000000015,0.0238,0.012600000000000002,0.0698
1.5970120419859617,0.053,0.239,0.2002,0.13979999999999998,0.1524,0.11199999999999999,0.0996,0.0636,0.0724,0.0682,0.027799999999999995,0.06160000000000001,0.0756,0.024800000000000003,0.049,0.0778,0.036,0.0734,0.03,0.0708,0.028399999999999998,0.025600000000000005,0.054200000000000005
1.5960459249343562,0.0586,0.23919999999999997,0.2068,0.13459999999999997,0.14120000000000002,0.1032,0.10799999999999998,0.0516,0.07859999999999999,0.0834,0.024999999999999998,0.0654,0.0736,0.0292,0.0456,0.0854,0.036400000000000016,0.0864,0.0376,0.084,0.03219999999999999,0.040799999999999996,0.062
1.5950604579367123,0.0772,0.26920000000000005,0.2304,0.15859999999999996,0.15880000000000002,0.1262,0.1248,0.077,0.093,0.1042,0.032799999999999996,0.10660000000000003,0.09399999999999999,0.05160000000000001,0.0518,0.1016,0.06020000000000001,0.093,0.0562,0.1114,0.0536,0.07759999999999999,0.0876
1.5940966999627186,0.0708,0.26239999999999997,0.226,0.15259999999999999,0.13839999999999997,0.1202,0.1182,0.08479999999999999,0.0932,0.1092,0.028399999999999998,0.1134,0.0858,0.06580000000000001,0.0538,0.10579999999999998,0.057600000000000005,0.09379999999999998,0.0448,0.1004,0.0516,0.089,0.08159999999999999
1.5931136378236013,0.08,0.2476,0.228,0.14959999999999998,0.13839999999999997,0.11599999999999999,0.12479999999999998,0.0898,0.1006,0.1016,0.0374,0.099,0.0722,0.0864,0.061799999999999994,0.1032,0.061000000000000006,0.1114,0.043,0.0978,0.0544,0.1098,0.075
1.592152230297116,0.1012,0.25639999999999996,0.2388,0.16720000000000002,0.1438,0.11880000000000002,0.12259999999999999,0.10799999999999998,0.1206,0.1014,0.05980000000000002,0.105,0.06699999999999999,0.09459999999999999,0.0834,0.1154,0.07060000000000001,0.11720000000000001,0.0574,0.1032,0.0678,0.11739999999999998,0.0722
1.591171564224304,0.1124,0.26059999999999994,0.2312,0.1876,0.15319999999999998,0.12079999999999998,0.1206,0.10059999999999998,0.12099999999999998,0.106,0.047,0.08999999999999998,0.05679999999999998,0.1032,0.0828,0.11599999999999999,0.0638,0.12040000000000001,0.06459999999999999,0.0872,0.0726,0.1058,0.077
1.590212498557267,0.09559999999999999,0.23,0.21179999999999996,0.1756,0.1256,0.10479999999999998,0.1004,0.08159999999999999,0.10899999999999999,0.0872,0.021799999999999993,0.07640000000000001,0.036599999999999994,0.0882,0.064,0.084,0.053399999999999996,0.09079999999999998,0.05119999999999999,0.0624,0.05079999999999999,0.0798,0.06719999999999998
1.5892342198013458,0.08940000000000001,0.21819999999999998,0.18779999999999997,0.16679999999999998,0.1194,0.10119999999999997,0.09079999999999999,0.0846,0.0922,0.07440000000000001,0.0322,0.0662,0.024199999999999996,0.06399999999999999,0.0564,0.0756,0.0494,0.07940000000000001,0.03459999999999999,0.06639999999999997,0.0436,0.0578,0.0628
1.5882774874474843,0.0768,0.219,0.17299999999999996,0.1636,0.131,0.1076,0.09720000000000001,0.1036,0.0892,0.073,0.04900000000000001,0.0702,0.02959999999999999,0.044799999999999986,0.053,0.074,0.071,0.0804,0.0308,0.06520000000000001,0.04,0.0534,0.0714
1.5873015873015872,0.06559999999999999,0.21,0.15659999999999996,0.15360000000000001,0.1268,0.12439999999999998,0.09040000000000001,0.103,0.0856,0.0762,0.06340000000000001,0.074,0.02459999999999999,0.018999999999999982,0.06819999999999998,0.0804,0.081,0.07699999999999999,0.018999999999999996,0.06559999999999998,0.02359999999999999,0.0414,0.07840000000000001
1.5863471797561632,0.0522,0.204,0.1386,0.143,0.10759999999999996,0.12739999999999999,0.08100000000000002,0.1034,0.0704,0.0696,0.0636,0.06680000000000001,0.0188,0.000599999999999989,0.059,0.07799999999999999,0.07699999999999999,0.0694,-0.005800000000000006,0.0512,0.013999999999999993,0.026,0.046200000000000005
1.5853736495557118,0.042,0.18459999999999996,0.128,0.14120000000000002,0.0922,0.1162,0.0752,0.09040000000000001,0.060399999999999995,0.0632,0.061,0.05660000000000001,-0.0012000000000000018,-0.0082,0.0506,0.052599999999999994,0.061399999999999996,0.0572,-0.011599999999999997,0.036000000000000004,0.007800000000000001,0.003600000000000007,0.041400000000000006
1.584421558355268,0.04140000000000001,0.17339999999999997,0.12819999999999998,0.13639999999999997,0.08659999999999998,0.11779999999999999,0.07119999999999997,0.0912,0.061,0.064,0.0642,0.0498,0.0016000000000000046,-0.011799999999999991,0.0554,0.047,0.04919999999999999,0.04440000000000001,0.006000000000000001,0.0292,0.008800000000000004,-0.017599999999999998,0.039
1.5834503894777168,0.0316,0.1772,0.12240000000000001,0.1432,0.07599999999999998,0.12340000000000001,0.0638,0.0916,0.0526,0.0708,0.055200000000000006,0.0576,0.000200000000000001,-0.005599999999999989,0.0508,0.05160000000000001,0.035199999999999995,0.0288,0.0019999999999999983,0.021,0.012800000000000004,-0.0334,0.019799999999999995
1.5825006061998288,0.023,0.17880000000000001,0.12300000000000001,0.1296,0.066,0.13,0.067,0.085,0.039400000000000004,0.065,0.042,0.04279999999999999,0.0016000000000000031,0.0012000000000000081,0.0374,0.03559999999999999,0.02,0.0248,-0.0013999999999999972,0.007199999999999992,0.006000000000000003,-0.0492,0.0208
1.5815317900644092,0.017200000000000003,0.1674,0.1222,0.12400000000000001,0.061,0.1252,0.0752,0.0828,0.0416,0.067,0.0404,0.0484,0.016400000000000005,-0.0046,0.0416,0.0272,0.0214,0.011599999999999997,-0.004999999999999998,0.0246,0.003400000000000003,-0.0616,0.0216
1.5805843063274359,0.0402,0.2012,0.1574,0.1444,0.09020000000000002,0.1554,0.1124,0.11120000000000001,0.069,0.09760000000000002,0.07900000000000001,0.0846,0.05540000000000001,0.02640000000000001,0.07479999999999999,0.05,0.04880000000000002,0.05380000000000002,0.0192,0.055600000000000004,0.046000000000000006,-0.031799999999999995,0.042000000000000016
1.5796178343949046,0.0376,0.2016,0.17520000000000002,0.15460000000000002,0.0882,0.1584,0.11359999999999999,0.106,0.08079999999999998,0.102,0.0726,0.0788,0.067,0.03319999999999999,0.069,0.0516,0.0396,0.0446,0.026199999999999994,0.07019999999999998,0.0484,-0.0162,0.040600000000000004
1.5786726418577413,0.0448,0.1948,0.18680000000000002,0.1664,0.0856,0.1664,0.11040000000000001,0.09259999999999999,0.0828,0.1056,0.07780000000000001,0.0716,0.0726,0.056799999999999996,0.0708,0.0644,0.030800000000000004,0.04340000000000001,0.0348,0.074,0.0526,-0.0007999999999999954,0.037200000000000004
1.5777285797898057,0.025399999999999992,0.18880000000000002,0.183,0.16179999999999997,0.0892,0.1646,0.09820000000000001,0.0832,0.064,0.1028,0.052399999999999995,0.056600000000000004,0.0584,0.0662,0.0564,0.042,0.010799999999999992,0.022199999999999987,0.032999999999999995,0.04979999999999999,0.0562,-0.008399999999999994,0.0308
1.5767655959919638,0.01279999999999999,0.18280000000000002,0.17439999999999997,0.1548,0.0896,0.1568,0.08120000000000001,0.06659999999999999,0.0404,0.09040000000000001,0.03619999999999999,0.02499999999999998,0.040600000000000004,0.06720000000000001,0.06459999999999999,0.023799999999999995,-0.002400000000000006,0.00379999999999999,0.031999999999999994,0.047599999999999996,0.049,-0.017199999999999997,0.0364
1.5758238127311315,0.030200000000000008,0.1854,0.17520000000000002,0.14179999999999998,0.109,0.1502,0.0832,0.068,0.04860000000000001,0.086,0.032799999999999996,0.021,0.061,0.06799999999999999,0.07859999999999999,0.0458,-0.0031999999999999993,0.004199999999999992,0.02,0.053200000000000004,0.047,-0.009999999999999997,0.031
1.5748631520123957,0.0222,0.1938,0.173,0.1284,0.1258,0.1392,0.0844,0.065,0.039400000000000004,0.0844,0.0326,0.0218,0.056600000000000004,0.06079999999999999,0.0598,0.048400000000000006,-0.018000000000000002,0.005600000000000003,0.019000000000000006,0.040600000000000004,0.0428,-0.0009999999999999972,0.026399999999999996
1.573923639317628,0.0132,0.1758,0.1776,0.10959999999999998,0.13140000000000002,0.12259999999999999,0.09379999999999998,0.0734,0.045000000000000005,0.08360000000000002,0.040799999999999996,0.015000000000000001,0.05439999999999998,0.0526,0.045599999999999995,0.048799999999999996,-0.017399999999999992,0.0108,0.03640000000000001,0.0368,0.03540000000000001,-0.003399999999999998,0.027799999999999995
1.5729652932819158,-0.005200000000000003,0.16540000000000002,0.16739999999999997,0.11159999999999999,0.1342,0.124,0.08499999999999999,0.07379999999999998,0.04000000000000001,0.0788,0.04219999999999999,0.023600000000000003,0.0514,0.052399999999999995,0.047200000000000006,0.0624,0.00040000000000000777,-0.0010000000000000052,0.0318,0.0446,0.04240000000000001,0.0054,0.0256
1.5720280429518632,-0.004999999999999997,0.169,0.17340000000000003,0.105,0.149,0.142,0.0686,0.0916,0.0386,0.0732,0.05339999999999998,0.014799999999999997,0.05020000000000001,0.0586,0.0418,0.061799999999999994,0.0027999999999999995,0.018800000000000008,0.028999999999999998,0.038,0.0448,0.024600000000000004,0.014199999999999997
1.5710919088766693,-0.0258,0.13939999999999997,0.155,0.08059999999999999,0.1336,0.12699999999999997,0.04360000000000001,0.0834,0.025999999999999995,0.0494,0.023,-0.020399999999999998,0.019,0.0314,0.014199999999999997,0.053200000000000004,-0.026600000000000006,-0.007000000000000004,0.0206,0.009999999999999995,0.014799999999999997,0.003,-0.013000000000000003
1.5701370071162661,-0.029,0.1286,0.145,0.0686,0.1264,0.1148,0.039,0.07540000000000001,0.015799999999999995,0.0464,0.015399999999999994,-0.023399999999999997,-0.00020000000000000521,0.017399999999999992,0.003399999999999996,0.0464,-0.014199999999999999,-0.006800000000000004,0.017799999999999996,-0.025000000000000005,0.0059999999999999975,-0.0148,-0.0214
1.5692031232204098,-0.027999999999999994,0.14939999999999998,0.14099999999999996,0.07859999999999999,0.1302,0.10779999999999999,0.047799999999999995,0.0952,0.011199999999999996,0.0446,0.008200000000000002,-0.001399999999999991,0.009200000000000007,0.019399999999999997,0.010800000000000006,0.0394,-0.018600000000000002,0.006400000000000005,0.030199999999999998,-0.024199999999999996,0.0074,-0.029999999999999995,-0.013599999999999994
1.5682505153726491,0.004400000000000008,0.16519999999999996,0.14379999999999998,0.09440000000000001,0.146,0.1114,0.060200000000000004,0.118,0.0254,0.05620000000000001,0.0332,0.011000000000000003,0.05,0.040600000000000004,0.015400000000000002,0.0512,0.006400000000000002,0.039799999999999995,0.054,0.0008000000000000042,0.0238,-0.007599999999999994,-0.003399999999999995
1.5673188735527581,0.013199999999999996,0.1694,0.15759999999999996,0.1056,0.15480000000000002,0.10699999999999998,0.06999999999999998,0.1336,0.0522,0.0564,0.05479999999999999,0.02859999999999999,0.06,0.05219999999999999,0.006399999999999994,0.05679999999999999,0.027600000000000003,0.054200000000000005,0.0676,0.0078,0.012599999999999991,0.010399999999999998,0.0005999999999999996
1.5663883379861805,-0.004200000000000001,0.14739999999999998,0.14959999999999998,0.11159999999999999,0.13,0.0974,0.061200000000000004,0.12699999999999997,0.051,0.0446,0.056799999999999996,0.005799999999999995,0.042,0.041,-0.003999999999999998,0.044,0.0344,0.047,0.06259999999999999,0.0008,0.002,0.0094,-0.0031999999999999963
1.5654391435532944,-0.0037999999999999987,0.13539999999999996,0.1616,0.12399999999999999,0.1174,0.1052,0.0564,0.12799999999999997,0.0658,0.025599999999999987,0.0654,0.014600000000000007,0.040600000000000004,0.04860000000000001,0.004600000000000003,0.0448,0.0632,0.035199999999999995,0.056600000000000004,0.018600000000000005,0.0020000000000000044,0.015,0.005200000000000005
1.56451083802266,0.010000000000000002,0.1364,0.16660000000000003,0.1422,0.1286,0.1274,0.0464,0.1148,0.0674,0.023800000000000005,0.0674,0.029800000000000004,0.0438,0.06220000000000002,0.0256,0.046800000000000015,0.07019999999999998,0.0378,0.054400000000000004,0.023,0.008600000000000003,0.038200000000000005,0.009000000000000001
1.5635836328100372,0.015799999999999998,0.1338,0.167,0.1266,0.11159999999999998,0.10859999999999999,0.030199999999999994,0.09659999999999999,0.0582,0.022999999999999993,0.054,0.013999999999999993,0.03579999999999999,0.047,0.0242,0.018199999999999987,0.0464,0.0326,0.0402,0.0228,-0.015000000000000006,0.0314,-0.009400000000000002
1.5626378334782554,0.002599999999999996,0.12940000000000002,0.165,0.1254,0.0992,0.0998,0.038799999999999994,0.0828,0.0564,0.02219999999999999,0.0516,0.0214,0.0368,0.048600000000000004,0.0198,0.011999999999999997,0.0378,0.0206,0.0444,0.022199999999999994,-0.031199999999999995,0.0316,-0.0076
1.561712846347607,0.010599999999999997,0.1324,0.16240000000000002,0.1356,0.09979999999999999,0.10579999999999999,0.0322,0.0708,0.0628,0.030199999999999998,0.0726,0.0256,0.049,0.0642,0.027000000000000003,0.010199999999999999,0.0498,0.02900000000000001,0.0484,0.0288,-0.032799999999999996,0.040600000000000004,0.0034000000000000024
1.5607889536420507,0.008799999999999997,0.1462,0.163,0.14479999999999998,0.10479999999999998,0.1242,0.03200000000000001,0.0724,0.069,0.033999999999999996,0.07479999999999998,0.0264,0.0576,0.0884,0.041,0.021,0.04020000000000001,0.0344,0.059,0.04079999999999999,-0.020999999999999998,0.0576,0.014
1.5598465312283791,0.003400000000000001,0.12039999999999998,0.1564,0.1306,0.105,0.12040000000000001,0.040400000000000005,0.0606,0.068,0.03319999999999999,0.07019999999999998,0.005799999999999996,0.0484,0.0792,0.0368,0.019199999999999995,0.044000000000000004,0.02,0.049,0.04,-0.0248,0.05319999999999999,-0.006800000000000004
1.5589248447361144,-0.003599999999999997,0.11720000000000001,0.1576,0.1384,0.10320000000000001,0.1092,0.05460000000000001,0.044,0.0684,0.013599999999999998,0.065,0.0059999999999999975,0.0324,0.074,0.0466,0.0188,0.04160000000000002,0.022800000000000008,0.0448,0.025199999999999993,-0.0308,0.041,-0.0184
1.5580042468180277,0.012000000000000004,0.1274,0.17060000000000003,0.1586,0.1166,0.12059999999999998,0.0598,0.0578,0.08220000000000001,0.026600000000000002,0.06620000000000001,0.0228,0.0484,0.0804,0.06659999999999999,0.029199999999999993,0.0436,0.042600000000000006,0.0442,0.032600000000000004,-0.005799999999999997,0.051,-0.002799999999999995
1.5570651832690834,0.010799999999999997,0.13699999999999998,0.178,0.1474,0.1222,0.12619999999999998,0.057,0.0824,0.07759999999999999,0.039200000000000006,0.0658,0.04520000000000001,0.0516,0.0892,0.0628,0.03219999999999999,0.055,0.0538,0.045,0.0414,-0.001,0.0574,0.001
1.5561467797801314,0.010000000000000002,0.151,0.17279999999999995,0.14939999999999998,0.14240000000000003,0.133,0.0738,0.0918,0.07640000000000001,0.0626,0.066,0.05360000000000001,0.0648,0.0984,0.0678,0.0412,0.0534,0.0792,0.06,0.044,0.014800000000000004,0.0638,0.007800000000000004
1.5552294590560762,-0.0035999999999999995,0.16440000000000002,0.16639999999999996,0.1576,0.1348,0.1186,0.08120000000000001,0.10940000000000001,0.08680000000000002,0.06459999999999999,0.0702,0.0504,0.0728,0.09140000000000001,0.0658,0.035,0.0508,0.07959999999999999,0.05960000000000001,0.046200000000000005,0.025600000000000008,0.06680000000000001,0.0166
1.5542937364469347,0.0088,0.16660000000000003,0.1704,0.179,0.1376,0.1222,0.1038,0.1326,0.09759999999999999,0.0714,0.0874,0.0676,0.0838,0.11159999999999999,0.07440000000000001,0.0512,0.07659999999999999,0.09340000000000001,0.0768,0.0526,0.05460000000000001,0.07759999999999999,0.0396
1.5533785984516324,0.022,0.16779999999999998,0.17420000000000002,0.188,0.1326,0.134,0.09820000000000001,0.1466,0.1062,0.07279999999999999,0.1028,0.07659999999999999,0.07859999999999999,0.12440000000000001,0.08259999999999999,0.0536,0.1062,0.09720000000000001,0.0804,0.06620000000000001,0.0712,0.081,0.048400000000000006
1.552464537453207,0.015799999999999998,0.1632,0.17179999999999998,0.178,0.1296,0.14,0.09979999999999999,0.14659999999999995,0.0948,0.0676,0.0892,0.0788,0.0736,0.1092,0.061799999999999994,0.048,0.11419999999999997,0.08880000000000002,0.07399999999999998,0.0726,0.07999999999999999,0.07759999999999999,0.048600000000000004
1.5515515515515514,0.0304,0.16700000000000004,0.179,0.17799999999999994,0.1408,0.14620000000000002,0.11559999999999998,0.1692,0.12079999999999999,0.08020000000000001,0.09599999999999999,0.09,0.09680000000000001,0.10859999999999999,0.0758,0.0506,0.1286,0.09820000000000001,0.08499999999999999,0.103,0.085,0.08380000000000001,0.054000000000000006
1.5506202480992397,0.022999999999999996,0.17019999999999996,0.1958,0.17339999999999997,0.1422,0.1376,0.1072,0.1758,0.1276,0.0844,0.0996,0.085,0.10640000000000001,0.1146,0.08,0.0592,0.13199999999999998,0.1016,0.08739999999999998,0.10640000000000001,0.0892,0.089,0.0726
1.5497094294819722,0.0015999999999999934,0.1548,0.18980000000000002,0.16179999999999997,0.12379999999999998,0.12440000000000001,0.0886,0.17399999999999996,0.11799999999999998,0.0866,0.07899999999999999,0.08059999999999999,0.09559999999999999,0.10499999999999998,0.04679999999999998,0.043,0.11579999999999999,0.0736,0.07399999999999998,0.11040000000000001,0.07440000000000001,0.07199999999999997,0.0574
1.548799680247808,-0.008,0.1482,0.1684,0.1452,0.1108,0.11499999999999999,0.08020000000000001,0.162,0.10640000000000001,0.0808,0.0676,0.0742,0.0866,0.09340000000000001,0.039200000000000006,0.0348,0.10479999999999998,0.0582,0.0722,0.097,0.0718,0.05179999999999999,0.0402
1.547890998514524,-0.005199999999999998,0.1724,0.16640000000000005,0.14859999999999998,0.1196,0.1174,0.09140000000000001,0.15739999999999998,0.11040000000000001,0.08420000000000001,0.06979999999999999,0.0746,0.0832,0.09580000000000001,0.0506,0.035800000000000005,0.09379999999999998,0.059000000000000004,0.087,0.0912,0.08220000000000001,0.04479999999999999,0.03799999999999999
1.5469640829871376,-0.009600000000000001,0.1566,0.1576,0.1378,0.10079999999999999,0.09800000000000002,0.0798,0.14539999999999997,0.1018,0.0762,0.060599999999999994,0.048600000000000004,0.0644,0.08059999999999999,0.0476,0.012599999999999995,0.07159999999999998,0.038799999999999994,0.0734,0.079,0.06019999999999999,0.035399999999999994,0.024199999999999996
1.54605755323924,-0.019200000000000005,0.139,0.138,0.11,0.0732,0.08200000000000002,0.06520000000000001,0.12159999999999997,0.08580000000000002,0.05719999999999999,0.03139999999999999,0.029199999999999993,0.0444,0.0664,0.026999999999999996,-0.011600000000000001,0.0544,0.01799999999999999,0.048599999999999983,0.0536,0.03379999999999999,0.014600000000000002,-0.002600000000000009
1.54515208533227,-0.0374,0.13839999999999997,0.1194,0.1026,0.081,0.0762,0.067,0.11999999999999998,0.076,0.04479999999999999,0.018399999999999993,0.013199999999999993,0.03819999999999999,0.0522,0.009200000000000002,-0.0114,0.02839999999999999,0.015599999999999998,0.030399999999999993,0.0482,0.0256,-0.000600000000000003,-0.0132
1.5442476774016787,-0.027199999999999988,0.15819999999999998,0.12000000000000001,0.11440000000000002,0.10479999999999998,0.08300000000000002,0.08080000000000001,0.12339999999999998,0.0836,0.06840000000000002,0.024800000000000003,0.022600000000000002,0.061799999999999994,0.054,0.009600000000000006,0.01500000000000001,0.018600000000000002,0.0272,0.05800000000000001,0.05460000000000001,0.0354,0.011000000000000012,-0.004799999999999995
1.5433251188609265,-0.0222,0.17639999999999997,0.13240000000000002,0.1178,0.1146,0.08020000000000001,0.09140000000000001,0.13639999999999997,0.097,0.07540000000000001,0.030199999999999998,0.0254,0.0634,0.0644,0.030000000000000006,0.022800000000000008,0.014600000000000004,0.045200000000000004,0.06039999999999998,0.05800000000000001,0.03459999999999999,0.014600000000000002,0.006199999999999997
1.5424228477603772,-0.0286,0.17099999999999999,0.1408,0.119,0.1196,0.06860000000000001,0.0986,0.1256,0.0736,0.06,0.0378,0.0106,0.0458,0.0634,0.027800000000000005,0.027000000000000003,0.014,0.0482,0.0574,0.046799999999999994,0.0264,0.012600000000000002,0.007400000000000002
1.5415216310293387,-0.019600000000000003,0.17259999999999998,0.1332,0.123,0.117,0.07859999999999999,0.0856,0.1134,0.0746,0.0538,0.0414,0.025399999999999995,0.041,0.053399999999999996,0.027800000000000005,0.03140000000000001,0.010600000000000002,0.066,0.0634,0.042,0.031000000000000003,0.0202,-0.0025999999999999994
1.5406214668207288,0.0036000000000000016,0.19440000000000002,0.14840000000000003,0.13119999999999998,0.13,0.0922,0.0852,0.114,0.09240000000000001,0.0668,0.06420000000000001,0.0354,0.0424,0.0616,0.0616,0.059000000000000004,0.021199999999999997,0.0878,0.0676,0.0386,0.0514,0.04,0.024000000000000004
1.5397223532917774,0.024200000000000006,0.199,0.1568,0.1362,0.1364,0.09620000000000001,0.0996,0.09580000000000001,0.1002,0.0742,0.0778,0.047799999999999995,0.04900000000000001,0.0814,0.067,0.0846,0.0248,0.0864,0.06859999999999998,0.06280000000000002,0.056799999999999996,0.0544,0.043
1.5388051922265518,0.0374,0.185,0.16599999999999998,0.1546,0.1462,0.1032,0.1016,0.07260000000000003,0.0996,0.0674,0.08159999999999999,0.0506,0.063,0.09140000000000001,0.05719999999999999,0.0876,0.0208,0.082,0.0756,0.0724,0.0502,0.045399999999999996,0.0538
1.5379081968026393,0.0536,0.19,0.16879999999999998,0.1764,0.1598,0.11680000000000001,0.11099999999999999,0.07660000000000003,0.10540000000000001,0.071,0.09240000000000001,0.0648,0.0636,0.0882,0.06019999999999999,0.0952,0.030399999999999996,0.0892,0.08280000000000001,0.086,0.05,0.0416,0.0574
1.537012246516932,0.062,0.185,0.1714,0.17939999999999998,0.17439999999999997,0.10880000000000001,0.0992,0.0694,0.0878,0.06819999999999998,0.08599999999999998,0.0716,0.057,0.07739999999999998,0.04879999999999998,0.09759999999999999,0.030399999999999996,0.07840000000000001,0.0814,0.07699999999999999,0.0438,0.03159999999999999,0.05719999999999999
1.5361173395438723,0.0654,0.18519999999999995,0.1778,0.1804,0.17319999999999997,0.11240000000000001,0.09459999999999998,0.056600000000000004,0.0874,0.08679999999999999,0.089,0.0886,0.0562,0.07679999999999998,0.06199999999999999,0.10739999999999998,0.037200000000000004,0.0808,0.0852,0.06439999999999997,0.0364,0.041,0.0662
1.5352234740621518,0.046,0.14439999999999997,0.15259999999999999,0.15439999999999998,0.14739999999999998,0.09120000000000002,0.07859999999999999,0.038200000000000005,0.075,0.0584,0.08059999999999999,0.07680000000000001,0.0292,0.053,0.0652,0.09120000000000002,0.0314,0.07300000000000001,0.0496,0.0466,0.011800000000000001,0.0248,0.0576
1.534330648254699,0.03579999999999999,0.12240000000000001,0.13140000000000002,0.1508,0.13419999999999999,0.08900000000000002,0.0644,0.024399999999999995,0.0712,0.054799999999999995,0.08580000000000002,0.0638,0.0314,0.041,0.061200000000000004,0.08240000000000001,0.030199999999999998,0.0582,0.039799999999999995,0.0364,0.0068000000000000005,0.0314,0.0534
1.5334198973597972,0.02839999999999999,0.1148,0.11059999999999999,0.1392,0.10859999999999997,0.09480000000000001,0.052399999999999995,0.013600000000000001,0.0698,0.05279999999999999,0.07339999999999998,0.0634,0.0354,0.039,0.047799999999999995,0.07640000000000001,0.016599999999999997,0.048600000000000004,0.0292,0.01939999999999999,-0.0032,0.030800000000000004,0.04440000000000001
1.532529167490607,0.018999999999999982,0.1118,0.0952,0.1268,0.1042,0.0992,0.0636,0.019600000000000003,0.060399999999999995,0.055200000000000006,0.0632,0.05099999999999999,0.023999999999999997,0.0352,0.0454,0.0606,0.008599999999999998,0.023600000000000003,0.0108,0.0192,-0.007799999999999995,0.018199999999999997,0.05000000000000001
1.5316394718314208,0.01759999999999999,0.0992,0.09480000000000001,0.12459999999999999,0.109,0.1022,0.0742,0.04440000000000001,0.05460000000000001,0.065,0.061,0.0536,0.037200000000000004,0.028399999999999998,0.03599999999999999,0.0564,0.0094,0.0288,0.0132,0.0376,-0.005599999999999993,0.0148,0.0376
1.5307508085820805,-0.004400000000000005,0.08220000000000001,0.0902,0.112,0.09939999999999997,0.09599999999999999,0.06,0.0534,0.0364,0.0554,0.048799999999999996,0.0376,0.023999999999999997,0.006799999999999999,0.023399999999999994,0.02439999999999999,-0.00040000000000000343,0.0298,0.011399999999999995,0.008799999999999994,-0.0172,0.010199999999999999,0.0228
1.5298631759466028,-0.03780000000000002,0.0638,0.0778,0.0788,0.06919999999999998,0.0886,0.0432,0.0694,0.014799999999999994,0.045,0.03459999999999999,0.03400000000000001,0.0015999999999999953,-0.015799999999999998,0.016599999999999997,0.0132,0.0008000000000000006,0.0352,-0.009200000000000005,-0.017800000000000003,-0.0228,0.012399999999999998,0.0166
1.528976572133169,-0.0654,0.0516,0.07759999999999999,0.0496,0.045200000000000004,0.0742,0.012999999999999998,0.0714,0.0024000000000000002,0.039,0.019000000000000003,0.020999999999999998,0.006,-0.009999999999999998,0.004400000000000002,-0.002200000000000004,-0.0020000000000000005,0.0322,-0.0294,-0.0436,-0.02480000000000001,0.001,0.0212
1.5280909953541104,-0.061799999999999994,0.0636,0.0788,0.046799999999999994,0.0544,0.091,0.026999999999999993,0.0862,0.016800000000000002,0.0496,0.0422,0.005199999999999992,0.008799999999999997,0.0024,0.01859999999999999,0.001399999999999995,0.011600000000000003,0.048,-0.021,-0.015999999999999997,-0.019600000000000003,0.014999999999999996,0.047200000000000006
1.5272064438258983,-0.04,0.0646,0.0948,0.047800000000000016,0.0614,0.109,0.027000000000000003,0.09559999999999999,0.0264,0.0534,0.055600000000000004,-1.7763568394002505e-18,0.013999999999999997,0.003399999999999998,0.016799999999999995,-0.0031999999999999993,0.024199999999999996,0.0554,-0.004399999999999997,0.0052000000000000015,-0.009599999999999994,0.022600000000000002,0.0704
1.5263041284064893,-0.033600000000000005,0.07759999999999999,0.1142,0.05980000000000002,0.08259999999999999,0.1172,0.0346,0.09359999999999999,0.026600000000000002,0.07300000000000001,0.060399999999999995,-0.0064,0.0198,0.0076,0.017800000000000003,-0.004799999999999999,0.044,0.0502,-0.0009999999999999983,0.021600000000000008,0.010600000000000009,0.038799999999999994,0.09020000000000002
1.5254216437648391,-0.030000000000000002,0.0854,0.12819999999999998,0.0626,0.07679999999999998,0.1014,0.0308,0.0876,0.0206,0.07440000000000001,0.0516,0.009200000000000005,0.005199999999999997,0.008799999999999997,0.006599999999999999,-0.008400000000000003,0.038200000000000005,0.03339999999999999,0.011600000000000001,0.014199999999999999,0.008399999999999998,0.0374,0.07479999999999999
1.5245401790105242,-0.026600000000000002,0.0854,0.13399999999999998,0.072,0.085,0.08159999999999999,0.023399999999999997,0.08940000000000001,0.0316,0.0756,0.054799999999999995,0.015599999999999998,-0.0032,0.0003999999999999998,0.008600000000000003,-0.012,0.029199999999999993,0.028999999999999995,0.017800000000000003,0.0108,0.0232,0.041,0.06879999999999999
1.5236597323765404,-0.012599999999999998,0.10340000000000002,0.1492,0.091,0.09,0.0716,0.024399999999999998,0.0892,0.0458,0.08160000000000002,0.0624,0.03140000000000001,-0.0026000000000000016,0.0005999999999999996,0.022000000000000006,-0.0066000000000000026,0.03319999999999999,0.0212,0.0286,0.014200000000000004,0.0312,0.06100000000000001,0.0696
1.5227803020999633,-0.006599999999999994,0.118,0.15059999999999998,0.094,0.0864,0.075,0.023,0.07540000000000001,0.0438,0.07479999999999999,0.0652,0.0332,0.0008000000000000042,0.0010000000000000013,0.039200000000000006,-0.0047999999999999935,0.032600000000000004,0.012000000000000002,0.04100000000000001,0.008200000000000004,0.045000000000000005,0.069,0.0824
1.5219018864219351,0.0036000000000000016,0.12459999999999999,0.16119999999999998,0.1108,0.1002,0.08159999999999999,0.0362,0.078,0.05240000000000001,0.0842,0.075,0.0446,0.0256,0.008800000000000002,0.0512,0.02440000000000001,0.04479999999999999,0.010600000000000004,0.039200000000000006,0.0254,0.0572,0.0668,0.099
1.5210244835876552,0.015599999999999994,0.13219999999999998,0.1568,0.11120000000000001,0.1036,0.0782,0.0434,0.0566,0.0596,0.10859999999999999,0.07479999999999998,0.0386,0.0438,0.009999999999999998,0.0554,0.02559999999999999,0.0404,-0.0017999999999999995,0.0442,0.0308,0.0598,0.060399999999999995,0.0892
1.520148091846367,0.032799999999999996,0.13140000000000002,0.16559999999999997,0.11699999999999998,0.11120000000000001,0.0782,0.0584,0.042,0.0674,0.11040000000000001,0.0724,0.045399999999999996,0.047799999999999995,0.010000000000000004,0.063,0.03439999999999999,0.04079999999999999,-0.0021999999999999984,0.04879999999999999,0.0432,0.06659999999999999,0.0746,0.08079999999999998
1.5192727094513465,0.042,0.1336,0.18559999999999996,0.12599999999999997,0.115,0.0874,0.07640000000000002,0.061399999999999996,0.0778,0.1082,0.08580000000000002,0.0768,0.07200000000000001,0.020000000000000004,0.08159999999999999,0.06620000000000001,0.0628,0.020000000000000007,0.0586,0.06,0.08479999999999999,0.085,0.0906
1.518398334659891,0.0404,0.1414,0.1978,0.14980000000000002,0.12979999999999997,0.09,0.09440000000000001,0.079,0.1016,0.1144,0.097,0.0906,0.0898,0.04560000000000001,0.1006,0.07880000000000001,0.0674,0.03800000000000001,0.0746,0.061,0.0832,0.0906,0.085
1.5175249657333072,0.027800000000000002,0.1316,0.1782,0.1452,0.10859999999999999,0.07440000000000001,0.06699999999999999,0.091,0.1002,0.1002,0.07440000000000001,0.099,0.082,0.055,0.0958,0.0704,0.038200000000000005,0.028399999999999995,0.083,0.0378,0.0654,0.06259999999999999,0.054799999999999995
1.5166526009369,0.033400000000000006,0.1426,0.1802,0.1472,0.11320000000000001,0.076,0.07840000000000001,0.0834,0.0964,0.1072,0.0838,0.1004,0.0964,0.0684,0.112,0.07799999999999999,0.043,0.039,0.08259999999999999,0.0538,0.072,0.0576,0.06720000000000001
1.5157812385399605,0.040799999999999996,0.1404,0.18280000000000002,0.1466,0.1194,0.082,0.0902,0.07659999999999999,0.09900000000000002,0.1276,0.09,0.10999999999999999,0.1124,0.08059999999999999,0.109,0.08940000000000001,0.0598,0.050600000000000006,0.084,0.0724,0.0752,0.0586,0.07879999999999998
1.514910876815755,0.030600000000000002,0.1134,0.1578,0.12059999999999998,0.10479999999999998,0.0708,0.07959999999999999,0.0674,0.08899999999999998,0.116,0.0724,0.099,0.11799999999999998,0.08120000000000001,0.0854,0.081,0.0616,0.056600000000000004,0.08020000000000001,0.0586,0.0464,0.045,0.0714
1.514041514041514,0.018600000000000002,0.0756,0.14239999999999997,0.1034,0.0864,0.04379999999999999,0.061399999999999996,0.0536,0.07939999999999997,0.08359999999999998,0.0426,0.07699999999999999,0.10279999999999999,0.0566,0.06520000000000001,0.0634,0.05419999999999999,0.0422,0.0484,0.03479999999999999,0.018999999999999993,0.020799999999999992,0.045399999999999996
1.5131731484984197,0.011800000000000001,0.0656,0.12879999999999997,0.0892,0.07219999999999997,0.027199999999999988,0.0432,0.046200000000000005,0.06519999999999998,0.060399999999999975,0.032799999999999996,0.05299999999999999,0.078,0.045200000000000004,0.05219999999999999,0.047,0.04639999999999998,0.03540000000000001,0.03599999999999999,0.018399999999999993,-0.0018000000000000043,0.012799999999999994,0.015999999999999993
1.5123057784715954,0.015799999999999998,0.07280000000000003,0.13659999999999997,0.10679999999999999,0.07479999999999996,0.032999999999999995,0.0436,0.062200000000000005,0.075,0.051,0.046200000000000005,0.0644,0.0856,0.063,0.05980000000000002,0.0526,0.0646,0.06620000000000002,0.0464,0.033,-0.009400000000000006,0.017400000000000002,0.02119999999999999
1.5114394022500945,0.022000000000000002,0.09740000000000001,0.138,0.1166,0.08159999999999999,0.04179999999999999,0.0426,0.0848,0.07799999999999999,0.06719999999999998,0.0632,0.07540000000000001,0.09480000000000002,0.0748,0.06480000000000001,0.065,0.08620000000000001,0.076,0.0648,0.05460000000000001,-0.007999999999999995,0.011000000000000003,0.0358
1.5105740181268883,0.017,0.0932,0.12479999999999998,0.11159999999999999,0.0782,0.03519999999999999,0.026600000000000006,0.07859999999999999,0.061200000000000004,0.0856,0.0428,0.06019999999999999,0.0858,0.0642,0.05079999999999999,0.05140000000000001,0.0762,0.06820000000000001,0.0724,0.039,-0.021,-0.0038,0.03599999999999999
1.5097096243988555,0.017200000000000007,0.0742,0.11780000000000002,0.0836,0.06340000000000001,0.037000000000000005,0.020000000000000007,0.06620000000000001,0.0322,0.078,0.0282,0.0658,0.07740000000000001,0.0446,0.036,0.0404,0.061,0.039,0.054200000000000005,0.0312,-0.020199999999999996,-0.008199999999999994,0.027400000000000008
1.5088462193667713,0.020399999999999995,0.09000000000000001,0.1232,0.07579999999999999,0.057,0.046400000000000004,0.0412,0.048799999999999996,0.021399999999999992,0.0722,0.0316,0.052399999999999995,0.0706,0.01939999999999999,0.021399999999999995,0.0456,0.063,0.03599999999999999,0.0404,0.017199999999999993,-0.0238,-0.0068000000000000005,0.027800000000000002
1.5079838013352953,0.016799999999999995,0.0792,0.11359999999999998,0.0804,0.0486,0.0554,0.041400000000000006,0.05939999999999999,0.0238,0.0534,0.023600000000000003,0.048799999999999996,0.057999999999999996,0.012200000000000004,0.014199999999999999,0.0434,0.06340000000000001,0.032600000000000004,0.037200000000000004,0.008799999999999994,-0.03319999999999999,-0.010999999999999998,0.028399999999999995
1.5071223686129613,0.013999999999999999,0.09359999999999999,0.11059999999999998,0.083,0.0474,0.0592,0.03540000000000001,0.0732,0.0264,0.035800000000000005,0.011599999999999997,0.0522,0.0546,0.005200000000000003,0.028000000000000008,0.041400000000000006,0.063,0.030600000000000006,0.0394,-0.0025999999999999986,-0.0376,-0.011399999999999997,0.032
1.5062619195121654,0.008399999999999994,0.102,0.1254,0.0872,0.048199999999999986,0.0698,0.0324,0.07799999999999999,0.021999999999999995,0.043,0.008799999999999994,0.0518,0.05379999999999999,0.0028000000000000017,0.031199999999999995,0.040600000000000004,0.05419999999999999,0.0352,0.04119999999999999,-0.0012000000000000047,-0.0296,-0.0166,0.0366
1.5054024523491563,-0.0006000000000000068,0.1326,0.13119999999999998,0.091,0.06759999999999998,0.0884,0.0458,0.0932,0.018199999999999997,0.068,0.0228,0.06760000000000001,0.0598,0.03440000000000001,0.030399999999999996,0.0426,0.0544,0.0504,0.0608,0.02440000000000001,-0.0248,0.0008000000000000001,0.053200000000000004
1.5045439654440225,0.0037999999999999965,0.1626,0.14479999999999998,0.1006,0.0684,0.1146,0.06999999999999998,0.10940000000000001,0.03760000000000001,0.09660000000000002,0.04900000000000001,0.09420000000000002,0.08080000000000001,0.05440000000000002,0.05100000000000002,0.0572,0.0668,0.085,0.096,0.045200000000000004,-0.005399999999999994,0.023600000000000006,0.08120000000000001
1.503686457120683,0.0206,0.16519999999999999,0.1404,0.10540000000000001,0.07959999999999999,0.12879999999999997,0.077,0.10439999999999998,0.033,0.1032,0.057,0.0902,0.0716,0.06000000000000002,0.06440000000000003,0.063,0.0574,0.061200000000000004,0.0968,0.040400000000000005,0.013200000000000007,0.039400000000000004,0.0908
1.5028299257068753,0.013399999999999999,0.1422,0.12879999999999997,0.108,0.07779999999999998,0.136,0.07859999999999999,0.092,0.0364,0.08,0.0394,0.082,0.0648,0.0484,0.060200000000000004,0.05419999999999999,0.0446,0.052399999999999995,0.1004,0.014799999999999997,0.007799999999999998,0.0458,0.08299999999999999
1.5019743695341456,0.0224,0.141,0.128,0.1166,0.07859999999999999,0.13739999999999997,0.07799999999999999,0.08059999999999999,0.0492,0.0682,0.045200000000000004,0.08979999999999999,0.069,0.0522,0.0724,0.046,0.036,0.047,0.094,0.023,0.014000000000000005,0.0536,0.07579999999999998
1.5011197869378368,0.016199999999999996,0.15320000000000003,0.1152,0.1146,0.0652,0.1352,0.0716,0.0836,0.0594,0.07640000000000001,0.0496,0.0752,0.068,0.06160000000000001,0.07940000000000001,0.0476,0.0476,0.062400000000000004,0.106,0.027,0.009000000000000001,0.0518,0.074
1.500266176257078,0.018199999999999997,0.14859999999999995,0.1256,0.11320000000000001,0.07099999999999998,0.142,0.0704,0.09499999999999999,0.0688,0.08479999999999999,0.0606,0.07699999999999999,0.0746,0.0792,0.0916,0.045,0.0416,0.07379999999999999,0.1144,0.02859999999999999,0.0027999999999999982,0.053200000000000004,0.0848
1.4994135358347742,0.035800000000000005,0.1536,0.1334,0.109,0.0798,0.1472,0.068,0.10459999999999998,0.075,0.1046,0.0654,0.0674,0.0864,0.0864,0.09800000000000002,0.0578,0.031799999999999995,0.08020000000000001,0.12199999999999998,0.0304,0.005399999999999997,0.06340000000000001,0.0842
1.498561864017596,0.0348,0.1466,0.13379999999999997,0.109,0.0864,0.15159999999999998,0.0742,0.0968,0.06919999999999998,0.11599999999999999,0.0726,0.0634,0.089,0.0964,0.09780000000000001,0.0562,0.037399999999999996,0.083,0.1264,0.0428,0.025999999999999995,0.0586,0.08680000000000002
1.4977111591559673,0.0376,0.1462,0.1326,0.1146,0.0874,0.1414,0.0818,0.0932,0.0696,0.1152,0.07079999999999999,0.0662,0.09780000000000001,0.0866,0.1018,0.067,0.0378,0.082,0.1196,0.052399999999999995,0.028799999999999992,0.060399999999999995,0.0902
1.4968794891295163,0.04719999999999999,0.13499999999999998,0.1372,0.1144,0.0968,0.14679999999999999,0.0912,0.09820000000000001,0.08159999999999998,0.12819999999999998,0.0884,0.07579999999999999,0.11560000000000002,0.0804,0.10920000000000002,0.0836,0.04379999999999999,0.0804,0.1254,0.05159999999999999,0.027599999999999986,0.06659999999999999,0.09399999999999999
1.4960306927587288,0.04,0.11159999999999999,0.14140000000000003,0.1102,0.102,0.14440000000000003,0.088,0.0872,0.0706,0.11599999999999999,0.07640000000000001,0.0762,0.10559999999999999,0.069,0.096,0.0678,0.0366,0.047799999999999995,0.11159999999999998,0.0458,0.009999999999999993,0.048199999999999986,0.087
1.4951828584520033,0.017399999999999992,0.09139999999999998,0.139,0.0906,0.0726,0.12179999999999999,0.0648,0.06319999999999999,0.050799999999999984,0.09720000000000001,0.052,0.055600000000000004,0.0854,0.0348,0.0718,0.0414,0.023199999999999995,0.02999999999999998,0.0984,0.032799999999999996,-0.017600000000000008,0.0282,0.0564
1.4943359845745963,0.013399999999999997,0.089,0.1392,0.0728,0.0616,0.10999999999999999,0.0678,0.055799999999999995,0.04779999999999999,0.1032,0.059,0.0482,0.07379999999999999,0.027800000000000005,0.06340000000000001,0.037,0.017,0.0212,0.0876,0.031999999999999994,-0.005000000000000002,0.0254,0.0508
1.4934900694954654,-0.01460000000000001,0.0814,0.1276,0.05299999999999999,0.048,0.10740000000000001,0.0688,0.047799999999999995,0.0432,0.09879999999999999,0.059,0.030600000000000002,0.0594,0.0246,0.0512,0.026999999999999993,0.005999999999999997,0.0148,0.07879999999999998,0.020999999999999994,-0.013400000000000002,0.010799999999999995,0.030599999999999992
1.4926451115872594,-0.0164,0.06960000000000001,0.1258,0.0606,0.0562,0.09040000000000001,0.0728,0.038,0.039,0.0814,0.047,0.026600000000000002,0.05500000000000001,0.010599999999999998,0.0362,0.017000000000000005,0.0014000000000000022,0.004399999999999999,0.06719999999999998,0.006999999999999995,-0.020399999999999998,0.007600000000000002,0.0212
1.4918011092263086,0.003000000000000005,0.0748,0.13079999999999997,0.0726,0.06580000000000001,0.0748,0.0896,0.038200000000000005,0.048799999999999996,0.0716,0.030999999999999993,0.03500000000000001,0.06860000000000001,0.0188,0.03239999999999999,0.033999999999999996,0.018,0.0056,0.061799999999999994,0.01699999999999999,-0.0036000000000000025,0.017400000000000002,0.021000000000000008
1.4909580607926127,-0.004799999999999995,0.0626,0.12919999999999998,0.0792,0.0782,0.06880000000000001,0.0906,0.03459999999999999,0.05080000000000002,0.055199999999999985,0.016199999999999996,0.046400000000000004,0.063,0.010199999999999999,0.0402,0.0314,0.026199999999999994,0.002399999999999999,0.0448,0.01439999999999999,0.011800000000000001,0.0206,0.028399999999999998
1.4901338717042805,-0.022600000000000002,0.0486,0.1168,0.069,0.05719999999999999,0.0476,0.08059999999999999,0.019599999999999992,0.0334,0.024799999999999992,0.0062,0.025999999999999992,0.05240000000000001,-0.011800000000000001,0.009599999999999994,0.010399999999999996,0.0202,-0.017400000000000002,0.015799999999999998,-0.008600000000000003,-0.014999999999999998,0.00519999999999999,0.00019999999999999041
1.4892927060688677,-0.016200000000000003,0.0526,0.1242,0.0716,0.0668,0.055200000000000006,0.0818,0.010999999999999996,0.0348,0.0378,0.024999999999999994,0.028399999999999998,0.05620000000000001,0.0066,0.009599999999999997,0.007800000000000001,0.027399999999999997,-0.016199999999999996,0.027600000000000017,-0.0176,-0.006000000000000001,0.0104,-0.011800000000000005
1.4884524895568252,-0.011199999999999996,0.0448,0.1176,0.06779999999999999,0.054,0.0504,0.0692,0.00040000000000000555,0.0356,0.027400000000000008,0.013,0.018600000000000002,0.0508,0.011400000000000002,0.014400000000000003,-0.0003999999999999968,0.034,-0.013599999999999994,0.025800000000000003,-0.016599999999999993,0.004400000000000004,0.008600000000000003,-0.018000000000000002
1.4876132205626538,-0.008399999999999998,0.0458,0.1024,0.0596,0.041,0.042,0.0546,-0.005399999999999999,0.0402,0.0254,-0.010600000000000004,0.010000000000000004,0.0506,0.006,0.021800000000000003,0.005800000000000001,0.029399999999999996,-0.015,0.0019999999999999905,-0.0212,0.0172,0.010399999999999994,-0.0292
1.4867748974844728,0.006000000000000003,0.06559999999999999,0.101,0.08059999999999999,0.0636,0.060200000000000004,0.07540000000000001,0.028800000000000013,0.07440000000000001,0.0366,0.0076,0.034800000000000005,0.0692,0.023600000000000006,0.041400000000000006,0.0396,0.0466,0.012400000000000007,0.007800000000000001,-0.005399999999999997,0.047200000000000006,0.021999999999999995,0.002400000000000008
1.4859375187240111,0.010000000000000002,0.084,0.092,0.0952,0.0722,0.0728,0.07959999999999999,0.0304,0.08280000000000001,0.0418,0.009800000000000005,0.0402,0.0722,0.03540000000000001,0.0512,0.0562,0.04,0.0182,0.0007999999999999998,-1.7763568394002505e-18,0.038,0.016599999999999993,-0.009000000000000005
1.4851188693933768,0.0304,0.0886,0.1028,0.1146,0.0654,0.0708,0.084,0.03540000000000001,0.08220000000000001,0.0534,0.006000000000000001,0.0616,0.076,0.037,0.0574,0.0726,0.0456,0.008999999999999996,-0.003000000000000001,0.002200000000000004,0.037,0.016999999999999998,-0.008200000000000002
1.4842833544803813,0.04240000000000001,0.0922,0.1092,0.1124,0.0512,0.08880000000000002,0.0848,0.0304,0.0838,0.06720000000000001,0.014400000000000001,0.0704,0.0772,0.0412,0.061399999999999996,0.0872,0.0344,0.016400000000000005,-0.006399999999999997,0.0182,0.0508,0.015399999999999999,-0.014
1.4834487791455815,0.0292,0.0788,0.1022,0.10940000000000001,0.04440000000000001,0.08780000000000002,0.0654,0.028000000000000004,0.07119999999999999,0.07060000000000001,0.019399999999999997,0.067,0.0556,0.023399999999999994,0.058,0.0722,0.019,0.007599999999999998,-0.005199999999999998,0.015399999999999999,0.0436,0.008199999999999999,-0.024199999999999996
1.4826151418049645,0.028800000000000003,0.08220000000000001,0.1028,0.1114,0.041400000000000006,0.09759999999999999,0.06459999999999999,0.0322,0.078,0.0896,0.03440000000000001,0.0654,0.065,0.018999999999999996,0.056400000000000006,0.0734,0.014399999999999998,0.026200000000000008,0.012400000000000007,0.015,0.047400000000000005,0.0024000000000000015,-0.024999999999999994
1.4817824408780755,0.0318,0.0864,0.1062,0.111,0.05740000000000001,0.09759999999999998,0.0596,0.049,0.09340000000000001,0.111,0.0378,0.06279999999999998,0.0696,0.0334,0.087,0.0874,0.013000000000000003,0.0376,0.026600000000000002,0.011799999999999998,0.039799999999999995,0.008199999999999997,-0.006199999999999997
1.4809683622161975,0.026199999999999994,0.0846,0.087,0.10959999999999999,0.05,0.0952,0.0502,0.055,0.1066,0.09540000000000001,0.0294,0.04599999999999999,0.0582,0.0394,0.08259999999999999,0.0844,0.0208,0.04440000000000001,0.017599999999999998,0.015399999999999999,0.034,0.00039999999999999856,0.008400000000000005
1.4801375095492744,0.027000000000000007,0.09240000000000001,0.09,0.11339999999999997,0.0514,0.1044,0.0526,0.061,0.1076,0.0938,0.0376,0.045,0.0464,0.047,0.0838,0.0858,0.029200000000000007,0.0534,0.015399999999999999,0.011000000000000003,0.04320000000000001,-0.018800000000000004,0.0224
1.4793075886093314,0.0252,0.06699999999999999,0.07820000000000002,0.10640000000000001,0.05179999999999999,0.0912,0.0436,0.064,0.09099999999999998,0.07199999999999998,0.02919999999999999,0.031999999999999994,0.019599999999999985,0.0416,0.0788,0.06019999999999999,0.0288,0.037599999999999995,0.02039999999999999,0.0001999999999999948,0.021199999999999993,-0.0292,0.012399999999999994
1.4784785978299748,0.013800000000000003,0.06520000000000001,0.08120000000000002,0.08699999999999998,0.061399999999999996,0.0814,0.04240000000000001,0.06520000000000001,0.08599999999999998,0.0746,0.014799999999999997,0.0206,0.0214,0.0562,0.0742,0.046799999999999994,0.023600000000000003,0.032199999999999986,0.006799999999999995,-0.00039999999999999503,0.008,-0.020799999999999992,0.008800000000000002
1.477668144334811,0.014399999999999998,0.0474,0.083,0.0696,0.0704,0.072,0.02839999999999999,0.0562,0.08079999999999998,0.0772,0.008999999999999996,0.023800000000000005,0.017,0.0598,0.059,0.0324,0.020999999999999998,0.022399999999999993,0.003999999999999998,0.0004000000000000038,0.010199999999999999,-0.015599999999999998,0.0248
1.4768409894834629,0.008799999999999997,0.0414,0.0864,0.0562,0.07840000000000001,0.0684,0.02759999999999999,0.0576,0.07499999999999998,0.0668,0.012199999999999996,0.0152,0.0182,0.0678,0.056600000000000004,0.0242,0.022399999999999996,0.032199999999999986,0.023200000000000005,-0.001599999999999998,0.008799999999999997,-0.013399999999999999,0.033
1.4760147601476015,-0.016,0.02659999999999999,0.09340000000000001,0.0476,0.0938,0.0564,0.019399999999999997,0.061200000000000004,0.06340000000000001,0.0522,-0.0004000000000000082,0.0152,0.011200000000000003,0.0626,0.04619999999999999,0.0054,0.017799999999999993,0.022199999999999994,0.011199999999999996,-0.007999999999999998,-0.0024,-0.014199999999999996,0.034
1.4751894547747362,-0.014599999999999997,0.0292,0.0918,0.0444,0.093,0.0634,0.033,0.0606,0.07,0.056,-0.002600000000000004,0.0188,0.024399999999999998,0.06599999999999999,0.0466,0.005800000000000001,0.022799999999999994,0.024999999999999994,0.009599999999999997,-0.0042000000000000015,0.005600000000000003,-0.015799999999999998,0.0342
1.474382602285293,-0.02159999999999999,0.019600000000000003,0.0706,0.018999999999999993,0.07899999999999999,0.056,0.0258,0.0438,0.0504,0.0386,-0.0192,0.0019999999999999957,0.0132,0.07339999999999998,0.035399999999999994,-0.009399999999999999,0.018199999999999987,0.001799999999999997,-0.005399999999999998,-0.0035999999999999995,-0.0054,-0.0218,0.0202
1.4735591206179441,-0.008399999999999998,0.0188,0.0788,0.013599999999999996,0.0724,0.0728,0.044,0.0506,0.0442,0.0456,-0.023800000000000005,0.0256,0.0007999999999999984,0.09079999999999998,0.03,-0.012399999999999996,0.019399999999999997,0.007800000000000001,0.005000000000000006,0.012400000000000001,0.0184,-0.015799999999999998,0.02660000000000001
1.4727365583096785,-0.0142,0.01,0.0788,-0.000600000000000004,0.06299999999999999,0.0642,0.0546,0.0476,0.017599999999999994,0.0432,-0.03920000000000001,0.028999999999999995,-0.011000000000000001,0.07579999999999998,0.02439999999999999,-0.024399999999999998,-0.0004000000000000066,-0.0036000000000000016,0.0018000000000000008,0.0076,0.0174,-0.027600000000000006,0.010999999999999994
1.4719149138217558,-0.0264,0.01860000000000001,0.075,-0.005599999999999999,0.0624,0.04679999999999999,0.0632,0.0414,0.006799999999999997,0.0338,-0.0444,0.02459999999999999,-0.0108,0.05679999999999999,0.0037999999999999952,-0.032999999999999995,-0.0188,-0.010799999999999995,-0.016000000000000007,0.007600000000000003,0.0017999999999999976,-0.012599999999999995,3.552713678800501e-18
1.4711116383912684,-0.039,0.0402,0.0906,-0.0074,0.0684,0.0578,0.08479999999999999,0.03979999999999999,0.018600000000000002,0.0638,-0.0256,0.02219999999999999,0.0132,0.0702,-0.006400000000000002,-0.008399999999999998,-0.0182,0.004199999999999995,-0.01,0.015399999999999999,0.017999999999999995,0.013200000000000007,0.010399999999999994
1.4702918054946228,-0.0366,0.0294,0.0912,-0.006199999999999997,0.05719999999999999,0.065,0.0882,0.018,0.0027999999999999995,0.061799999999999994,-0.012799999999999994,0.018600000000000002,0.018,0.06179999999999999,-0.019600000000000003,-0.0124,-0.023600000000000003,0.0010000000000000035,-0.0035999999999999995,0.018600000000000002,0.013799999999999995,0.010800000000000002,0.0025999999999999994
1.4694728858551385,-0.022999999999999993,0.03319999999999999,0.1032,0.006800000000000001,0.0608,0.0762,0.1192,0.031199999999999995,-0.008,0.056,-0.0166,0.017999999999999995,0.020399999999999998,0.06459999999999999,-0.0028,-0.0124,-0.012599999999999998,0.023600000000000006,-0.002399999999999999,0.0198,0.015600000000000001,0.02640000000000001,0.007600000000000004
1.4686722728887838,-0.011999999999999993,0.0424,0.0912,0.0056,0.056600000000000004,0.07499999999999998,0.11499999999999999,0.035,-0.0022,0.0646,-0.027800000000000005,0.0238,0.0029999999999999914,0.05279999999999999,-0.013000000000000003,-0.0206,-0.014199999999999999,0.012399999999999996,-0.0254,0.010199999999999996,0.008999999999999994,0.0376,0.0037999999999999983
1.467855155841235,-0.004799999999999999,0.0584,0.07859999999999999,0.009,0.0576,0.07319999999999997,0.11040000000000001,0.034800000000000005,0.0012000000000000018,0.0836,-0.026199999999999998,0.028200000000000006,0.006800000000000004,0.06799999999999999,-0.0078,-0.014,2.6645352591003758e-18,0.004999999999999997,-0.0238,0.0035999999999999995,0.0164,0.0342,0.006
1.4670389475178647,-0.016000000000000004,0.067,0.078,0.014000000000000004,0.0652,0.07979999999999997,0.11059999999999999,0.0368,-0.007599999999999998,0.084,-0.017599999999999994,0.04300000000000001,0.006,0.08079999999999998,0.0056000000000000025,-0.009599999999999996,0.004200000000000002,0.005,-0.026199999999999998,0.006199999999999998,0.015,0.032999999999999995,0.009800000000000001
1.466240983800402,-0.026,0.06579999999999998,0.09540000000000001,0.027,0.062200000000000005,0.0688,0.113,0.0396,-0.0076,0.09520000000000002,-0.0013999999999999959,0.042,0.0035999999999999977,0.08,0.003,-0.0033999999999999985,0.0009999999999999972,0.010600000000000002,-0.032,0.0013999999999999976,0.013800000000000002,0.0344,0.0154
1.4654265691291348,-0.020999999999999994,0.06179999999999999,0.0892,0.0422,0.061799999999999994,0.061,0.099,0.03560000000000001,0.0030000000000000057,0.0846,0.0015999999999999996,0.0344,0.0158,0.055999999999999994,-0.0052000000000000015,0.0030000000000000022,-0.002399999999999999,-0.005800000000000001,-0.0348,-0.0031999999999999967,0.002,0.0384,0.0158
1.4646130586790136,-0.006799999999999993,0.0836,0.10779999999999999,0.061200000000000004,0.0716,0.07400000000000001,0.111,0.046,0.0184,0.08059999999999999,0.011799999999999998,0.0492,0.027399999999999997,0.0734,0.0007999999999999986,0.013399999999999999,0.0264,0.004000000000000003,-0.024199999999999992,-0.003199999999999999,0.009000000000000001,0.0578,0.0314
1.463817731082517,-0.0017999999999999984,0.0876,0.1124,0.07579999999999999,0.0706,0.07980000000000001,0.10540000000000001,0.045,0.0206,0.09540000000000001,0.009800000000000001,0.0518,0.028,0.08120000000000001,0.023,0.0246,0.0296,-0.001,-0.004199999999999994,-0.010399999999999998,0.0048,0.061799999999999994,0.026999999999999996
1.4630060054036833,0.006799999999999999,0.08099999999999999,0.08599999999999998,0.07659999999999999,0.06439999999999997,0.071,0.08099999999999999,0.0422,0.011399999999999999,0.08159999999999999,-0.0002000000000000072,0.06259999999999999,0.018199999999999997,0.0596,0.025199999999999997,0.009399999999999993,0.019799999999999995,-0.004600000000000003,-0.005000000000000004,-0.017,-3.552713678800501e-18,0.0366,0.0298
1.4621951794726664,-0.005400000000000002,0.07299999999999998,0.067,0.07640000000000001,0.05179999999999999,0.049,0.07379999999999999,0.032999999999999995,0.0106,0.07579999999999999,-0.019800000000000005,0.0556,-0.0020000000000000018,0.0386,0.019199999999999995,0.0001999999999999956,0.01799999999999999,-0.022000000000000002,-0.02040000000000001,-0.032400000000000005,0.001,0.015399999999999994,0.02159999999999999
1.4614024749558043,-0.0258,0.0734,0.054800000000000015,0.0706,0.0376,0.0402,0.054400000000000004,0.0268,0.012199999999999999,0.077,-0.0128,0.0626,-0.0007999999999999981,0.0182,0.0037999999999999996,-0.0035999999999999995,0.022200000000000008,-0.024199999999999992,-0.026000000000000002,-0.03339999999999999,0.0028,0.005600000000000005,0.013399999999999999
1.4605934249737917,-0.0394,0.0652,0.0588,0.06899999999999999,0.05219999999999999,0.0448,0.0544,0.012400000000000001,0.014400000000000001,0.06720000000000001,-0.012800000000000004,0.0554,0.019000000000000003,0.0214,0.0007999999999999988,0.012199999999999997,0.02859999999999999,-0.0071999999999999955,-0.016399999999999998,-0.026999999999999996,0.015,0.0050000000000000044,0.019999999999999997
1.459802455764454,-0.0386,0.058,0.0632,0.064,0.047200000000000006,0.037399999999999996,0.0578,0.013400000000000004,0.007999999999999998,0.046,-0.004600000000000002,0.037399999999999996,0.011,0.004800000000000001,0.010200000000000002,0.0232,0.0318,-0.006400000000000002,-0.017,-0.04080000000000002,0.0062,0.013000000000000003,0.018199999999999997
1.4589951759030475,-0.04340000000000001,0.037399999999999996,0.0626,0.0396,0.0518,0.03,0.049400000000000006,0.019,0.012,0.027799999999999995,-0.014200000000000006,0.0188,0.0094,-0.008999999999999998,-0.00039999999999999856,0.0166,0.01939999999999999,-0.012000000000000004,-0.026800000000000008,-0.0446,-0.014600000000000004,0.008799999999999997,0.007799999999999994
1.458188788409751,-0.035,0.0476,0.0592,0.044000000000000004,0.07,0.040600000000000004,0.0688,0.0396,0.020000000000000004,0.023400000000000008,-0.0162,0.04520000000000001,0.0192,-0.0158,0.018600000000000005,0.020000000000000004,0.037399999999999996,-0.011800000000000001,-0.0216,-0.0326,-0.005399999999999999,0.0078,0.0114
1.4574004207656053,-0.035199999999999995,0.053200000000000004,0.0506,0.040400000000000005,0.081,0.043,0.0718,0.045,0.0114,0.0206,-0.013000000000000001,0.046200000000000005,0.0076,-0.008599999999999995,0.0224,0.013400000000000002,0.0496,-0.0011999999999999995,-0.030600000000000002,-0.026799999999999994,-0.0025999999999999994,0.007800000000000004,0.0018000000000000008
1.45659579466698,-0.03379999999999999,0.043,0.0526,0.029199999999999997,0.0778,0.052399999999999995,0.0726,0.0438,0.022000000000000006,0.030199999999999994,-0.009800000000000003,0.0522,0.006799999999999998,-0.019199999999999995,0.033,0.0216,0.038200000000000005,-0.0001999999999999966,-0.0294,-0.0208,-0.0021999999999999984,0.010000000000000004,-0.008599999999999998
1.4558091481168405,-0.052000000000000005,0.0296,0.02079999999999998,0.006399999999999997,0.0718,0.05,0.06559999999999999,0.02719999999999999,0.0188,0.0212,-0.0164,0.0536,-0.007000000000000002,-0.0352,0.0156,0.008199999999999999,0.037399999999999996,-0.0008000000000000006,-0.0474,-0.024,0.0022,-0.0015999999999999988,-0.010199999999999999
1.4550062776480528,-0.062400000000000004,0.038,0.03419999999999999,0.020600000000000004,0.08220000000000001,0.062,0.09540000000000003,0.03319999999999999,0.032799999999999996,0.024399999999999998,-0.0044,0.054,-0.0082,-0.027,0.021000000000000005,0.012599999999999998,0.0504,0.0033999999999999963,-0.0376,-0.0208,0.0106,0.015000000000000001,-0.013800000000000002
1.4542042922481528,-0.03979999999999999,0.06659999999999999,0.053399999999999996,0.028800000000000003,0.09480000000000001,0.09459999999999999,0.10200000000000001,0.058,0.045399999999999996,0.027199999999999995,0.013599999999999996,0.0832,0.0052000000000000015,-0.009999999999999997,0.032600000000000004,0.022000000000000002,0.07099999999999998,0.029199999999999997,-0.006599999999999992,-0.008399999999999994,0.025000000000000005,0.0346,0.0014000000000000048
1.453420225983403,-0.0396,0.0742,0.06559999999999999,0.032400000000000005,0.0892,0.09240000000000001,0.0902,0.065,0.0418,0.0362,0.0232,0.0692,0.012800000000000002,-0.0011999999999999984,0.042,0.012599999999999998,0.07920000000000002,0.0184,0.018600000000000012,-0.004399999999999996,0.0268,0.027,0.007000000000000004
1.4526199875824422,-0.02459999999999999,0.0892,0.0868,0.045000000000000005,0.09240000000000001,0.10099999999999999,0.09820000000000001,0.0854,0.04,0.0464,0.04860000000000001,0.07579999999999999,0.0128,0.005400000000000001,0.0644,0.017600000000000008,0.09380000000000001,0.032600000000000004,0.0242,0.017000000000000008,0.04240000000000001,0.027000000000000003,0.02360000000000001
1.451837628352984,-0.019999999999999993,0.08979999999999999,0.081,0.0446,0.08419999999999997,0.11079999999999998,0.11,0.0864,0.046400000000000004,0.0476,0.0416,0.0814,0.013799999999999996,0.017,0.06,0.01720000000000001,0.0978,0.0436,0.039799999999999995,0.0384,0.0498,0.026,0.0228
1.45103913124883,-0.0214,0.0902,0.049999999999999996,0.05379999999999999,0.05779999999999999,0.1102,0.11179999999999998,0.07459999999999999,0.04119999999999999,0.0538,0.0394,0.07959999999999999,0.0128,0.010199999999999994,0.0546,0.015999999999999997,0.10840000000000001,0.055600000000000004,0.05279999999999999,0.0458,0.0702,0.0324,0.0286
1.4502584734860005,-0.033,0.0778,0.0436,0.045599999999999995,0.033600000000000005,0.10779999999999999,0.0912,0.053399999999999996,0.023600000000000003,0.0444,0.02419999999999999,0.0706,-3.996802888650563e-18,-0.0012000000000000047,0.046200000000000005,0.0009999999999999992,0.0958,0.0642,0.04339999999999999,0.031199999999999995,0.056799999999999996,0.0384,0.0258
1.4494617120013091,-0.047,0.07799999999999999,0.0476,0.044,0.0202,0.10740000000000001,0.08779999999999999,0.03479999999999999,0.0256,0.03979999999999999,0.034199999999999994,0.0742,0.0003999999999999946,-0.0216,0.040600000000000004,-0.0058000000000000005,0.0772,0.0516,0.0384,0.0202,0.0572,0.02659999999999999,0.038
1.4486658255058646,-0.055600000000000004,0.07779999999999998,0.032999999999999995,0.0616,0.0272,0.1004,0.0862,0.03379999999999999,0.033000000000000015,0.039200000000000006,0.054,0.062200000000000005,0.000999999999999999,-0.013599999999999994,0.046400000000000004,-0.0019999999999999944,0.0728,0.05859999999999999,0.042600000000000006,0.03840000000000001,0.0554,0.0246,0.0518
1.4478877186427221,-0.03339999999999999,0.08299999999999999,0.06420000000000002,0.09440000000000003,0.04060000000000001,0.1178,0.107,0.0574,0.0626,0.043,0.0798,0.060599999999999994,0.0252,0.016600000000000007,0.0752,0.03040000000000001,0.0814,0.0724,0.0578,0.059000000000000004,0.068,0.04800000000000001,0.0694
1.4470935592666503,-0.010199999999999994,0.07940000000000001,0.0722,0.0928,0.040799999999999996,0.10899999999999999,0.0942,0.060399999999999995,0.0594,0.0442,0.09140000000000001,0.0738,0.0376,0.033800000000000004,0.0732,0.055799999999999995,0.0856,0.07979999999999998,0.0492,0.065,0.0626,0.055799999999999995,0.06859999999999998
1.446317140024494,-0.026999999999999996,0.0512,0.05999999999999999,0.09079999999999999,0.038799999999999994,0.0804,0.09079999999999999,0.047,0.0604,0.0338,0.07759999999999999,0.0538,0.024999999999999998,0.0238,0.06479999999999998,0.0456,0.06499999999999999,0.061399999999999996,0.030199999999999994,0.04,0.047799999999999995,0.0376,0.054
1.4455247021519666,-0.021,0.05560000000000001,0.055999999999999994,0.09380000000000001,0.055799999999999995,0.09459999999999999,0.118,0.0546,0.0758,0.029000000000000005,0.0676,0.0752,0.023399999999999997,0.032400000000000005,0.078,0.06319999999999999,0.05959999999999999,0.08220000000000001,0.007399999999999997,0.041400000000000006,0.0544,0.0376,0.057399999999999986
1.4447499650463718,-0.03819999999999999,0.05940000000000001,0.0516,0.09680000000000001,0.056,0.1004,0.126,0.0588,0.0862,0.0272,0.0636,0.0836,0.0312,0.04440000000000001,0.07980000000000001,0.0632,0.048600000000000004,0.08220000000000001,0.0009999999999999996,0.030600000000000002,0.046,0.04020000000000001,0.06
1.4439592430858808,-0.051,0.06420000000000001,0.039,0.1044,0.0578,0.08999999999999998,0.10779999999999999,0.048799999999999996,0.09140000000000001,0.0248,0.0642,0.098,0.039799999999999995,0.0436,0.06539999999999997,0.053200000000000004,0.031999999999999994,0.0804,-0.010400000000000003,0.03,0.0364,0.032600000000000004,0.062400000000000004
1.4431861826561607,-0.026999999999999993,0.08220000000000001,0.0688,0.1306,0.08220000000000001,0.09999999999999999,0.1044,0.06580000000000001,0.1038,0.046799999999999994,0.09259999999999999,0.115,0.06760000000000001,0.0682,0.07940000000000001,0.062,0.0348,0.09,0.013400000000000009,0.040000000000000015,0.0328,0.050600000000000006,0.0724
1.4423971710403871,-0.008199999999999997,0.09440000000000001,0.07,0.1376,0.09779999999999998,0.0984,0.1022,0.0696,0.12299999999999998,0.0608,0.112,0.1088,0.0808,0.0958,0.07579999999999998,0.0684,0.040600000000000004,0.092,0.0362,0.052000000000000005,0.037,0.05500000000000001,0.061399999999999996
1.4416257818494664,0.010000000000000002,0.10220000000000001,0.08159999999999999,0.14079999999999998,0.1178,0.10959999999999999,0.1176,0.0932,0.13620000000000002,0.0762,0.106,0.118,0.101,0.1218,0.08220000000000001,0.07779999999999998,0.0586,0.1156,0.039,0.07440000000000001,0.0374,0.069,0.0562
1.4408384750351495,0.023600000000000003,0.109,0.095,0.13939999999999997,0.119,0.108,0.1124,0.1098,0.139,0.0864,0.09179999999999999,0.1262,0.1144,0.1138,0.0736,0.0818,0.0632,0.101,0.0296,0.0598,0.038800000000000015,0.078,0.062
1.4400687516694344,0.022,0.1012,0.0788,0.12099999999999998,0.1006,0.0836,0.1024,0.11159999999999999,0.11959999999999998,0.08120000000000001,0.0824,0.12040000000000001,0.1046,0.1014,0.06420000000000001,0.054,0.057,0.07599999999999998,0.025199999999999997,0.0554,0.025,0.058,0.0418
1.4392998502663865,0.023399999999999997,0.10540000000000001,0.07940000000000001,0.11979999999999996,0.1038,0.081,0.10179999999999999,0.1124,0.12799999999999997,0.088,0.07440000000000001,0.1138,0.104,0.0948,0.0632,0.037399999999999996,0.059,0.0756,0.03219999999999999,0.065,0.033,0.0474,0.046
1.4385150812064966,0.021199999999999993,0.1166,0.07279999999999999,0.11999999999999998,0.09620000000000001,0.0698,0.09439999999999998,0.1134,0.11999999999999998,0.09040000000000001,0.07299999999999998,0.10859999999999999,0.11059999999999999,0.09620000000000001,0.05879999999999999,0.0344,0.07079999999999999,0.07740000000000001,0.031999999999999994,0.08099999999999999,0.024199999999999992,0.048600000000000004,0.055
1.4377478375808732,0.0198,0.1034,0.0594,0.1166,0.0686,0.028599999999999987,0.07019999999999998,0.08539999999999998,0.09879999999999997,0.07859999999999999,0.0676,0.0762,0.1026,0.0698,0.03159999999999999,0.018999999999999993,0.0594,0.0466,0.02619999999999999,0.06819999999999998,-0.001200000000000003,0.0438,0.0438
1.4369647595981134,0.024,0.07659999999999999,0.03219999999999999,0.08979999999999998,0.049,0.015,0.0516,0.05099999999999999,0.08319999999999997,0.0636,0.04519999999999999,0.04479999999999999,0.0886,0.035399999999999994,-0.003400000000000002,-0.003000000000000002,0.051,0.019600000000000003,0.0198,0.055999999999999994,-0.0202,0.026999999999999993,0.015999999999999997
1.4361991683943525,0.025999999999999992,0.06459999999999999,0.037,0.08179999999999998,0.0582,0.0202,0.0484,0.06659999999999999,0.07959999999999998,0.0684,0.0608,0.030599999999999992,0.086,0.02859999999999999,-0.004799999999999999,-0.0024000000000000002,0.0574,0.016000000000000004,0.022999999999999993,0.056399999999999985,-0.0184,0.027800000000000002,0.010999999999999994
1.4354177760285232,0.009199999999999998,0.053399999999999996,0.044000000000000004,0.0714,0.04440000000000001,0.012399999999999993,0.0444,0.061799999999999994,0.07219999999999997,0.052,0.059000000000000004,0.0252,0.0648,0.0308,-0.013799999999999996,-0.004199999999999996,0.05940000000000001,0.011600000000000004,0.016800000000000006,0.0544,-0.015599999999999994,0.0246,0.009399999999999999
1.4346538319141058,-0.010800000000000006,0.058,0.0522,0.066,0.04700000000000001,0.023999999999999997,0.054200000000000005,0.0722,0.07939999999999997,0.048600000000000004,0.0608,0.033800000000000004,0.0624,0.0232,-0.0031999999999999906,0.016200000000000013,0.07600000000000001,-0.0031999999999999993,0.0296,0.0628,-0.004999999999999996,0.03,0.0324
1.433890700524989,-0.020399999999999998,0.0426,0.0604,0.0688,0.0364,0.019600000000000003,0.0432,0.0734,0.07440000000000001,0.0344,0.0624,0.018199999999999997,0.05279999999999999,0.014399999999999998,0.0028000000000000078,0.018000000000000006,0.0714,-0.013399999999999999,0.0416,0.0572,-0.0001999999999999938,0.034199999999999994,0.030199999999999994
1.4331118173938169,-0.03439999999999999,0.02859999999999999,0.0514,0.0424,0.020399999999999998,0.0182,0.037399999999999996,0.0484,0.0466,0.010999999999999996,0.0616,0.0045999999999999965,0.028799999999999992,0.007199999999999996,-0.009400000000000004,-0.008400000000000006,0.061399999999999996,-0.017,0.040799999999999996,0.061200000000000004,-0.014200000000000003,0.010799999999999995,0.02
1.432350325166626,-0.041,0.0354,0.0736,0.045399999999999996,0.0376,0.0338,0.036,0.056,0.0484,0.0033999999999999985,0.0628,0.019399999999999997,0.03119999999999999,0.0036000000000000008,-0.017399999999999995,0.01040000000000001,0.06060000000000001,0.006800000000000004,0.0538,0.055799999999999995,-0.016799999999999995,0.009,0.0342
1.431573114133321,-0.048,0.04300000000000001,0.0734,0.0592,0.038,0.053200000000000004,0.03319999999999999,0.0854,0.053200000000000004,0.0016000000000000014,0.07379999999999999,0.0252,0.027999999999999997,0.01960000000000001,-0.006599999999999992,0.020200000000000006,0.05940000000000001,0.026200000000000008,0.06620000000000001,0.0654,-0.014999999999999998,0.0184,0.0404
1.430813255792486,-0.030599999999999992,0.0426,0.0814,0.0544,0.04,0.0664,0.0318,0.10940000000000001,0.055200000000000006,0.015200000000000007,0.0882,0.037,0.0286,0.0224,-0.006200000000000007,0.038200000000000005,0.06060000000000001,0.034199999999999994,0.0778,0.0708,-0.001,0.020999999999999998,0.0338
1.430054203667397,-0.019199999999999995,0.0464,0.09340000000000001,0.0632,0.0626,0.08739999999999998,0.03379999999999999,0.12340000000000001,0.06599999999999999,0.0224,0.0912,0.054,0.027199999999999995,0.0316,0.003,0.0424,0.07080000000000002,0.045399999999999996,0.1024,0.083,0.017200000000000003,0.029,0.043
1.4292794817709233,-0.019399999999999997,0.0704,0.1174,0.0928,0.0834,0.08779999999999999,0.03379999999999999,0.155,0.07540000000000001,0.05180000000000002,0.11579999999999999,0.0856,0.0412,0.06,0.0368,0.056600000000000004,0.08100000000000002,0.0638,0.10679999999999998,0.1066,0.039200000000000006,0.0608,0.0684
1.4285220556893194,-0.013400000000000004,0.0798,0.129,0.10559999999999999,0.07640000000000001,0.08599999999999998,0.05099999999999999,0.15919999999999998,0.06559999999999999,0.0506,0.1044,0.09459999999999999,0.047799999999999995,0.055799999999999995,0.053399999999999996,0.0576,0.0878,0.0624,0.10199999999999998,0.09779999999999998,0.044,0.0688,0.07659999999999999
1.427748992515832,-0.0007999999999999966,0.0858,0.1346,0.10740000000000001,0.0848,0.0746,0.0698,0.1662,0.07559999999999999,0.0464,0.09620000000000001,0.0876,0.0502,0.044,0.05079999999999999,0.0694,0.08539999999999998,0.06719999999999998,0.0856,0.08419999999999997,0.043,0.060399999999999995,0.0734
1.4269931872583317,0.010599999999999998,0.07999999999999999,0.12,0.11059999999999999,0.0798,0.0514,0.0664,0.15739999999999998,0.054,0.02959999999999999,0.07379999999999999,0.068,0.0366,0.0326,0.028999999999999995,0.055200000000000006,0.07099999999999998,0.074,0.05879999999999999,0.0706,0.02459999999999999,0.0426,0.0586
1.4262381817763568,0.010999999999999998,0.0876,0.1,0.10940000000000001,0.0746,0.042,0.0668,0.1346,0.04900000000000001,0.0378,0.0616,0.0692,0.027399999999999997,0.03200000000000001,0.013199999999999996,0.0638,0.068,0.0688,0.0594,0.0658,0.021,0.0364,0.06
1.4254675878559357,0.012599999999999998,0.10079999999999999,0.08839999999999998,0.1174,0.0818,0.041,0.07640000000000001,0.144,0.0566,0.051,0.055799999999999995,0.06719999999999998,0.032799999999999996,0.04040000000000001,0.015799999999999998,0.0698,0.06299999999999999,0.0642,0.0538,0.0628,0.03359999999999999,0.0578,0.054200000000000005
1.4247141954386167,0.024,0.10199999999999998,0.07959999999999998,0.107,0.07479999999999999,0.03439999999999999,0.069,0.13440000000000002,0.056600000000000004,0.0514,0.0352,0.0536,0.024199999999999996,0.04200000000000001,0.008799999999999995,0.0484,0.0636,0.04879999999999999,0.021199999999999997,0.059,0.0366,0.0634,0.0444
1.423961598971073,0.0202,0.085,0.06919999999999998,0.08680000000000002,0.0586,0.0182,0.059,0.09599999999999999,0.0504,0.0484,0.014999999999999996,0.03279999999999999,0.029199999999999997,0.019600000000000003,-0.0006000000000000015,0.038799999999999994,0.0594,0.03119999999999999,-0.005200000000000003,0.031799999999999995,0.019999999999999993,0.061,0.035399999999999994
1.423193462491966,0.015,0.08020000000000001,0.0624,0.0832,0.0514,0.02,0.06779999999999999,0.0756,0.0544,0.0412,0.013799999999999996,0.027399999999999997,0.029399999999999996,0.019,0.023200000000000005,0.038,0.056600000000000004,0.031199999999999988,-0.017200000000000003,0.038799999999999994,0.021199999999999997,0.05859999999999999,0.0492
1.4224424713790809,-0.002000000000000001,0.0578,0.051,0.0706,0.032799999999999996,0.016799999999999995,0.06199999999999999,0.06599999999999999,0.04219999999999999,0.028399999999999998,0.007199999999999996,0.018999999999999996,0.013199999999999993,0.0184,0.016199999999999996,0.038,0.0476,0.024999999999999998,-0.0366,0.013799999999999993,0.0076,0.03519999999999999,0.0396
1.4216922724145837,0.004200000000000001,0.046799999999999994,0.036,0.0592,0.015600000000000001,0.0003999999999999966,0.06699999999999999,0.052599999999999994,0.035399999999999994,0.0132,-0.005199999999999997,0.0088,0.004200000000000001,0.016600000000000007,0.005400000000000004,0.0362,0.0402,0.025800000000000003,-0.040600000000000004,-0.0035999999999999977,-0.004399999999999998,0.011599999999999994,0.0222
1.4209265816402536,0.019200000000000005,0.0456,0.027600000000000006,0.057600000000000005,0.01880000000000001,0.006200000000000004,0.0578,0.0428,0.042,0.0222,-0.0003999999999999994,0.007600000000000005,0.003,0.0272,0.009400000000000002,0.035399999999999994,0.0458,0.038799999999999994,-0.0316,0.010800000000000004,0.010400000000000005,0.013200000000000002,0.0214
1.4201779803694754,0.0162,0.029199999999999997,0.0007999999999999971,0.0376,0.007,0.012600000000000002,0.03139999999999999,0.0216,0.0228,0.017999999999999995,-0.016800000000000002,-0.0010000000000000018,-0.015600000000000003,0.0222,0.013399999999999999,0.0037999999999999918,0.0384,0.029,-0.0386,0.015,0.006999999999999997,0.011800000000000001,0.015199999999999998
1.4194301674698657,0.011999999999999999,0.016999999999999994,0.0015999999999999975,0.019599999999999992,-0.0056,0.008199999999999995,0.032799999999999996,0.012399999999999998,0.033,0.017599999999999994,-0.0044,0.0064,-0.017200000000000003,0.028,0.0208,-0.018000000000000006,0.030999999999999993,0.025999999999999995,-0.0458,0.011799999999999998,-0.002600000000000012,0.002999999999999991,0.014999999999999996
1.4186831416966994,0.004799999999999997,0.009,-0.0006,0.0011999999999999975,-0.010799999999999997,0.0064,0.018600000000000002,-0.004400000000000004,0.0232,0.006799999999999998,-0.0014000000000000022,0.013600000000000001,-0.0214,0.0316,0.026399999999999996,-0.039,0.02459999999999999,0.0282,-0.052,0.010800000000000004,-0.0182,-0.0166,0.007599999999999998
1.4179206879202306,0.009800000000000001,0.014000000000000005,0.0176,0.0166,0.007400000000000008,0.020800000000000006,0.0078,-0.008399999999999994,0.038799999999999994,0.015800000000000005,0.012600000000000002,0.024399999999999998,-0.0011999999999999932,0.04320000000000001,0.0416,-0.015599999999999987,0.038799999999999994,0.039,-0.034199999999999994,0.015600000000000001,-0.012599999999999997,-0.018199999999999997,0.023000000000000003
1.4171752497199936,0.0268,0.026200000000000008,0.03900000000000001,0.051000000000000004,0.03200000000000001,0.040400000000000005,0.023400000000000008,0.011000000000000008,0.0572,0.03640000000000001,0.05200000000000001,0.05240000000000001,0.02240000000000001,0.06580000000000001,0.065,0.019000000000000006,0.0648,0.0592,0.010800000000000011,0.033800000000000004,0.015800000000000005,0.0006000000000000101,0.06180000000000002
1.4164305949008498,0.0358,0.039200000000000006,0.0508,0.0742,0.047,0.0572,0.0442,0.0222,0.0528,0.0456,0.0724,0.0762,0.0292,0.0782,0.0722,0.030600000000000006,0.07640000000000001,0.0648,0.017199999999999997,0.0516,0.0426,0.0026000000000000016,0.07
1.415670559760706,0.0426,0.047200000000000006,0.0608,0.0862,0.056600000000000004,0.0668,0.040799999999999996,0.028800000000000003,0.0514,0.0508,0.062200000000000005,0.08779999999999999,0.033600000000000005,0.083,0.0648,0.019199999999999995,0.08679999999999999,0.07759999999999999,0.0252,0.038,0.0422,0.017999999999999995,0.0584
1.4149274849663955,0.0432,0.0668,0.068,0.08399999999999999,0.0674,0.08020000000000001,0.053399999999999996,0.0482,0.054200000000000005,0.06219999999999999,0.0576,0.0992,0.0608,0.0836,0.0684,0.0224,0.09279999999999998,0.07779999999999998,0.03219999999999999,0.04679999999999999,0.0504,0.0496,0.0546
1.4141851898315523,0.046200000000000005,0.0594,0.0704,0.07659999999999999,0.07440000000000001,0.09820000000000001,0.054799999999999995,0.06700000000000002,0.056600000000000004,0.062200000000000005,0.045200000000000004,0.10840000000000001,0.06459999999999999,0.0716,0.07080000000000002,0.0272,0.0874,0.06679999999999998,0.048,0.0466,0.056,0.0546,0.05179999999999999
1.413443673129752,0.033,0.067,0.0824,0.09079999999999999,0.0942,0.1164,0.0606,0.0824,0.08080000000000001,0.06620000000000001,0.0426,0.1102,0.0628,0.07440000000000001,0.07780000000000001,0.035,0.08059999999999999,0.0698,0.0538,0.044,0.0508,0.0528,0.05920000000000001
1.4126868392271237,0.032600000000000004,0.0836,0.0978,0.10359999999999998,0.1194,0.1294,0.08059999999999999,0.098,0.0968,0.0836,0.0506,0.1346,0.0782,0.0832,0.09359999999999999,0.062200000000000005,0.09440000000000001,0.07199999999999998,0.07440000000000001,0.051,0.054200000000000005,0.0644,0.07379999999999999
1.4119468925781695,0.0364,0.0838,0.097,0.1164,0.13279999999999997,0.1488,0.0742,0.1036,0.1012,0.08159999999999999,0.0492,0.1482,0.0874,0.07979999999999998,0.0842,0.0838,0.0984,0.0648,0.0732,0.0446,0.0674,0.088,0.0832
1.4112077206719171,0.052000000000000005,0.103,0.115,0.12999999999999998,0.1466,0.14759999999999998,0.1032,0.13440000000000002,0.1128,0.09859999999999998,0.06520000000000001,0.15880000000000002,0.0988,0.08059999999999999,0.0888,0.1092,0.101,0.06779999999999999,0.07959999999999999,0.0446,0.07940000000000001,0.10839999999999998,0.10379999999999999
1.4104693222922402,0.05740000000000001,0.0928,0.11879999999999999,0.1232,0.13699999999999998,0.1398,0.11819999999999997,0.1504,0.1108,0.1022,0.0702,0.163,0.0874,0.069,0.0866,0.1028,0.097,0.07659999999999997,0.07499999999999998,0.04119999999999999,0.079,0.1032,0.09620000000000001
1.409731696225557,0.028199999999999996,0.0658,0.0974,0.07299999999999998,0.11320000000000001,0.1218,0.09699999999999999,0.1292,0.088,0.09440000000000001,0.0422,0.135,0.06459999999999999,0.0376,0.077,0.0668,0.06599999999999999,0.0494,0.0498,0.014799999999999995,0.054,0.0698,0.059
1.4089788312293339,0.02259999999999999,0.05779999999999999,0.09079999999999998,0.051,0.1114,0.11380000000000001,0.09179999999999999,0.13599999999999998,0.094,0.0922,0.038400000000000004,0.133,0.067,0.0386,0.09359999999999999,0.06340000000000001,0.054799999999999995,0.0458,0.051,0.0033999999999999985,0.0502,0.059,0.0628
1.4082427628814465,-0.002400000000000007,0.046599999999999996,0.09359999999999999,0.03579999999999999,0.11259999999999999,0.10720000000000002,0.07999999999999999,0.1294,0.0888,0.07719999999999998,0.0366,0.119,0.066,0.03319999999999999,0.095,0.0624,0.037599999999999995,0.022999999999999993,0.0358,0.0132,0.0442,0.052,0.05379999999999998
1.407507463194815,-0.009000000000000005,0.044,0.09280000000000001,0.0384,0.10879999999999998,0.092,0.07060000000000001,0.1152,0.091,0.06659999999999999,0.038599999999999995,0.11039999999999997,0.0486,0.030999999999999993,0.09639999999999997,0.0628,0.029399999999999996,0.0268,0.03159999999999999,0.0172,0.03579999999999999,0.039400000000000004,0.0544
1.4067729309660217,-0.015400000000000002,0.04499999999999999,0.094,0.0512,0.112,0.0916,0.0772,0.093,0.09280000000000001,0.059,0.040999999999999995,0.0912,0.0508,0.038200000000000005,0.0856,0.056600000000000004,0.023999999999999997,0.039799999999999995,0.02260000000000001,0.026199999999999994,0.0376,0.03640000000000001,0.049
1.4060391649941604,-0.007799999999999995,0.053,0.09580000000000001,0.04240000000000001,0.1002,0.08159999999999999,0.0874,0.087,0.07500000000000001,0.05660000000000001,0.0504,0.08239999999999997,0.0604,0.042,0.0824,0.052,0.025,0.0308,0.014399999999999998,0.034,0.026999999999999993,0.05080000000000002,0.044000000000000004
1.405290237766042,-0.03520000000000001,0.0404,0.0722,0.031999999999999994,0.08480000000000001,0.061,0.0676,0.0706,0.063,0.052000000000000005,0.04159999999999999,0.061200000000000004,0.0576,0.026199999999999994,0.07179999999999999,0.02959999999999999,-0.0006000000000000049,0.0224,-0.009000000000000005,0.0268,0.011399999999999992,0.0386,0.016799999999999985
1.4045580173077794,-0.038200000000000005,0.037200000000000004,0.0762,0.0402,0.07679999999999998,0.0598,0.06919999999999998,0.0624,0.06860000000000001,0.062400000000000004,0.03179999999999998,0.04979999999999999,0.061200000000000004,0.024399999999999998,0.07659999999999997,0.011799999999999993,-0.0052000000000000015,0.025399999999999995,-0.004200000000000003,0.038799999999999994,0.012999999999999989,0.019399999999999994,-0.0024000000000000037
1.4038265594928112,-0.0384,0.03540000000000001,0.06479999999999998,0.0456,0.0844,0.07980000000000001,0.055399999999999984,0.06420000000000001,0.071,0.0646,0.019199999999999995,0.031999999999999994,0.0718,0.0264,0.06299999999999997,-0.006799999999999999,0.011600000000000008,0.0246,-0.003999999999999995,0.0404,0.009199999999999991,0.013399999999999999,-0.014599999999999998
1.4030958631302617,-0.040799999999999996,0.0352,0.0628,0.054400000000000004,0.0814,0.07759999999999999,0.04240000000000001,0.0456,0.0658,0.0586,0.016799999999999995,0.0298,0.07859999999999999,0.033400000000000006,0.048999999999999995,-0.017799999999999996,0.019600000000000006,0.017,-0.0075999999999999965,0.0362,0.006999999999999995,0.018,-0.017199999999999997
1.4023659270317341,-0.0378,0.044000000000000004,0.0724,0.0872,0.0768,0.07300000000000001,0.0576,0.0354,0.0626,0.0496,0.0222,0.035399999999999994,0.09059999999999999,0.045200000000000004,0.0384,-0.0188,0.03540000000000001,0.038799999999999994,-0.006799999999999997,0.0504,0.004399999999999997,0.0352,-0.010599999999999998
1.4016367500113036,-0.0518,0.0412,0.07099999999999998,0.088,0.085,0.061399999999999996,0.060399999999999995,0.026,0.0604,0.0368,0.0206,0.017199999999999997,0.086,0.0492,0.0222,-0.01859999999999999,0.0364,0.046799999999999994,-0.0026000000000000016,0.0736,-0.009200000000000002,0.0464,-0.0178
1.400892504095351,-0.0444,0.051000000000000004,0.06699999999999999,0.0854,0.07640000000000001,0.0586,0.0756,0.0288,0.0654,0.0446,0.02159999999999999,0.028800000000000003,0.08940000000000001,0.0522,0.0252,-0.010200000000000002,0.027799999999999995,0.0574,0.021000000000000005,0.0642,-0.0031999999999999993,0.0592,-0.0049999999999999975
1.4001648581203916,-0.02959999999999999,0.054200000000000005,0.0694,0.098,0.0896,0.0676,0.08080000000000001,0.040600000000000004,0.08059999999999999,0.0544,0.0424,0.04440000000000001,0.10839999999999998,0.0626,0.034800000000000005,-0.008199999999999999,0.022199999999999994,0.05,0.025199999999999997,0.0704,0.0027999999999999987,0.0684,0.002600000000000003
1.3994379676549256,-0.01919999999999999,0.0528,0.0678,0.0986,0.095,0.0638,0.06179999999999999,0.0546,0.0732,0.0574,0.055,0.0496,0.09279999999999998,0.04779999999999999,0.0424,-0.005599999999999998,0.0324,0.028199999999999996,0.011599999999999997,0.0668,0.0014000000000000009,0.05319999999999999,0.009800000000000003
1.398711831522904,-0.018999999999999996,0.04200000000000001,0.06,0.09459999999999999,0.08979999999999998,0.0574,0.05360000000000001,0.045399999999999996,0.077,0.054,0.0606,0.05880000000000002,0.07699999999999999,0.046200000000000005,0.035,-0.004199999999999997,0.0374,0.0402,0.014399999999999998,0.068,0.011400000000000002,0.04379999999999999,0.0010000000000000013
1.3979864485507165,-0.000400000000000003,0.0458,0.07540000000000001,0.09259999999999999,0.0752,0.0732,0.0564,0.0588,0.07199999999999998,0.0594,0.07179999999999999,0.0608,0.07099999999999998,0.061,0.0224,0.007800000000000001,0.057,0.0428,0.027399999999999997,0.061399999999999996,0.02159999999999999,0.04,0.0214
1.3972618175671867,-0.001200000000000003,0.0582,0.07759999999999999,0.0864,0.07499999999999998,0.0674,0.062200000000000005,0.08259999999999999,0.057,0.0734,0.08259999999999999,0.059,0.072,0.07279999999999999,0.0214,0.0252,0.0678,0.0514,0.03239999999999999,0.057399999999999986,0.030600000000000002,0.056799999999999996,0.037200000000000004
1.3965379374035658,-0.005799999999999995,0.0628,0.08159999999999999,0.09160000000000003,0.06580000000000001,0.06700000000000002,0.0698,0.0778,0.055,0.0748,0.0852,0.0698,0.0656,0.07640000000000001,0.0362,0.0264,0.062000000000000006,0.0698,0.0416,0.05719999999999999,0.045,0.0722,0.049400000000000006
1.395814806893524,-0.020200000000000006,0.048,0.0634,0.08080000000000001,0.052399999999999995,0.062200000000000005,0.0636,0.0864,0.040799999999999996,0.0652,0.06899999999999999,0.0722,0.054799999999999995,0.0684,0.04,0.018999999999999993,0.0526,0.0662,0.0438,0.04779999999999999,0.02959999999999999,0.0696,0.048600000000000004
1.3950924248731478,-0.008199999999999995,0.0434,0.0514,0.0824,0.061,0.0734,0.05219999999999999,0.0906,0.040799999999999996,0.061799999999999994,0.06659999999999999,0.0864,0.0518,0.0668,0.03219999999999999,0.030199999999999998,0.0444,0.05,0.0508,0.036,0.033,0.0668,0.0498
1.394355110761273,0.0148,0.061,0.054,0.0866,0.0596,0.0846,0.0494,0.10859999999999999,0.0368,0.0724,0.0704,0.1066,0.046200000000000005,0.061799999999999994,0.023399999999999997,0.0214,0.0466,0.04219999999999999,0.0544,0.0172,0.048400000000000006,0.067,0.053
1.3936342384463227,0.0294,0.0642,0.0658,0.09540000000000001,0.0752,0.088,0.0338,0.1192,0.0412,0.07479999999999999,0.07959999999999999,0.0922,0.029199999999999993,0.0732,0.015399999999999999,0.023,0.0576,0.03159999999999999,0.052399999999999995,0.017799999999999996,0.054200000000000005,0.0598,0.0598
1.3929141111185999,0.022399999999999996,0.0804,0.0654,0.08159999999999999,0.0684,0.08699999999999998,0.0354,0.116,0.0386,0.0704,0.0676,0.0896,0.016399999999999998,0.07540000000000001,0.007199999999999996,0.01939999999999999,0.0676,0.03559999999999999,0.0544,0.014800000000000002,0.0628,0.054799999999999995,0.0646
1.392194727623838,0.0035999999999999956,0.0862,0.0592,0.061199999999999984,0.0628,0.08999999999999998,0.03359999999999999,0.11220000000000001,0.0434,0.07840000000000003,0.061200000000000004,0.09999999999999999,0.028,0.0792,0.005399999999999999,0.018600000000000002,0.0512,0.03799999999999999,0.0726,0.012600000000000005,0.05219999999999999,0.08,0.0632
1.3914760868101532,-0.0048000000000000004,0.07759999999999999,0.062200000000000005,0.055199999999999985,0.072,0.08679999999999999,0.026600000000000002,0.11479999999999999,0.0476,0.08260000000000002,0.05660000000000001,0.0916,0.04580000000000002,0.0704,0.0052000000000000015,0.0242,0.040799999999999996,0.022999999999999993,0.07940000000000001,0.010400000000000006,0.0338,0.0814,0.0694
1.3907581875280395,0.0006,0.08059999999999999,0.052399999999999995,0.0546,0.0906,0.07800000000000001,0.035199999999999995,0.09559999999999999,0.05299999999999999,0.0778,0.0546,0.09399999999999999,0.045200000000000004,0.05999999999999999,0.002199999999999995,0.012199999999999996,0.0434,0.027799999999999995,0.07759999999999999,0.0214,0.015599999999999994,0.0908,0.0654
1.3900410286303613,0.014199999999999999,0.09559999999999999,0.0596,0.0734,0.11,0.0992,0.0438,0.086,0.0668,0.0788,0.065,0.1202,0.054799999999999995,0.0626,0.02440000000000001,0.017000000000000005,0.039400000000000004,0.04,0.09259999999999999,0.0402,0.018000000000000002,0.09720000000000002,0.06599999999999999
1.3893246089723479,0.0104,0.09140000000000001,0.059,0.062,0.1128,0.0912,0.05320000000000001,0.0922,0.077,0.0736,0.0654,0.11220000000000001,0.0574,0.06559999999999999,0.033800000000000004,0.0254,0.0288,0.014799999999999997,0.07579999999999999,0.04,0.014400000000000001,0.09880000000000001,0.049
1.388608927411588,0.012599999999999997,0.106,0.0762,0.05979999999999999,0.12239999999999998,0.09540000000000001,0.058,0.1052,0.09040000000000001,0.07740000000000001,0.0858,0.11159999999999999,0.061799999999999994,0.0734,0.0442,0.046800000000000015,0.04380000000000002,0.011999999999999999,0.07700000000000001,0.055799999999999995,0.020199999999999996,0.10700000000000001,0.0502
1.3878939828080228,0.010799999999999997,0.12359999999999999,0.09340000000000002,0.05,0.1168,0.0942,0.072,0.1156,0.10479999999999999,0.08699999999999998,0.09280000000000001,0.11980000000000002,0.0752,0.0856,0.06960000000000001,0.06300000000000001,0.052000000000000005,0.0256,0.07980000000000001,0.06459999999999999,0.023800000000000005,0.12320000000000002,0.0484
1.38717977402394,0.011600000000000004,0.12560000000000002,0.10480000000000002,0.0758,0.125,0.1026,0.0834,0.11259999999999999,0.1176,0.08499999999999999,0.09540000000000001,0.1308,0.08880000000000002,0.09,0.10079999999999999,0.07840000000000001,0.06480000000000001,0.0438,0.0852,0.0718,0.027800000000000012,0.1362,0.0528
1.3864662999239679,-0.004399999999999997,0.1066,0.09079999999999999,0.0664,0.112,0.0878,0.0804,0.0996,0.09759999999999999,0.06319999999999998,0.0902,0.13079999999999997,0.10179999999999999,0.06779999999999999,0.0862,0.0718,0.0634,0.045399999999999996,0.06659999999999999,0.06659999999999999,0.0037999999999999952,0.12140000000000001,0.03319999999999999
1.3857535593750698,-0.015599999999999998,0.0834,0.0852,0.0616,0.1102,0.0866,0.06719999999999998,0.09159999999999999,0.08879999999999998,0.0636,0.0884,0.1164,0.10359999999999998,0.05960000000000001,0.09340000000000001,0.06819999999999998,0.0636,0.047599999999999996,0.0528,0.074,-0.008400000000000003,0.1182,0.0218
1.3850415512465375,-0.0013999999999999967,0.0892,0.0994,0.07119999999999999,0.10679999999999998,0.0902,0.07699999999999999,0.0866,0.0876,0.0608,0.0896,0.1118,0.10299999999999998,0.0758,0.1018,0.0756,0.07940000000000001,0.0572,0.043,0.0818,-0.0026000000000000042,0.1142,0.03180000000000001
1.384330274409985,-0.019000000000000003,0.08499999999999999,0.0804,0.04979999999999999,0.08159999999999998,0.07379999999999998,0.06299999999999997,0.06459999999999998,0.0642,0.03519999999999999,0.0642,0.0986,0.06719999999999997,0.058,0.07659999999999997,0.0554,0.0634,0.0508,0.02119999999999999,0.05079999999999999,-0.018600000000000012,0.08939999999999998,0.014999999999999994
1.3836197277393438,-0.023399999999999997,0.09539999999999997,0.08999999999999998,0.055399999999999984,0.06959999999999998,0.0874,0.06179999999999999,0.07659999999999999,0.06439999999999997,0.02819999999999999,0.06580000000000001,0.09720000000000001,0.05779999999999998,0.05359999999999998,0.08079999999999998,0.07379999999999999,0.06340000000000001,0.05260000000000001,0.0198,0.055200000000000006,0.009400000000000006,0.08779999999999999,0.016400000000000005
1.382909910110856,-0.0426,0.08120000000000001,0.0814,0.026999999999999993,0.0432,0.05479999999999999,0.0518,0.07059999999999998,0.0446,0.012000000000000002,0.03979999999999998,0.071,0.0308,0.026199999999999987,0.0546,0.06259999999999998,0.056999999999999995,0.029799999999999983,0.011399999999999992,0.03219999999999999,0.000400000000000002,0.06699999999999998,-0.002000000000000006
1.3822008204030676,-0.035199999999999995,0.06559999999999999,0.0782,0.026,0.029,0.0516,0.028399999999999998,0.0556,0.0286,0.0108,0.03279999999999999,0.0736,0.0242,-0.0012000000000000064,0.0424,0.05099999999999999,0.0668,0.029199999999999997,0.023999999999999997,0.022,-0.004399999999999999,0.048999999999999995,-0.012400000000000005
1.3814924574968248,-0.0208,0.0732,0.06779999999999999,0.0418,0.038000000000000006,0.06520000000000001,0.025999999999999992,0.044000000000000004,0.030199999999999998,0.0214,0.019199999999999995,0.07759999999999999,0.0254,-0.004799999999999997,0.04340000000000001,0.03839999999999998,0.0684,0.046400000000000004,0.038200000000000005,0.026000000000000006,0.004600000000000005,0.051,-0.0003999999999999914
1.3807848202752662,-0.028800000000000003,0.0732,0.0644,0.0458,0.045,0.0664,0.0188,0.04760000000000001,0.0206,0.0216,0.009999999999999998,0.055799999999999995,0.019,-0.016199999999999996,0.0282,0.023999999999999997,0.06019999999999999,0.047999999999999994,0.0362,0.0218,0.0006000000000000015,0.0448,0.008000000000000005
1.3800779076238174,-0.0456,0.07379999999999999,0.055600000000000004,0.028000000000000008,0.0324,0.045399999999999996,-0.003999999999999998,0.035800000000000005,0.0076,0.018600000000000002,-0.009,0.0334,-0.006600000000000003,-0.020399999999999995,-0.0017999999999999989,0.018800000000000004,0.0448,0.023199999999999995,0.022199999999999994,0.0106,-0.019,0.0374,-0.0055999999999999965
1.379371718430186,-0.037200000000000004,0.0856,0.062200000000000005,0.046200000000000005,0.0424,0.0592,0.003399999999999999,0.04860000000000001,0.0248,0.045,0.001200000000000005,0.044,-0.008799999999999997,-0.003999999999999997,0.0152,0.0296,0.047200000000000006,0.031999999999999994,0.0362,0.028600000000000007,-0.010200000000000002,0.0522,0.009800000000000003
1.3786662515843544,-0.024800000000000003,0.09079999999999999,0.0674,0.0574,0.0528,0.0538,0.013799999999999996,0.0598,0.032799999999999996,0.048,-0.004600000000000002,0.0426,-0.0044,0.009800000000000003,0.0078,0.046,0.0418,0.039799999999999995,0.0526,0.0282,-0.0052,0.0658,0.0174
1.377961505978575,-0.033800000000000004,0.07379999999999998,0.0562,0.0746,0.064,0.046200000000000005,0.020600000000000004,0.0636,0.0378,0.0456,0.004200000000000006,0.0348,0.002400000000000002,0.005200000000000007,-0.005800000000000001,0.0454,0.0348,0.0444,0.066,0.023600000000000003,-0.0007999999999999986,0.0572,-0.0026000000000000016
1.3772574805073639,-0.020800000000000006,0.0792,0.054,0.0852,0.077,0.0598,0.03219999999999999,0.0876,0.0434,0.071,0.015400000000000002,0.0412,0.030199999999999998,0.0152,0.008399999999999996,0.04779999999999999,0.04179999999999999,0.0378,0.07740000000000001,0.0474,0.020999999999999998,0.0598,0.004399999999999999
1.3765541740674956,-0.0027999999999999926,0.07299999999999998,0.0606,0.1062,0.0902,0.0632,0.045,0.1022,0.064,0.09059999999999999,0.0202,0.054200000000000005,0.052,0.039200000000000006,0.030600000000000006,0.0624,0.0538,0.0394,0.0902,0.0458,0.027200000000000005,0.06520000000000001,0.014400000000000001
1.3758515855579967,-0.014600000000000012,0.061,0.06420000000000001,0.11639999999999998,0.0974,0.077,0.038,0.1016,0.0678,0.09699999999999999,0.026600000000000002,0.055199999999999985,0.063,0.0596,0.0362,0.0654,0.0576,0.0458,0.093,0.053,0.0296,0.06459999999999999,0.0228
1.3751649643455213,-0.045000000000000005,0.056,0.0586,0.11019999999999998,0.094,0.0704,0.0268,0.1012,0.0646,0.08940000000000001,0.0242,0.0426,0.059,0.0606,0.030399999999999996,0.0638,0.0396,0.04479999999999999,0.074,0.053399999999999996,0.016799999999999992,0.06659999999999999,0.03300000000000001
1.3744637928550052,-0.051,0.053399999999999996,0.0658,0.10479999999999998,0.0922,0.0654,0.029999999999999995,0.1154,0.0736,0.089,0.03260000000000001,0.0364,0.069,0.068,0.030800000000000004,0.0686,0.0316,0.03640000000000001,0.0598,0.0416,0.019600000000000003,0.0626,0.015999999999999997
1.3737633360291592,-0.0492,0.0356,0.05820000000000001,0.09459999999999999,0.08339999999999997,0.0608,0.0338,0.1176,0.07119999999999999,0.09040000000000001,0.030800000000000004,0.03559999999999999,0.0564,0.06659999999999999,0.035,0.0702,0.017599999999999994,0.0316,0.05940000000000001,0.054000000000000006,0.0198,0.04319999999999999,-0.004400000000000001
1.3730635927759138,-0.041999999999999996,0.0222,0.0442,0.0726,0.07479999999999999,0.06179999999999999,0.0338,0.11459999999999998,0.06779999999999999,0.08639999999999998,0.028199999999999996,0.02859999999999999,0.0632,0.05439999999999998,0.04,0.0554,0.0015999999999999962,0.0342,0.0574,0.0502,0.011599999999999994,0.028999999999999998,-0.013400000000000006
1.3723645620054232,-0.0442,0.026800000000000008,0.042,0.0596,0.0792,0.06279999999999998,0.0424,0.1036,0.0804,0.08180000000000001,0.0368,0.022600000000000002,0.0654,0.0526,0.0402,0.04699999999999999,0.006199999999999997,0.030399999999999996,0.054799999999999995,0.0428,0.015999999999999997,0.030799999999999994,-0.029800000000000004
1.3716662426300594,-0.045399999999999996,0.0188,0.035199999999999995,0.0504,0.073,0.06479999999999998,0.040799999999999996,0.09439999999999998,0.07940000000000001,0.0854,0.051,0.032600000000000004,0.067,0.0376,0.0424,0.041,0.012199999999999997,0.017599999999999994,0.047799999999999995,0.0358,0.018600000000000002,0.010799999999999995,-0.0348
1.3709686335644078,-0.0484,0.021,0.02359999999999999,0.03479999999999999,0.0518,0.054200000000000005,0.030199999999999998,0.0862,0.062200000000000005,0.0736,0.0438,0.0348,0.05579999999999999,0.0218,0.0474,0.037200000000000004,0.009199999999999996,0.006000000000000001,0.0416,0.035,0.010999999999999998,0.007199999999999994,-0.039
1.3702717337252606,-0.0446,0.027000000000000003,0.0376,0.03679999999999999,0.0572,0.0538,0.030000000000000006,0.07740000000000001,0.06559999999999999,0.061,0.052399999999999995,0.0456,0.061,0.03559999999999999,0.053200000000000004,0.0528,0.0192,0.014399999999999993,0.037399999999999996,0.0346,0.019999999999999997,0.0192,-0.02459999999999999
1.3695755420316107,-0.0658,0.013199999999999996,0.011399999999999995,0.015599999999999998,0.045200000000000004,0.0378,0.009399999999999995,0.05740000000000001,0.035599999999999986,0.02959999999999999,0.047,0.027800000000000002,0.0474,0.0174,0.022399999999999996,0.028999999999999998,-0.0108,-0.015200000000000005,0.009199999999999993,0.0246,0.004399999999999997,0.0037999999999999996,-0.038
1.3688951691247901,-0.0424,0.018600000000000002,0.008400000000000003,0.022600000000000006,0.05240000000000001,0.03479999999999999,0.012600000000000002,0.0614,0.037200000000000004,0.023,0.0598,0.030399999999999996,0.0442,0.019600000000000003,0.0192,0.021399999999999995,-0.021800000000000003,-0.0224,-0.005000000000000004,0.025199999999999997,0.009000000000000001,0.0088,-0.0416
1.3682003751517158,-0.013599999999999996,0.0248,-0.00020000000000000277,0.026199999999999994,0.060200000000000004,0.0428,0.0252,0.0722,0.034800000000000005,0.024600000000000004,0.0716,0.034199999999999994,0.04279999999999999,0.022399999999999996,0.019599999999999992,0.015199999999999993,-0.014599999999999998,-0.018600000000000002,-0.009000000000000001,0.0342,0.0344,0.0052,-0.048
1.3675062861176055,-0.02240000000000001,0.0088,0.0022,0.007199999999999998,0.0432,0.0308,0.022800000000000004,0.0502,0.015600000000000001,0.007599999999999998,0.06459999999999999,0.0246,0.02759999999999999,0.0052,0.0116,0.017000000000000005,-0.03,-0.0328,-0.0182,0.035199999999999995,0.0248,-0.010600000000000002,-0.052
1.3668129009501553,-0.0362,0.0078,3.552713678800501e-18,-0.005400000000000004,0.02859999999999999,0.0206,0.007,0.02659999999999999,0.020800000000000006,0.001800000000000001,0.06039999999999998,0.014599999999999995,0.02259999999999999,-0.0054,0.0006,0.005799999999999999,-0.028000000000000004,-0.0494,-0.0328,0.016599999999999997,0.01479999999999999,-0.0009999999999999972,-0.0588
1.3661202185792352,-0.040799999999999996,0.017800000000000003,0.007200000000000003,0.009400000000000004,0.0324,0.028,0.015599999999999998,0.0288,0.019199999999999995,0.0108,0.0772,0.013599999999999994,0.010399999999999993,0.0008000000000000024,-0.010000000000000002,0.011800000000000001,-0.011399999999999999,-0.046200000000000005,-0.03540000000000001,0.0152,0.022199999999999994,0.009800000000000005,-0.0484
1.365428237936882,-0.038,0.010600000000000002,0.003400000000000003,0.020399999999999998,0.021199999999999997,0.027199999999999995,0.0154,0.0314,0.008000000000000004,0.007,0.068,0.009799999999999993,0.016399999999999998,-0.006599999999999998,-0.002999999999999994,0.019399999999999997,-0.0184,-0.03879999999999999,-0.0362,0.017400000000000002,0.030999999999999993,0.017400000000000006,-0.0414
1.3647519783400652,-0.022399999999999993,0.016399999999999998,0.015400000000000004,0.0346,0.0224,0.025999999999999992,0.014599999999999998,0.037200000000000004,0.012200000000000003,0.0012000000000000003,0.067,-0.0032000000000000006,0.02059999999999999,0.006000000000000004,0.013000000000000008,0.03140000000000001,-0.005199999999999992,-0.02759999999999999,-0.03059999999999999,0.015600000000000001,0.050799999999999984,0.0296,-0.04
1.3640613827622243,-0.011999999999999997,0.02940000000000001,0.023,0.05,0.03540000000000001,0.031999999999999994,0.0288,0.030999999999999996,0.027800000000000002,0.017600000000000005,0.0652,0.000400000000000003,0.030600000000000002,0.0164,0.024600000000000004,0.027600000000000003,0.005200000000000007,-0.010599999999999991,-0.018199999999999987,0.008600000000000002,0.06479999999999998,0.0428,-0.020399999999999995
1.3633714857450716,-0.010399999999999998,0.033,0.020800000000000006,0.062200000000000005,0.018600000000000002,0.024199999999999996,0.0328,0.037399999999999996,0.027800000000000002,0.030000000000000006,0.0598,-0.0027999999999999982,0.0094,-0.0020000000000000074,0.0342,0.011599999999999997,0.007000000000000008,-0.003399999999999991,-0.026000000000000006,0.0009999999999999987,0.064,0.0412,-0.022399999999999996
1.3626822862292163,-0.018200000000000008,0.0298,0.035,0.055,0.008999999999999996,0.013399999999999994,0.0522,0.045200000000000004,0.0378,0.03439999999999999,0.055200000000000006,-0.005200000000000002,0.0092,-0.0035999999999999995,0.0458,0.009999999999999998,0.016599999999999993,0.012399999999999994,-0.016,-0.013600000000000004,0.07119999999999999,0.0456,-0.02359999999999999
1.3619937831574092,-0.0328,0.028399999999999998,0.0332,0.048,0.004200000000000003,0.008599999999999995,0.0482,0.040600000000000004,0.0434,0.02859999999999999,0.03879999999999999,-0.015000000000000003,0.0128,-0.021000000000000005,0.046200000000000005,0.005399999999999994,0.023999999999999994,0.00839999999999999,-0.013799999999999995,-0.026000000000000002,0.0586,0.046200000000000005,-0.029
1.3613209204285965,-0.038,0.04820000000000001,0.055799999999999995,0.0588,0.01500000000000001,0.006600000000000002,0.0528,0.03760000000000001,0.05700000000000001,0.034800000000000005,0.031199999999999995,-0.005199999999999995,0.025000000000000005,-0.010399999999999996,0.052,0.0214,0.0376,0.013999999999999997,0.0010000000000000052,-0.01859999999999999,0.043,0.0616,-0.026600000000000002
1.3606337919985954,-0.027600000000000003,0.0624,0.0492,0.06659999999999999,0.035,-0.0014000000000000022,0.055200000000000006,0.04900000000000001,0.0616,0.0448,0.0326,0.008600000000000005,0.0314,0.0008000000000000082,0.054799999999999995,0.012000000000000002,0.045,0.018999999999999993,0.017000000000000008,-0.023199999999999995,0.0464,0.08,-0.027000000000000007
1.3599473568765081,-0.027399999999999997,0.0578,0.035399999999999994,0.0644,0.048,-0.0056000000000000025,0.061799999999999994,0.04779999999999999,0.052,0.0378,0.01779999999999999,0.010199999999999997,0.02059999999999999,-0.004600000000000005,0.055199999999999985,0.007399999999999999,0.045,0.015599999999999992,0.029800000000000004,-0.034800000000000005,0.033599999999999984,0.07399999999999998,-0.021
1.3592616140135487,-0.017599999999999998,0.0636,0.0412,0.061799999999999994,0.060200000000000004,0.011200000000000003,0.06420000000000001,0.058600000000000006,0.07400000000000001,0.037,0.0188,0.02840000000000001,0.037,-0.0092,0.06599999999999999,0.03140000000000001,0.0522,0.013000000000000001,0.05620000000000001,-0.017199999999999993,0.0448,0.0762,-0.006399999999999994
1.3585765623630466,-0.022,0.0594,0.027799999999999995,0.0596,0.076,0.0078,0.047200000000000006,0.064,0.0642,0.04200000000000001,0.007599999999999998,0.0304,0.0318,-0.0096,0.054200000000000005,0.0312,0.055,-0.0014000000000000056,0.056799999999999996,-0.0242,0.044,0.05679999999999999,-0.000400000000000002
1.3579070709725463,-0.0418,0.058,0.013399999999999997,0.060200000000000004,0.061,0.010400000000000003,0.055,0.0576,0.06460000000000002,0.04860000000000001,-0.0022000000000000014,0.038200000000000005,0.032,-0.020399999999999998,0.0344,0.0286,0.0418,-0.016400000000000005,0.06180000000000002,-0.02159999999999999,0.026199999999999994,0.0484,-0.008000000000000002
1.3572233836454581,-0.04159999999999999,0.0636,0.0148,0.0614,0.0658,0.024000000000000004,0.047799999999999995,0.06999999999999998,0.072,0.049,0.009800000000000005,0.038200000000000005,0.034800000000000005,-0.012599999999999995,0.0224,0.04100000000000001,0.0422,-0.030199999999999994,0.06720000000000002,-0.008199999999999994,0.0314,0.0428,0.002400000000000005
1.356540384426041,-0.035599999999999986,0.0752,0.02780000000000001,0.07160000000000001,0.08259999999999999,0.0368,0.05140000000000001,0.0724,0.07859999999999999,0.0512,0.02040000000000001,0.0506,0.0518,0.002400000000000002,0.0152,0.0422,0.048,-0.025999999999999995,0.10120000000000001,0.011600000000000006,0.0362,0.0474,0.013600000000000003
1.3558728978502854,-0.021,0.08499999999999999,0.0436,0.0846,0.11,0.0428,0.0418,0.06659999999999999,0.07640000000000001,0.0636,0.010199999999999997,0.048600000000000004,0.0604,0.0148,0.010999999999999994,0.03679999999999999,0.046799999999999994,-0.028000000000000008,0.10940000000000001,0.0356,0.0394,0.042,0.011999999999999993
1.355191256830601,-0.0072,0.094,0.0476,0.0846,0.1364,0.0496,0.0438,0.0854,0.09620000000000001,0.0724,0.011399999999999997,0.0514,0.0596,0.0326,0.016399999999999998,0.053200000000000004,0.0494,-0.013799999999999996,0.11500000000000002,0.049,0.0594,0.043,0.018799999999999994
1.3545103008323685,-0.015600000000000003,0.0814,0.0588,0.07399999999999998,0.1392,0.055,0.049400000000000006,0.09140000000000001,0.102,0.0814,0.021800000000000003,0.05840000000000001,0.0598,0.032,0.0188,0.0502,0.039200000000000006,-0.008399999999999998,0.1142,0.04,0.0654,0.0414,0.02459999999999999
1.3538300288234781,-0.037,0.0662,0.0584,0.07119999999999999,0.1294,0.0714,0.0394,0.0824,0.08259999999999999,0.0782,0.020600000000000004,0.05460000000000001,0.0492,0.0252,0.014199999999999999,0.053200000000000004,0.029799999999999993,-0.006799999999999999,0.0912,0.033999999999999996,0.05779999999999999,0.028399999999999995,0.02359999999999999
1.3531652061940045,-0.03660000000000001,0.07280000000000002,0.060599999999999994,0.07579999999999998,0.1268,0.08659999999999998,0.0444,0.0858,0.0724,0.0834,0.034,0.0572,0.0616,0.036,0.011399999999999997,0.056799999999999996,0.0312,0.006,0.0804,0.046,0.0696,0.027199999999999995,0.03279999999999998
1.3524862842620768,-0.0418,0.0654,0.06900000000000002,0.08079999999999998,0.1302,0.07780000000000001,0.0466,0.08179999999999998,0.053399999999999996,0.09199999999999998,0.026199999999999998,0.057200000000000015,0.0656,0.05500000000000001,0.0056,0.04360000000000001,0.040400000000000005,0.0208,0.06879999999999999,0.0522,0.06599999999999999,0.02040000000000001,0.03699999999999999
1.3518080432578574,-0.030199999999999998,0.0708,0.0884,0.0772,0.1226,0.09320000000000002,0.07620000000000002,0.0844,0.069,0.0868,0.022199999999999994,0.072,0.069,0.06,0.011600000000000003,0.042600000000000006,0.047400000000000005,0.027199999999999995,0.0792,0.055,0.06799999999999999,0.0342,0.0376
1.3511452045241572,-0.014999999999999996,0.08159999999999999,0.1006,0.07540000000000001,0.136,0.10940000000000003,0.0834,0.0876,0.066,0.082,0.038200000000000005,0.0824,0.0726,0.08059999999999999,0.0222,0.0356,0.0496,0.041,0.09179999999999999,0.06659999999999999,0.07299999999999998,0.0514,0.05319999999999999
1.3504683075582662,-0.02640000000000001,0.0728,0.11280000000000001,0.0538,0.1256,0.09699999999999999,0.0856,0.0792,0.0436,0.06719999999999998,0.027800000000000002,0.07199999999999998,0.05179999999999999,0.0718,0.0272,0.006999999999999996,0.0384,0.033999999999999996,0.0682,0.055600000000000004,0.055,0.044,0.0304
1.3497920884766943,-0.017799999999999993,0.0702,0.10859999999999997,0.0368,0.125,0.0992,0.0848,0.0808,0.0346,0.056199999999999986,0.018600000000000002,0.06499999999999999,0.025199999999999993,0.07440000000000001,0.037000000000000005,0.012799999999999997,0.0258,0.028399999999999998,0.04499999999999999,0.0362,0.0412,0.0384,0.017800000000000003
1.3491312247717901,-0.016800000000000006,0.07540000000000001,0.094,0.019999999999999993,0.1016,0.10740000000000001,0.07899999999999999,0.07599999999999998,0.0334,0.0466,0.025399999999999995,0.0852,0.017799999999999996,0.0596,0.038799999999999994,0.017599999999999994,0.033600000000000005,0.033,0.030399999999999996,0.025,0.022799999999999994,0.046799999999999994,0.021199999999999997
1.3484563437258719,-0.004400000000000001,0.0834,0.0986,0.02760000000000001,0.07999999999999999,0.1072,0.089,0.0698,0.02140000000000001,0.06860000000000002,0.03459999999999999,0.10740000000000001,0.029,0.055600000000000004,0.0484,0.02940000000000001,0.0504,0.026199999999999998,0.043,0.0316,0.018600000000000002,0.051,0.038
1.3477821375389933,-0.012400000000000012,0.08020000000000001,0.0652,0.03,0.05059999999999999,0.08439999999999998,0.0684,0.04779999999999999,-0.004200000000000003,0.04919999999999999,0.009399999999999992,0.09259999999999999,0.014199999999999997,0.0576,0.0384,0.006799999999999992,0.039200000000000006,0.009799999999999998,0.0332,0.0188,0.0021999999999999975,0.026999999999999993,0.03439999999999999
1.3471232400486701,0.01,0.08739999999999998,0.065,0.025999999999999992,0.055799999999999995,0.06899999999999999,0.08220000000000001,0.040600000000000004,0.004200000000000001,0.0474,0.016200000000000003,0.10100000000000002,0.023399999999999997,0.0644,0.0346,-0.003800000000000004,0.0402,0.019600000000000006,0.0484,0.027600000000000003,0.020399999999999998,0.022999999999999993,0.030799999999999994
1.3464503659304623,0.024999999999999998,0.09159999999999999,0.07600000000000001,0.038000000000000006,0.07659999999999999,0.07500000000000001,0.09720000000000001,0.054200000000000005,0.0212,0.0684,0.0318,0.1238,0.034,0.07840000000000001,0.0502,0.011799999999999998,0.060200000000000004,0.028399999999999998,0.0648,0.0386,0.0436,0.038799999999999994,0.0344
1.3457781636639896,0.026199999999999998,0.10259999999999998,0.073,0.03860000000000001,0.0654,0.08259999999999999,0.09720000000000001,0.0516,0.030600000000000002,0.0698,0.032799999999999996,0.1194,0.039200000000000006,0.0772,0.063,0.01840000000000001,0.0492,0.032400000000000005,0.062200000000000005,0.0292,0.056799999999999996,0.04340000000000001,0.034600000000000006
1.3451212236264034,0.011399999999999995,0.099,0.06159999999999998,0.04,0.0574,0.07000000000000002,0.07379999999999999,0.0344,0.003599999999999995,0.0742,0.0334,0.09040000000000001,0.01639999999999999,0.06779999999999999,0.0422,0.012,0.03559999999999999,0.032799999999999996,0.0506,0.0254,0.039,0.026799999999999994,0.025199999999999997
1.3444503474970455,-0.0010000000000000018,0.0876,0.045399999999999996,0.0348,0.0422,0.0564,0.053599999999999995,0.038,-0.015200000000000003,0.0778,0.027800000000000002,0.0654,0.0011999999999999975,0.0384,0.0268,-5.551115123125784e-18,0.0232,0.026199999999999994,0.016799999999999995,0.011999999999999997,0.028399999999999998,0.005799999999999995,0.003999999999999998
1.3437801402299598,-0.0054000000000000055,0.08139999999999997,0.0402,0.040799999999999996,0.05600000000000001,0.06680000000000001,0.048600000000000004,0.054000000000000006,-0.0044,0.0762,0.04240000000000001,0.07759999999999999,0.0158,0.0344,0.0222,0.0192,0.02959999999999999,0.037399999999999996,0.0216,0.008199999999999999,0.04560000000000001,0.011800000000000001,0.020800000000000006
1.3431251489352483,-0.019399999999999997,0.07799999999999999,0.0402,0.035399999999999994,0.0564,0.0562,0.045,0.0376,0.004800000000000006,0.07599999999999998,0.048600000000000004,0.08,0.0286,0.021199999999999997,0.003399999999999995,0.020999999999999998,0.0416,0.0296,0.03040000000000001,0.0037999999999999965,0.040600000000000004,0.019,0.017999999999999995
1.3424562619088862,-0.027,0.0772,0.0402,0.0474,0.071,0.054,0.046799999999999994,0.043,0.006799999999999995,0.0932,0.044599999999999994,0.0654,0.028399999999999998,0.017999999999999995,0.009799999999999998,0.015799999999999995,0.036,0.019799999999999995,0.046,-0.009800000000000007,0.03679999999999999,0.018999999999999996,0.015799999999999995
1.3418025602458528,-0.0464,0.0676,0.022999999999999993,0.035,0.06759999999999998,0.04419999999999999,0.0318,0.039200000000000006,-0.0017999999999999993,0.0706,0.03419999999999999,0.045399999999999996,0.0182,0.0154,-0.000200000000000001,-0.0036000000000000016,0.0156,0.014399999999999994,0.027800000000000002,-0.0216,0.0212,0.013999999999999997,-0.015000000000000006
1.3411349895629414,-0.025399999999999995,0.0712,0.030999999999999993,0.027999999999999997,0.0778,0.05919999999999999,0.039200000000000006,0.061799999999999994,0.019400000000000008,0.08099999999999999,0.05979999999999999,0.0506,0.023400000000000008,0.018600000000000005,0.011200000000000003,0.02,0.0198,0.0214,0.027199999999999995,-0.014199999999999999,0.027999999999999994,0.037200000000000004,-0.015
1.340468082806335,-0.040799999999999996,0.0642,0.025399999999999992,0.02959999999999999,0.06719999999999998,0.05819999999999999,0.0294,0.06319999999999999,0.027800000000000002,0.0736,0.0598,0.027999999999999994,0.019800000000000005,0.0056,0.006799999999999996,0.031199999999999995,0.0216,0.012799999999999997,0.017200000000000003,-0.017599999999999998,0.011599999999999996,0.029799999999999993,-0.015600000000000003
1.3398163155051324,-0.0364,0.0686,0.0334,0.0368,0.0572,0.05660000000000001,0.027400000000000008,0.0578,0.037000000000000005,0.05800000000000001,0.0694,0.023000000000000007,0.02760000000000001,0.011200000000000012,0.015600000000000001,0.027600000000000006,0.019600000000000006,0.013599999999999996,0.013800000000000003,-0.010599999999999995,0.011200000000000014,0.027800000000000005,-0.009800000000000001
1.3391507192535315,-0.027999999999999997,0.07240000000000002,0.03500000000000001,0.04320000000000001,0.07959999999999999,0.054799999999999995,0.042600000000000006,0.07280000000000002,0.044,0.046400000000000004,0.0884,0.0352,0.030199999999999998,0.026800000000000015,0.022200000000000008,0.02,0.03360000000000001,0.017000000000000008,0.03560000000000001,0.001800000000000006,0.015800000000000012,0.029,-0.014399999999999991
1.3385002320786694,-0.014999999999999998,0.07940000000000001,0.048,0.037200000000000004,0.0892,0.060200000000000004,0.0596,0.0878,0.0706,0.05040000000000001,0.1016,0.0528,0.048799999999999996,0.044,0.0326,0.03540000000000001,0.0358,0.0272,0.0412,0.007800000000000001,0.0368,0.037399999999999996,-0.0019999999999999944
1.3378359424730544,-0.023800000000000005,0.07440000000000001,0.055600000000000004,0.033600000000000005,0.0932,0.056,0.0594,0.08120000000000001,0.0852,0.0492,0.0852,0.05879999999999999,0.048600000000000004,0.040199999999999986,0.03119999999999999,0.048600000000000004,0.022199999999999987,0.0332,0.04479999999999999,0.0068000000000000005,0.0324,0.0386,0.008600000000000002
1.3371723119062253,-0.016800000000000002,0.07399999999999998,0.04779999999999999,0.021399999999999995,0.08500000000000002,0.056600000000000004,0.056799999999999996,0.0694,0.09359999999999999,0.0546,0.056199999999999986,0.054,0.0506,0.045,0.0294,0.0654,0.026199999999999994,0.02159999999999999,0.052,0.012,0.020999999999999998,0.0332,0.0010000000000000044
1.3365237448533058,-0.0368,0.048799999999999996,0.028999999999999995,0.0224,0.0712,0.0574,0.0476,0.0638,0.08579999999999999,0.03879999999999999,0.031999999999999994,0.0442,0.054799999999999995,0.0376,0.027199999999999995,0.0616,0.016599999999999993,0.0067999999999999935,0.053,0.017599999999999998,0.017999999999999985,0.023399999999999994,0.003000000000000005
1.335861415151254,-0.026,0.055799999999999995,0.037200000000000004,0.031799999999999995,0.0704,0.0606,0.0608,0.072,0.0974,0.0334,0.04079999999999998,0.0504,0.0698,0.06079999999999999,0.025000000000000005,0.079,0.022600000000000002,0.022800000000000004,0.056799999999999996,0.037,0.028199999999999996,0.0282,0.011200000000000005
1.3352141188125208,-0.032400000000000005,0.0636,0.055600000000000004,0.04520000000000001,0.074,0.072,0.0726,0.0704,0.092,0.026,0.05299999999999999,0.0616,0.0804,0.06819999999999998,0.015199999999999997,0.086,0.024799999999999992,0.028399999999999998,0.0688,0.0426,0.0294,0.02759999999999999,0.037200000000000004
1.3345530861540118,-0.0394,0.07,0.07,0.0512,0.08879999999999998,0.07579999999999999,0.08159999999999999,0.0664,0.07959999999999999,0.023399999999999997,0.05579999999999999,0.0664,0.0884,0.07399999999999998,0.015600000000000003,0.09240000000000001,0.0292,0.041400000000000006,0.0866,0.05000000000000001,0.038,0.027400000000000008,0.055
1.333907056798623,-0.041400000000000006,0.079,0.0736,0.058,0.089,0.0762,0.088,0.06879999999999999,0.071,0.0228,0.05040000000000001,0.0692,0.074,0.08079999999999997,0.034,0.08120000000000001,0.03540000000000001,0.039400000000000004,0.08679999999999999,0.05,0.03359999999999999,0.0358,0.06479999999999998
1.3332473173773736,-0.043,0.0818,0.07479999999999999,0.0476,0.08600000000000002,0.0708,0.0834,0.06259999999999999,0.0648,0.0292,0.05520000000000001,0.061200000000000004,0.0628,0.073,0.04220000000000001,0.0866,0.0346,0.034800000000000005,0.09099999999999998,0.0416,0.016,0.0304,0.061
1.332602551289078,-0.056999999999999995,0.0578,0.0798,0.043,0.0684,0.06700000000000002,0.08120000000000001,0.0444,0.0594,0.032,0.05380000000000002,0.047,0.0584,0.055400000000000005,0.038,0.09440000000000001,0.0214,0.0246,0.0782,0.023999999999999997,-0.002999999999999998,0.030199999999999998,0.0588
1.3319441013136835,-0.0616,0.06620000000000001,0.08220000000000001,0.05,0.0688,0.0616,0.06899999999999999,0.030999999999999996,0.056,0.027199999999999995,0.0474,0.0442,0.055200000000000006,0.053,0.0436,0.086,0.032600000000000004,0.023600000000000003,0.077,0.034,-0.0206,0.0412,0.0494
1.3313005947907497,-0.0596,0.0828,0.0892,0.0506,0.08180000000000001,0.0756,0.0704,0.0322,0.06659999999999999,0.0212,0.0616,0.053,0.06199999999999999,0.06119999999999999,0.0546,0.0814,0.0616,0.0148,0.09240000000000001,0.0442,-0.011599999999999996,0.048199999999999986,0.0538
1.3306434304846118,-0.061,0.0818,0.09579999999999998,0.0628,0.0828,0.0728,0.0756,0.032799999999999996,0.0686,0.027600000000000003,0.0862,0.0626,0.0648,0.056199999999999986,0.0606,0.0694,0.08420000000000001,0.019399999999999997,0.0836,0.0456,-0.0031999999999999928,0.0496,0.060399999999999995
1.3300011798397562,-0.034,0.1082,0.1044,0.0638,0.0902,0.0782,0.08880000000000002,0.046,0.0632,0.03459999999999999,0.107,0.0658,0.0742,0.0674,0.074,0.0734,0.09820000000000001,0.0414,0.0714,0.03719999999999999,0.013400000000000002,0.052399999999999995,0.05979999999999999
1.3293452974410103,-0.0504,0.1044,0.1088,0.048600000000000004,0.0834,0.077,0.0732,0.0368,0.0506,0.0222,0.1156,0.0508,0.062,0.053,0.06819999999999998,0.06559999999999999,0.0916,0.02619999999999999,0.056399999999999985,0.014599999999999993,0.019600000000000003,0.0414,0.061200000000000004
1.3287042990013287,-0.02739999999999999,0.10980000000000001,0.1252,0.0492,0.09499999999999999,0.08259999999999999,0.0854,0.053,0.075,0.05160000000000001,0.125,0.050600000000000006,0.071,0.060399999999999995,0.0868,0.0738,0.1174,0.039799999999999995,0.055799999999999995,0.0035999999999999873,0.039400000000000004,0.0594,0.0724
1.3280496947627718,-0.02619999999999999,0.1134,0.13179999999999997,0.0578,0.09339999999999998,0.0852,0.09380000000000001,0.056,0.09179999999999999,0.0644,0.1322,0.06180000000000002,0.0792,0.0638,0.0952,0.08380000000000001,0.124,0.039799999999999995,0.06339999999999998,0.003999999999999994,0.0476,0.062400000000000004,0.0746
1.3274099448696677,-0.010399999999999994,0.11680000000000001,0.1434,0.061799999999999994,0.097,0.0884,0.099,0.0592,0.099,0.0892,0.14620000000000002,0.07780000000000001,0.1044,0.0652,0.094,0.1052,0.1258,0.043,0.06919999999999998,0.0065999999999999965,0.067,0.0586,0.0742
1.3267566150586876,-0.014199999999999997,0.11639999999999998,0.13660000000000003,0.061200000000000004,0.0896,0.07759999999999999,0.0868,0.060200000000000004,0.0854,0.0728,0.1232,0.0702,0.10099999999999999,0.046,0.067,0.103,0.1202,0.02219999999999999,0.055600000000000004,0.004999999999999995,0.071,0.0384,0.07640000000000001
1.3261181100678032,-0.017,0.1294,0.11679999999999999,0.045,0.08159999999999999,0.064,0.0724,0.05079999999999999,0.06760000000000001,0.06,0.10859999999999999,0.0582,0.08499999999999999,0.023399999999999994,0.0638,0.09720000000000001,0.11220000000000001,0.0015999999999999962,0.044,-0.012800000000000006,0.0662,0.012599999999999991,0.0684
1.3254802193455977,-0.025399999999999995,0.10879999999999998,0.10299999999999998,0.039799999999999995,0.078,0.05019999999999998,0.0834,0.0554,0.051,0.0616,0.1146,0.0582,0.0858,0.012399999999999998,0.062,0.09799999999999999,0.1034,-0.009000000000000001,0.039799999999999995,-0.027,0.075,-0.0036000000000000034,0.07059999999999998
1.3248287872474545,-0.02440000000000001,0.10679999999999999,0.1066,0.0506,0.0792,0.035399999999999994,0.10239999999999998,0.06420000000000001,0.0448,0.06599999999999999,0.1184,0.06960000000000001,0.0996,0.030400000000000014,0.0736,0.10579999999999998,0.108,0.0006000000000000044,0.04420000000000001,-0.028399999999999995,0.07659999999999999,0.0032000000000000006,0.07299999999999998
1.3241921360073472,-0.0272,0.12440000000000001,0.1014,0.0418,0.07379999999999998,0.02159999999999999,0.10479999999999999,0.0664,0.04720000000000001,0.061799999999999994,0.1046,0.0582,0.0932,0.042,0.060200000000000004,0.08979999999999999,0.08979999999999999,0.0015999999999999983,0.046799999999999994,-0.02759999999999999,0.066,0.015200000000000007,0.0596
1.3235419690888908,-0.047799999999999995,0.11320000000000001,0.09340000000000001,0.029799999999999993,0.055199999999999985,0.012599999999999998,0.09479999999999998,0.06659999999999999,0.048600000000000004,0.0726,0.1018,0.0518,0.0732,0.03519999999999999,0.04419999999999999,0.06999999999999998,0.0674,-0.005400000000000001,0.046200000000000005,-0.019399999999999997,0.04959999999999999,0.011799999999999995,0.0474
1.3229065537217415,-0.037200000000000004,0.1124,0.08259999999999999,0.028199999999999996,0.04919999999999998,0.004599999999999998,0.0996,0.0654,0.0492,0.077,0.09620000000000001,0.0646,0.07440000000000001,0.03519999999999999,0.048600000000000004,0.06359999999999999,0.06159999999999998,-0.0014000000000000009,0.0586,0.003399999999999999,0.0496,0.010199999999999997,0.0402
1.3222576483007924,-0.0538,0.10640000000000001,0.06899999999999999,0.021600000000000005,0.0402,0.0030000000000000035,0.09459999999999999,0.04900000000000001,0.0386,0.0536,0.09079999999999998,0.06680000000000001,0.0664,0.030199999999999998,0.04620000000000001,0.06099999999999999,0.05199999999999999,-0.004399999999999994,0.065,0.012599999999999998,0.0458,-0.0011999999999999988,0.025199999999999997
1.3216234652114598,-0.06,0.0884,0.0574,0.011800000000000001,0.0356,-0.009,0.084,0.03599999999999999,0.0228,0.0416,0.061,0.038799999999999994,0.046799999999999994,0.0188,0.028399999999999998,0.038,0.0448,-0.009999999999999997,0.0526,0.010800000000000002,0.0366,-0.015599999999999998,0.0009999999999999968
1.3209898901660824,-0.054599999999999996,0.088,0.061399999999999996,0.0198,0.05140000000000001,-0.005399999999999998,0.08959999999999999,0.03960000000000001,0.04060000000000001,0.035,0.05919999999999999,0.02559999999999999,0.04800000000000001,0.0172,0.024600000000000004,0.025,0.0518,-0.0009999999999999946,0.0804,0.026000000000000006,0.039799999999999995,-0.0017999999999999971,0.0056
1.3203428632273866,-0.0606,0.0688,0.054200000000000005,0.013599999999999994,0.0512,-0.005199999999999997,0.0884,0.03359999999999999,0.0428,0.0326,0.054799999999999995,0.02959999999999999,0.041,0.017599999999999994,0.023399999999999997,0.008599999999999998,0.0424,-7.105427357601002e-18,0.0722,0.026199999999999998,0.029199999999999997,0.0014000000000000004,-0.010200000000000002
1.319710515112814,-0.0636,0.051,0.05479999999999999,0.005399999999999994,0.0442,-0.008600000000000002,0.08120000000000001,0.03559999999999999,0.045399999999999996,0.0314,0.046,0.02759999999999999,0.028999999999999995,0.0298,0.014,-0.0106,0.048,-0.008000000000000005,0.06760000000000001,0.0508,0.023199999999999995,0.0104,-0.0216
1.3190647405484757,-0.0664,0.054200000000000005,0.0584,0.0044,0.0498,0.020600000000000007,0.08120000000000001,0.040799999999999996,0.0544,0.03719999999999999,0.047799999999999995,0.027399999999999997,0.0312,0.0258,0.019399999999999997,-0.019600000000000003,0.0456,-0.0096,0.0658,0.060399999999999995,0.01859999999999999,0.017400000000000006,-0.0256
1.3184336158041914,-0.0804,0.0386,0.0394,-0.013800000000000005,0.04,0.0158,0.07,0.026399999999999996,0.0426,0.032799999999999996,0.03159999999999999,0.0037999999999999952,-0.0004000000000000038,0.0017999999999999954,0.0016000000000000022,-0.030200000000000008,0.020999999999999994,-0.0224,0.039,0.05,-0.0040000000000000036,0.0023999999999999985,-0.045399999999999996
1.3178030947117836,-0.0696,0.038000000000000006,0.055,0.005000000000000005,0.056,0.029600000000000005,0.07279999999999999,0.031,0.047000000000000014,0.0412,0.04860000000000001,0.005000000000000002,-0.0078,1.7763568394002505e-18,0.013800000000000003,-0.012399999999999993,0.020399999999999998,-0.016999999999999994,0.05240000000000001,0.0498,0.007200000000000007,0.0014000000000000065,-0.0384
1.3171591850608655,-0.0492,0.0502,0.0688,0.032799999999999996,0.081,0.05080000000000002,0.0896,0.041400000000000006,0.065,0.045399999999999996,0.06060000000000001,0.0242,0.007600000000000004,0.017000000000000008,0.04200000000000001,0.0242,0.051000000000000004,-0.0033999999999999907,0.0742,0.06800000000000002,0.030200000000000008,0.017000000000000008,-0.027
1.3165298820431695,-0.052399999999999995,0.04519999999999999,0.0674,0.0424,0.1044,0.0588,0.0886,0.037200000000000004,0.0696,0.0626,0.05219999999999999,0.023600000000000003,0.004000000000000003,0.019,0.04,0.026600000000000002,0.0652,0.0032000000000000054,0.07759999999999999,0.0698,0.02459999999999999,0.02760000000000001,-0.0422
1.3159011800662195,-0.05240000000000001,0.0368,0.060399999999999995,0.0364,0.09579999999999998,0.0536,0.0704,0.020999999999999994,0.044,0.060200000000000004,0.0416,0.012600000000000002,-0.02,0.0128,0.030999999999999993,0.008399999999999994,0.0458,-0.008599999999999998,0.0662,0.065,0.0013999999999999987,0.0246,-0.058600000000000006
1.3152591272619276,-0.0526,0.0314,0.052,0.030799999999999994,0.0782,0.0554,0.0576,0.014199999999999996,0.031999999999999994,0.04119999999999999,0.0424,0.010999999999999998,-0.010999999999999992,0.019399999999999997,0.03379999999999999,0.007600000000000002,0.026999999999999982,-0.02240000000000001,0.047,0.049999999999999996,-0.005999999999999997,0.028000000000000004,-0.057
1.3146316380946323,-0.0554,0.04340000000000001,0.047799999999999995,0.030800000000000004,0.0704,0.07520000000000002,0.0514,0.0252,0.0268,0.03860000000000001,0.046200000000000005,0.029999999999999995,-0.012799999999999997,0.0268,0.0434,0.0178,0.023399999999999997,-0.0228,0.0124,0.0394,-0.010599999999999993,0.03220000000000001,-0.05319999999999999
1.3140047473719905,-0.05260000000000001,0.0536,0.0592,0.045200000000000004,0.07019999999999998,0.091,0.061399999999999996,0.052,0.0426,0.047200000000000006,0.0584,0.032400000000000005,-0.0024000000000000002,0.040600000000000004,0.0526,0.0308,0.0376,-0.004200000000000001,0.018799999999999994,0.045,0.004200000000000005,0.057,-0.04
1.3133645433939882,-0.046799999999999994,0.0578,0.0746,0.05299999999999999,0.0756,0.086,0.06779999999999999,0.05919999999999999,0.0664,0.0604,0.056799999999999996,0.048600000000000004,0.020399999999999998,0.0526,0.05600000000000001,0.0442,0.0362,0.0136,0.0246,0.056799999999999996,0.024200000000000006,0.0594,-0.02859999999999999
1.3127388602462444,-0.039,0.0664,0.068,0.025799999999999983,0.061,0.06459999999999999,0.05959999999999999,0.053,0.0608,0.0438,0.046200000000000005,0.0474,0.014399999999999996,0.0538,0.047200000000000006,0.03699999999999999,0.02859999999999999,0.014199999999999997,0.009599999999999994,0.04179999999999999,0.029,0.047999999999999994,-0.035199999999999995
1.3121137729619912,-0.0019999999999999914,0.0742,0.0768,0.030399999999999996,0.0746,0.06559999999999999,0.0624,0.0736,0.0664,0.053200000000000004,0.060399999999999995,0.060200000000000004,0.0344,0.06559999999999999,0.05920000000000001,0.048799999999999996,0.03479999999999999,0.019,0.027800000000000002,0.049,0.0562,0.0628,-0.01799999999999999
1.3114754098360655,-0.008800000000000006,0.0664,0.0674,0.0254,0.055799999999999995,0.0654,0.0528,0.0632,0.0522,0.0582,0.048,0.0514,0.032999999999999995,0.0544,0.053200000000000004,0.039799999999999995,0.031999999999999994,0.018600000000000002,0.004999999999999992,0.046,0.0504,0.0616,-0.0288
1.310851524922036,-0.0166,0.074,0.06119999999999999,0.0254,0.056600000000000004,0.061799999999999994,0.0534,0.06060000000000001,0.05160000000000001,0.066,0.057600000000000005,0.03640000000000001,0.037200000000000004,0.051,0.05260000000000001,0.0256,0.013800000000000003,0.0102,-0.011199999999999996,0.0354,0.039,0.0704,-0.01939999999999999
1.3102282333051565,0.0008000000000000044,0.09759999999999999,0.07659999999999999,0.0312,0.05360000000000001,0.07900000000000001,0.07880000000000001,0.0864,0.06459999999999999,0.061399999999999996,0.08680000000000002,0.046000000000000006,0.05920000000000001,0.07060000000000001,0.0724,0.04200000000000001,0.023800000000000005,0.024600000000000007,-0.003599999999999993,0.0538,0.0624,0.07659999999999999,0.013200000000000007
1.3096055341395152,0.0112,0.09699999999999999,0.0734,0.04360000000000001,0.0704,0.0864,0.1016,0.10479999999999999,0.077,0.0724,0.10679999999999999,0.055200000000000006,0.0836,0.07579999999999999,0.08880000000000002,0.0616,0.0412,0.041,0.006800000000000006,0.07379999999999999,0.0888,0.0878,0.028
1.3089696086814244,0.0031999999999999936,0.10779999999999999,0.06859999999999998,0.056799999999999996,0.0886,0.0984,0.1128,0.106,0.0804,0.0852,0.11799999999999998,0.06420000000000001,0.0848,0.06819999999999998,0.09800000000000002,0.0624,0.052399999999999995,0.0508,0.0148,0.0872,0.0942,0.09279999999999998,0.029
1.3083481050054866,-0.014800000000000004,0.083,0.05700000000000001,0.0514,0.079,0.0746,0.11040000000000001,0.0912,0.060399999999999995,0.06999999999999998,0.0912,0.04699999999999999,0.06919999999999998,0.0592,0.07659999999999999,0.051,0.03979999999999999,0.0366,0.011,0.07099999999999998,0.08220000000000001,0.083,0.0184
1.3077271912340094,-0.0212,0.07940000000000001,0.032799999999999996,0.0438,0.07579999999999999,0.0574,0.10840000000000001,0.07019999999999998,0.046400000000000004,0.061399999999999996,0.07359999999999998,0.033599999999999984,0.045599999999999995,0.0588,0.0584,0.0428,0.02219999999999999,0.024399999999999998,0.013999999999999999,0.0664,0.0694,0.064,0.009800000000000001
1.3071068665275232,-0.008399999999999994,0.0892,0.023399999999999997,0.0654,0.0818,0.08140000000000001,0.1142,0.07440000000000001,0.0294,0.061799999999999994,0.08019999999999998,0.033999999999999996,0.048799999999999996,0.06280000000000002,0.062,0.049600000000000005,0.016800000000000002,0.02900000000000001,0.0256,0.0514,0.0728,0.0722,0.018800000000000004
1.306473364801079,0.0062,0.1052,0.0422,0.1014,0.09680000000000001,0.1016,0.12699999999999997,0.0886,0.0496,0.0842,0.09279999999999998,0.0518,0.0686,0.0906,0.0792,0.07659999999999999,0.043,0.0396,0.0514,0.0742,0.08220000000000001,0.09620000000000001,0.0346
1.3058542287561739,-0.0015999999999999996,0.0974,0.0366,0.11059999999999999,0.07840000000000001,0.1144,0.12179999999999996,0.07,0.058,0.07999999999999999,0.09899999999999999,0.048799999999999996,0.057,0.0932,0.06199999999999999,0.06720000000000001,0.0416,0.045399999999999996,0.041,0.07959999999999999,0.07779999999999998,0.08179999999999998,0.0318
1.305235679248858,-0.0032,0.09299999999999999,0.0248,0.1098,0.0824,0.10840000000000001,0.11279999999999998,0.05959999999999999,0.06559999999999999,0.0642,0.09899999999999999,0.06720000000000001,0.0598,0.10959999999999999,0.05819999999999998,0.0688,0.027999999999999997,0.0436,0.0544,0.07839999999999998,0.0716,0.07599999999999998,0.031799999999999995
1.3046177154460425,-0.0062,0.0714,0.030400000000000014,0.1176,0.0844,0.1,0.10979999999999998,0.0636,0.0682,0.0616,0.061799999999999994,0.07379999999999999,0.0692,0.11000000000000001,0.0512,0.06719999999999998,0.026199999999999994,0.04760000000000001,0.061200000000000004,0.0874,0.0808,0.061000000000000006,0.0304
1.3039866236210869,-0.0338,0.048600000000000004,0.019399999999999997,0.1156,0.06899999999999999,0.0728,0.094,0.061200000000000004,0.0536,0.042,0.028399999999999998,0.06719999999999998,0.056799999999999996,0.08499999999999999,0.03479999999999999,0.04159999999999999,0.012599999999999998,0.036,0.0438,0.0564,0.0582,0.0402,0.0192
1.3033698417036306,-0.05140000000000001,0.0492,0.027399999999999997,0.10399999999999998,0.058,0.05199999999999999,0.0728,0.0528,0.052,0.0304,0.0037999999999999952,0.061,0.0492,0.08020000000000001,0.027800000000000005,0.015999999999999993,-0.0017999999999999989,0.0238,0.022199999999999994,0.03339999999999999,0.0386,0.017799999999999996,0.015599999999999998
1.3027536429824653,-0.050400000000000014,0.0402,0.034800000000000005,0.09459999999999999,0.0572,0.0384,0.06880000000000001,0.0634,0.0576,0.022999999999999996,0.002,0.07,0.047400000000000005,0.0762,0.018,0.012399999999999994,0.003,0.016799999999999995,0.014799999999999995,0.0374,0.04000000000000001,0.0001999999999999966,0.004799999999999996
1.302138026630823,-0.048799999999999996,0.028999999999999995,0.02759999999999999,0.07540000000000001,0.05079999999999999,0.022199999999999987,0.05079999999999999,0.0536,0.0634,0.00979999999999999,0.003999999999999997,0.0678,0.052,0.06899999999999999,0.009599999999999992,0.008799999999999995,-0.010000000000000002,0.004999999999999992,0.005399999999999992,0.045,0.03279999999999999,-0.020000000000000004,0.0001999999999999992
1.3015229918234967,-0.039,0.0352,0.04440000000000001,0.0636,0.0588,0.027199999999999988,0.0412,0.05,0.0792,0.014600000000000004,0.018600000000000002,0.07759999999999999,0.08920000000000002,0.0628,0.009199999999999995,0.017400000000000006,0.004200000000000003,0.004799999999999995,-0.005400000000000004,0.04380000000000002,0.05380000000000002,-0.0031999999999999923,0.004200000000000006
1.3008948897911223,-0.04879999999999999,0.0338,0.05220000000000001,0.05540000000000001,0.064,0.0202,0.046400000000000004,0.0482,0.09360000000000002,0.019200000000000005,0.0412,0.0704,0.0888,0.051,0.004199999999999997,0.0176,0.010600000000000004,0.008199999999999995,-0.017199999999999997,0.05440000000000001,0.054000000000000006,0.0032000000000000045,0.0018000000000000082
1.300281028480349,-0.05179999999999999,0.026199999999999998,0.0506,0.05460000000000001,0.0712,0.01640000000000001,0.035,0.043,0.09540000000000001,0.002,0.039200000000000006,0.0674,0.07859999999999999,0.0374,0.0034000000000000037,0.021800000000000003,0.0030000000000000044,0.017000000000000005,-0.020999999999999998,0.05320000000000001,0.046799999999999994,-0.0033999999999999933,0.010200000000000002
1.2996677462293913,-0.0522,0.0298,0.0576,0.04580000000000002,0.0928,0.029,0.0504,0.045200000000000004,0.0942,0.002800000000000001,0.0352,0.07759999999999999,0.0864,0.0346,0.014599999999999995,0.029000000000000005,0.008599999999999998,0.017799999999999996,-0.008199999999999999,0.053,0.0496,0.004200000000000001,0.018800000000000004
1.299055042219289,-0.034,0.04280000000000002,0.0678,0.059200000000000016,0.104,0.0412,0.0684,0.0638,0.09499999999999999,0.012199999999999999,0.046799999999999994,0.06559999999999999,0.1028,0.04300000000000001,0.02459999999999999,0.0322,0.027600000000000003,0.0184,-0.0158,0.0484,0.053399999999999996,0.010000000000000005,0.0286
1.2984429156326245,-0.0316,0.0442,0.0646,0.054400000000000004,0.09779999999999998,0.039200000000000006,0.0704,0.059,0.0896,0.008000000000000004,0.072,0.0564,0.09279999999999998,0.05180000000000002,0.0374,0.025999999999999992,0.02059999999999999,0.023399999999999997,-0.014799999999999994,0.0352,0.0396,0.012000000000000004,0.026600000000000002
1.2978313656535208,-0.019,0.061200000000000004,0.06160000000000001,0.0606,0.103,0.047200000000000006,0.055600000000000004,0.0444,0.0952,0.033,0.09040000000000001,0.063,0.08939999999999998,0.05819999999999999,0.0592,0.05040000000000001,0.016399999999999998,0.037,-0.010999999999999992,0.05,0.0402,0.03500000000000001,0.0428
1.2972068207971545,0.003400000000000002,0.0708,0.0608,0.0772,0.1102,0.0772,0.060399999999999995,0.0574,0.10799999999999998,0.046799999999999994,0.10540000000000001,0.0678,0.0938,0.07440000000000001,0.0742,0.0748,0.039799999999999995,0.0426,0.0001999999999999974,0.06580000000000001,0.0484,0.0646,0.0572
1.2965964343598055,0.0258,0.0838,0.0526,0.08399999999999999,0.11220000000000001,0.07540000000000001,0.07020000000000001,0.054,0.09999999999999999,0.061799999999999994,0.11220000000000001,0.0628,0.0862,0.08059999999999999,0.0804,0.0836,0.0522,0.0424,0.015400000000000002,0.047799999999999995,0.03699999999999999,0.0788,0.0756
1.2959866220735787,0.0436,0.1166,0.06,0.11380000000000001,0.1216,0.10179999999999999,0.09820000000000001,0.0782,0.105,0.085,0.1346,0.09559999999999999,0.09219999999999998,0.0988,0.1174,0.0984,0.07959999999999999,0.0668,0.040600000000000004,0.0598,0.0406,0.1088,0.09039999999999998
1.2953773831287543,0.045399999999999996,0.12340000000000001,0.06960000000000001,0.148,0.1326,0.12039999999999998,0.10499999999999998,0.08259999999999999,0.098,0.09820000000000002,0.1334,0.1092,0.08959999999999999,0.1062,0.1376,0.09960000000000002,0.0788,0.087,0.0536,0.051,0.037399999999999996,0.10959999999999999,0.09559999999999998
1.2947687167171347,0.045,0.12240000000000001,0.06559999999999999,0.15519999999999998,0.1318,0.13439999999999996,0.10779999999999999,0.07640000000000001,0.0888,0.1068,0.1274,0.113,0.086,0.1088,0.1494,0.09340000000000001,0.0844,0.09140000000000001,0.071,0.040400000000000005,0.04440000000000001,0.1072,0.09579999999999998
1.294160622032041,0.0308,0.12140000000000001,0.0634,0.164,0.124,0.1314,0.12279999999999998,0.0686,0.082,0.119,0.12440000000000001,0.10579999999999999,0.0886,0.105,0.1402,0.07899999999999999,0.0762,0.08579999999999999,0.07440000000000001,0.0368,0.0526,0.113,0.09620000000000001
1.2935530982683079,0.00239999999999999,0.12840000000000001,0.065,0.1776,0.1082,0.11480000000000001,0.11179999999999998,0.0694,0.08180000000000001,0.1166,0.1248,0.09379999999999998,0.0846,0.113,0.1454,0.07940000000000001,0.07940000000000001,0.08120000000000001,0.07899999999999999,0.0338,0.061799999999999994,0.1222,0.0872
1.292932663232749,-0.014799999999999997,0.11359999999999999,0.054599999999999996,0.1576,0.09579999999999998,0.09759999999999999,0.10539999999999998,0.0648,0.05979999999999999,0.11780000000000002,0.1138,0.09459999999999999,0.0704,0.09499999999999999,0.133,0.0686,0.08259999999999999,0.0724,0.07640000000000001,0.04,0.06480000000000001,0.10399999999999998,0.0868
1.2923262915446425,-0.010999999999999998,0.13340000000000002,0.056,0.15039999999999998,0.09540000000000001,0.0994,0.10179999999999999,0.0658,0.0508,0.1262,0.10840000000000001,0.10979999999999998,0.07640000000000002,0.0942,0.11799999999999998,0.07659999999999999,0.09699999999999999,0.08080000000000001,0.08020000000000001,0.043,0.0732,0.09099999999999998,0.0864
1.2917204883536813,-0.0152,0.1172,0.05479999999999999,0.1406,0.08599999999999998,0.0866,0.11019999999999998,0.06219999999999999,0.0414,0.104,0.10079999999999999,0.09139999999999998,0.06019999999999998,0.0992,0.09079999999999998,0.05119999999999999,0.09479999999999998,0.0678,0.0772,0.040600000000000004,0.0694,0.0638,0.064
1.2911152528607575,-0.0264,0.0992,0.04299999999999999,0.12199999999999998,0.0726,0.052399999999999995,0.11339999999999996,0.0518,0.0282,0.0848,0.0992,0.07239999999999998,0.039799999999999995,0.07640000000000001,0.0584,0.018199999999999987,0.0688,0.0626,0.07599999999999998,0.032799999999999996,0.06,0.0358,0.0502
1.2905105842682596,-0.045200000000000004,0.0902,0.04259999999999999,0.11319999999999998,0.0704,0.03919999999999999,0.09759999999999998,0.054,0.0198,0.079,0.09359999999999997,0.06899999999999999,0.037,0.06479999999999998,0.048199999999999986,0.003399999999999991,0.0482,0.054599999999999996,0.07299999999999998,0.028999999999999998,0.05319999999999999,0.0324,0.049
1.289906481780071,-0.06719999999999998,0.06439999999999997,0.03719999999999999,0.0798,0.0716,0.02659999999999999,0.09079999999999999,0.0516,-0.003200000000000008,0.05979999999999999,0.0704,0.04379999999999999,0.03159999999999999,0.03559999999999999,0.02440000000000001,-0.005399999999999997,0.030999999999999993,0.036599999999999994,0.0722,0.013999999999999999,0.056,0.017399999999999995,0.0396
1.2893029446015638,-0.0678,0.06499999999999999,0.0248,0.0506,0.054,0.004799999999999999,0.1008,0.0518,-0.014599999999999998,0.0512,0.06659999999999999,0.03339999999999999,0.013800000000000002,0.022600000000000002,0.013399999999999997,-0.02,0.0174,0.01039999999999999,0.08159999999999999,0.035,0.05260000000000001,0.0035999999999999995,0.0208
1.2886999719395973,-0.0724,0.0628,0.027800000000000005,0.0312,0.0362,-0.0272,0.0892,0.0426,-0.0254,0.032,0.037399999999999996,0.03,0.007400000000000002,0.017000000000000005,-0.000199999999999999,-0.0218,0.0031999999999999976,-0.023600000000000006,0.0616,0.0378,0.01479999999999999,-0.0136,0.008399999999999998
1.288097563002514,-0.0714,0.062200000000000005,0.0322,0.011200000000000003,0.0258,-0.020799999999999992,0.0772,0.038200000000000005,-0.027999999999999997,0.022999999999999996,0.037399999999999996,0.0256,-0.0062,0.02040000000000001,0.0012000000000000008,-0.019999999999999997,0.008200000000000002,-0.0338,0.0516,0.0246,-0.0036000000000000016,-0.02759999999999999,-0.006800000000000001
1.2874957170001349,-0.0534,0.07640000000000001,0.04240000000000001,0.010600000000000009,0.0354,-0.0073999999999999925,0.0792,0.0464,-0.0364,0.0344,0.0366,0.0394,0.002600000000000006,0.013800000000000002,3.552713678800501e-18,-0.023199999999999995,0.010800000000000002,-0.023,0.0484,0.0242,-0.005199999999999995,-0.028399999999999988,-0.0003999999999999968
1.2868944331437586,-0.0522,0.0686,0.0456,0.010399999999999994,0.038200000000000005,0.0006000000000000015,0.07459999999999999,0.037399999999999996,-0.037399999999999996,0.0272,0.037,0.030799999999999994,0.0038000000000000017,0.005799999999999997,0.0017999999999999989,-0.010999999999999996,-0.012200000000000006,-0.010199999999999999,0.042399999999999986,0.017799999999999996,-0.009399999999999999,-0.022799999999999994,-0.010200000000000002
1.2862937106461552,-0.054,0.0434,0.041,0.006400000000000002,0.024199999999999996,-0.000999999999999999,0.0582,0.030999999999999996,-0.03119999999999999,0.010600000000000002,0.038400000000000004,0.0152,-0.011,0.0020000000000000044,-0.007400000000000002,-0.013199999999999995,-0.013799999999999995,-0.022999999999999993,0.0346,0.018,-0.016000000000000004,-0.016999999999999998,-0.0176
1.2856935487215644,-0.0458,0.054,0.055200000000000006,0.009200000000000002,0.0332,0.018600000000000002,0.0578,0.045399999999999996,-0.019399999999999997,0.037000000000000005,0.0458,0.027800000000000002,0.004000000000000002,0.006600000000000003,0.0012000000000000012,0.0018000000000000004,0.0016000000000000085,-0.014999999999999993,0.0404,0.0184,0.0018000000000000021,0.01240000000000001,-0.0132
1.2850939465856919,-0.0338,0.06719999999999998,0.0598,0.0268,0.0334,0.0418,0.06620000000000001,0.0562,-0.010799999999999997,0.06559999999999999,0.0526,0.045,0.0224,0.0332,0.025000000000000005,0.029800000000000004,0.024000000000000007,-0.011200000000000002,0.048199999999999986,0.0222,0.020000000000000004,0.0202,-0.014200000000000003
1.2844949034557056,-0.0312,0.07540000000000001,0.0634,0.039,0.018600000000000002,0.0584,0.0714,0.056799999999999996,0.003999999999999994,0.065,0.0544,0.039,0.023999999999999997,0.041,0.037,0.045,0.038400000000000004,-0.002000000000000007,0.039200000000000006,0.03459999999999999,0.03559999999999999,0.016599999999999997,-0.033800000000000004
1.2838964185502326,-0.02940000000000001,0.087,0.064,0.0586,0.0046,0.0546,0.059,0.0396,0.0212,0.0718,0.0514,0.030999999999999993,0.008999999999999992,0.056799999999999996,0.02159999999999999,0.0396,0.0426,-0.006200000000000005,0.019599999999999992,0.03499999999999999,0.030799999999999994,0.0238,-0.039
1.2832984910893548,-0.041,0.0742,0.06179999999999999,0.0662,0.011200000000000003,0.055200000000000006,0.0504,0.0396,0.0216,0.07399999999999998,0.044,0.031999999999999994,0.008199999999999999,0.068,0.019599999999999992,0.038200000000000005,0.064,0.0064,0.0158,0.024399999999999998,0.0304,0.0318,-0.02459999999999999
1.2827011202946075,-0.0384,0.0664,0.054,0.0698,0.0176,0.0684,0.0564,0.04860000000000001,0.03540000000000001,0.081,0.0596,0.023999999999999997,0.02040000000000001,0.07880000000000001,0.017400000000000002,0.0394,0.0676,0.02459999999999999,0.018600000000000002,0.011199999999999996,0.056,0.034199999999999994,-0.014599999999999998
1.282104305388974,-0.022399999999999993,0.0642,0.0598,0.0694,0.020399999999999998,0.0722,0.05419999999999999,0.06140000000000001,0.039400000000000004,0.091,0.0716,0.0268,0.041200000000000014,0.0782,0.03600000000000001,0.037200000000000004,0.0698,0.0376,0.0252,0.0208,0.07379999999999998,0.04380000000000002,3.552713678800501e-18
1.281508045596883,-0.0216,0.0664,0.069,0.056799999999999996,0.015400000000000004,0.0702,0.0536,0.06120000000000001,0.056,0.0846,0.0676,0.023800000000000005,0.056400000000000006,0.07599999999999998,0.0528,0.0418,0.0756,0.0282,0.024199999999999996,0.010199999999999996,0.06559999999999999,0.0458,0.009000000000000005
1.280912340144206,-0.012799999999999995,0.0938,0.0862,0.0572,0.028000000000000004,0.07520000000000002,0.0648,0.074,0.0842,0.08379999999999999,0.0626,0.03,0.0694,0.1058,0.07640000000000001,0.0474,0.085,0.0352,0.047,0.0176,0.07179999999999999,0.0538,0.0318
1.2803171882582525,-0.003999999999999995,0.11299999999999999,0.09220000000000002,0.059000000000000004,0.048600000000000004,0.07920000000000002,0.0852,0.0836,0.0834,0.1052,0.055,0.0364,0.07,0.1012,0.09680000000000001,0.068,0.0868,0.04220000000000001,0.047799999999999995,0.015799999999999998,0.08299999999999999,0.0664,0.0482
1.2797225891677675,-0.01,0.11219999999999998,0.0854,0.0692,0.055,0.0874,0.09240000000000001,0.0874,0.075,0.10000000000000002,0.038200000000000005,0.025799999999999993,0.06520000000000001,0.08299999999999999,0.103,0.0732,0.0742,0.03,0.0492,0.022600000000000002,0.0792,0.060399999999999995,0.0518
1.2791285421029286,-0.02640000000000001,0.11199999999999999,0.0882,0.0638,0.06420000000000001,0.0828,0.07659999999999999,0.0732,0.06679999999999998,0.07699999999999999,0.0212,0.0214,0.0624,0.0666,0.08779999999999999,0.0662,0.051,0.016999999999999998,0.0446,0.033400000000000006,0.04979999999999999,0.0718,0.073
1.2785350462953415,-0.014599999999999998,0.11379999999999998,0.10880000000000001,0.07620000000000002,0.07940000000000001,0.092,0.09479999999999998,0.07859999999999999,0.068,0.0824,0.03560000000000001,0.047400000000000005,0.07759999999999999,0.0762,0.0892,0.079,0.0536,0.026600000000000002,0.0656,0.0448,0.0498,0.0884,0.11099999999999999
1.277942100978038,-0.0038,0.12179999999999998,0.12079999999999999,0.0888,0.0886,0.1174,0.1002,0.0868,0.0728,0.0918,0.05240000000000001,0.0496,0.0968,0.07559999999999999,0.1176,0.09720000000000001,0.0684,0.05140000000000001,0.0872,0.0498,0.05899999999999999,0.0882,0.12040000000000001
1.2773497053854712,0.0076,0.13699999999999998,0.1222,0.1092,0.1006,0.13,0.0992,0.09000000000000001,0.0878,0.0882,0.064,0.054,0.11099999999999999,0.08259999999999999,0.1212,0.11820000000000001,0.0736,0.06340000000000001,0.09380000000000001,0.0546,0.0678,0.08940000000000001,0.12340000000000001
1.2767578587535136,0.03460000000000001,0.15819999999999998,0.1378,0.12439999999999998,0.1258,0.1414,0.10840000000000001,0.1024,0.1026,0.09700000000000002,0.07120000000000001,0.0886,0.1182,0.0886,0.1404,0.1358,0.1002,0.08180000000000001,0.11020000000000002,0.0758,0.074,0.11220000000000001,0.13479999999999998
1.2761665603194534,0.0332,0.162,0.1348,0.1334,0.1352,0.12359999999999999,0.1192,0.09459999999999999,0.0978,0.09940000000000002,0.0634,0.0792,0.11059999999999999,0.0896,0.1258,0.1356,0.0938,0.07920000000000002,0.1044,0.0762,0.0658,0.11299999999999999,0.12179999999999998
1.2755758093219902,0.042,0.15059999999999998,0.12359999999999999,0.15419999999999995,0.1366,0.1232,0.13119999999999998,0.0916,0.08159999999999999,0.08979999999999998,0.061200000000000004,0.0872,0.09820000000000001,0.0998,0.10540000000000001,0.13479999999999998,0.0948,0.07659999999999999,0.09219999999999998,0.08879999999999998,0.0584,0.1052,0.11220000000000001
1.274985605001234,0.0402,0.1382,0.11220000000000001,0.15539999999999998,0.1166,0.113,0.138,0.07959999999999999,0.05859999999999999,0.08499999999999999,0.055,0.107,0.087,0.0856,0.0942,0.13140000000000002,0.1044,0.0644,0.08319999999999997,0.08179999999999998,0.0526,0.0984,0.0932
1.274395946598699,0.018799999999999994,0.12340000000000001,0.0984,0.14999999999999997,0.09459999999999998,0.0952,0.11599999999999999,0.0652,0.04779999999999999,0.0624,0.0494,0.0988,0.07940000000000001,0.06899999999999999,0.086,0.10799999999999998,0.0942,0.047,0.0854,0.06299999999999999,0.0386,0.0824,0.06319999999999999
1.2738199188453438,0.022600000000000002,0.1172,0.0968,0.13759999999999997,0.0932,0.08480000000000001,0.103,0.0484,0.0484,0.0464,0.060599999999999994,0.10399999999999998,0.0874,0.0862,0.074,0.111,0.09839999999999997,0.047,0.07479999999999998,0.04599999999999999,0.026600000000000002,0.07840000000000001,0.055200000000000006
1.2732313379197042,0.036,0.1134,0.1,0.14479999999999996,0.09299999999999999,0.097,0.1142,0.05079999999999999,0.0574,0.0562,0.07039999999999998,0.11259999999999999,0.0798,0.09720000000000001,0.0862,0.13579999999999998,0.12099999999999998,0.0608,0.07840000000000001,0.0476,0.04519999999999999,0.061799999999999994,0.046
1.2726433006619797,0.0208,0.1014,0.08079999999999998,0.1262,0.08399999999999999,0.09340000000000001,0.1026,0.0518,0.048199999999999986,0.047,0.0476,0.09159999999999999,0.06219999999999999,0.08079999999999998,0.0818,0.12680000000000002,0.11159999999999998,0.05,0.0644,0.0432,0.039200000000000006,0.05180000000000002,0.022600000000000002
1.272055806319245,0.009399999999999997,0.088,0.075,0.1044,0.08779999999999998,0.074,0.11880000000000002,0.057,0.0446,0.046400000000000004,0.0432,0.08159999999999999,0.056,0.0864,0.0728,0.11080000000000001,0.09620000000000001,0.03139999999999999,0.056600000000000004,0.0456,0.031799999999999995,0.054799999999999995,0.016799999999999995
1.2714688541399641,-0.006400000000000004,0.07640000000000001,0.06259999999999999,0.0846,0.066,0.054799999999999995,0.119,0.046799999999999994,0.028800000000000003,0.039799999999999995,0.024999999999999998,0.06520000000000002,0.0376,0.0742,0.0616,0.0852,0.0694,0.011799999999999998,0.037399999999999996,0.0334,-0.00360000000000001,0.03359999999999999,0.0037999999999999952
1.2708824433739878,-0.04360000000000001,0.04919999999999998,0.037200000000000004,0.0726,0.030199999999999998,0.025199999999999997,0.08579999999999999,0.034199999999999994,-0.008600000000000005,0.017799999999999996,0.004199999999999995,0.02839999999999999,0.010399999999999996,0.0496,0.0298,0.0574,0.0268,-0.009,0.008599999999999993,0.009999999999999997,-0.035800000000000005,-0.0014000000000000056,-0.0188
1.2702965732725504,-0.055,0.04399999999999999,0.02940000000000001,0.06599999999999999,0.034600000000000006,0.041200000000000014,0.0848,0.050600000000000006,0.005000000000000012,0.017000000000000005,0.0025999999999999986,0.038799999999999994,0.0096,0.044,0.0214,0.06780000000000003,0.0434,-0.005199999999999994,0.01840000000000001,0.021200000000000007,-0.0414,-0.010599999999999998,-0.010399999999999994
1.2697112430882653,-0.0642,0.04,0.024000000000000004,0.03819999999999999,0.039400000000000004,0.026199999999999998,0.0702,0.0482,0.017400000000000006,0.0174,-0.0042000000000000015,0.018799999999999994,0.0044,0.035399999999999994,0.014199999999999999,0.07640000000000001,0.031,-0.0021999999999999975,0.010399999999999993,0.012999999999999998,-0.053399999999999996,-0.0216,-0.016399999999999994
1.2691394415786457,-0.0724,0.04060000000000001,0.022,0.01859999999999999,0.032999999999999995,0.0198,0.054799999999999995,0.053399999999999996,0.016199999999999996,0.0256,0.0010000000000000005,-0.0022,0.0042000000000000015,0.021399999999999992,-0.002399999999999999,0.06779999999999999,0.0212,-0.009000000000000005,-0.01740000000000001,0.012599999999999997,-0.0582,-0.0324,-0.013800000000000002
1.2685551770350592,-0.060200000000000004,0.048,0.0378,0.023799999999999995,0.040600000000000004,0.03680000000000002,0.0674,0.064,0.03360000000000001,0.030600000000000002,0.02260000000000001,0.004,0.0176,0.0438,0.000800000000000006,0.0714,0.0222,0.002800000000000004,-0.017199999999999997,0.0402,-0.03979999999999999,-0.028199999999999992,0.000800000000000002
1.2679714501912183,-0.0624,0.050600000000000006,0.048799999999999996,0.026799999999999994,0.0344,0.028399999999999998,0.07680000000000001,0.0762,0.040799999999999996,0.0338,0.03260000000000001,0.009800000000000001,0.017200000000000003,0.035,0.013200000000000007,0.06219999999999999,0.016,-0.002200000000000002,-0.009199999999999998,0.053200000000000004,-0.02659999999999999,-0.030599999999999992,-0.006000000000000002
1.2673882603051954,-0.0594,0.0572,0.0636,0.03300000000000001,0.033400000000000006,0.0208,0.08259999999999999,0.08259999999999999,0.0428,0.0354,0.05460000000000001,0.017400000000000002,0.0248,0.035,0.009400000000000002,0.042,0.011200000000000007,0.0010000000000000044,-0.013199999999999993,0.05660000000000001,-0.016200000000000003,-0.006999999999999991,-0.0108
1.2668056066364268,-0.049,0.055600000000000004,0.072,0.031,0.05160000000000001,0.018600000000000002,0.076,0.0574,0.047,0.0402,0.0664,0.025800000000000003,0.0254,0.046799999999999994,0.0036000000000000008,0.028999999999999998,0.0104,0.0014000000000000039,-0.008399999999999996,0.0498,-0.01620000000000001,-0.002399999999999995,-0.014400000000000001
1.2662234884457106,-0.0346,0.0592,0.0724,0.0318,0.048600000000000004,0.03200000000000001,0.0564,0.052399999999999995,0.0456,0.037399999999999996,0.0554,0.0428,0.03400000000000001,0.0484,0.007200000000000004,0.02359999999999999,0.0154,0.015400000000000002,-0.0067999999999999935,0.0448,-0.003999999999999999,-0.0072,-0.0078
1.265654823267635,-0.0238,0.054,0.0856,0.031199999999999995,0.055,0.0444,0.0482,0.0628,0.0516,0.05279999999999999,0.0654,0.047200000000000006,0.044,0.0546,0.02140000000000001,0.02839999999999999,0.024399999999999998,0.0294,-0.013,0.047999999999999994,0.0228,0.005800000000000006,0.0036000000000000008
1.2650737619620886,0.002200000000000004,0.07060000000000001,0.12,0.037200000000000004,0.0726,0.08480000000000001,0.0738,0.07119999999999999,0.08199999999999999,0.079,0.08760000000000003,0.0658,0.07460000000000003,0.0762,0.046799999999999994,0.045200000000000004,0.0582,0.07120000000000001,0.013600000000000004,0.0594,0.0538,0.039,0.023200000000000005
1.2644932339414459,0.017800000000000003,0.08,0.1208,0.0546,0.062400000000000004,0.07959999999999999,0.07479999999999999,0.0684,0.0762,0.0718,0.1002,0.0716,0.07640000000000001,0.08120000000000001,0.0574,0.028399999999999998,0.0534,0.0624,0.015400000000000006,0.0474,0.0628,0.045399999999999996,0.032400000000000005
1.263913238471888,0.011999999999999993,0.077,0.1164,0.0608,0.0572,0.0888,0.07940000000000001,0.07759999999999999,0.0636,0.07599999999999998,0.10720000000000002,0.0694,0.0694,0.08159999999999999,0.0686,0.008,0.055200000000000006,0.049999999999999996,0.027600000000000003,0.042,0.0688,0.0544,0.025399999999999992
1.2633466460184204,0.005999999999999997,0.0658,0.1024,0.0638,0.052,0.0808,0.0624,0.0686,0.0664,0.0592,0.10859999999999999,0.053399999999999996,0.04419999999999999,0.07379999999999998,0.06079999999999999,-0.014800000000000004,0.035599999999999986,0.02899999999999998,0.03579999999999999,0.030799999999999994,0.05199999999999999,0.045,0.019399999999999994
1.2627677016609469,0.0017999999999999989,0.0606,0.08220000000000001,0.0464,0.055400000000000005,0.08059999999999999,0.0494,0.0628,0.04179999999999999,0.061799999999999994,0.09359999999999999,0.05660000000000001,0.030199999999999994,0.055600000000000004,0.04879999999999999,-0.0272,0.0314,0.019799999999999984,0.025199999999999997,0.0264,0.039200000000000006,0.0364,0.027999999999999994
1.2621892876773682,0.015200000000000007,0.0588,0.0832,0.047599999999999996,0.06300000000000001,0.09240000000000001,0.06259999999999999,0.05679999999999999,0.042,0.0712,0.0852,0.0702,0.03319999999999999,0.0692,0.038,-0.010399999999999993,0.0404,0.035399999999999994,0.0334,0.0308,0.047799999999999995,0.03900000000000001,0.048799999999999996
1.2616114033392005,0.0126,0.0544,0.0608,0.03319999999999999,0.061,0.091,0.062200000000000005,0.0572,0.0384,0.0654,0.0638,0.0636,0.045200000000000004,0.0738,0.040799999999999996,-0.0037999999999999965,0.0384,0.027199999999999985,0.0424,0.008999999999999998,0.037,0.0206,0.048799999999999996
1.2610340479192939,0.015599999999999998,0.0724,0.0648,0.040799999999999996,0.051,0.1016,0.068,0.0722,0.04979999999999999,0.0836,0.06779999999999999,0.066,0.055600000000000004,0.07,0.0608,0.0026000000000000016,0.056799999999999996,0.034599999999999985,0.0466,0.0108,0.047400000000000005,0.013999999999999997,0.0596
1.2604700333414653,0.016599999999999993,0.0814,0.06520000000000001,0.0546,0.055799999999999995,0.1066,0.08020000000000001,0.07740000000000001,0.05679999999999998,0.09559999999999999,0.08280000000000001,0.0682,0.051,0.069,0.0588,0.009999999999999997,0.060399999999999995,0.038799999999999994,0.062,0.024600000000000007,0.0422,0.014399999999999996,0.061
1.2598937218683004,0.017199999999999997,0.08680000000000002,0.07180000000000002,0.06,0.056,0.1042,0.09259999999999999,0.08220000000000001,0.06579999999999998,0.096,0.0836,0.08059999999999999,0.060200000000000004,0.067,0.05719999999999999,0.0334,0.06620000000000001,0.0414,0.087,0.027199999999999995,0.0368,0.018199999999999997,0.0676
1.2593179371559726,-0.0050000000000000044,0.0736,0.045200000000000004,0.047799999999999995,0.0422,0.07640000000000001,0.07540000000000001,0.0742,0.056799999999999996,0.0674,0.05719999999999999,0.0644,0.040600000000000004,0.0466,0.02739999999999999,0.019399999999999997,0.03779999999999999,-0.010800000000000004,0.0662,0.015999999999999997,0.003399999999999989,-0.01760000000000001,0.052
1.2587554562988528,-0.008399999999999994,0.0518,0.0428,0.0364,0.04,0.0704,0.07979999999999998,0.06079999999999999,0.0502,0.0574,0.039200000000000006,0.0654,0.0346,0.039200000000000006,0.0212,0.026,0.015199999999999998,-0.004399999999999997,0.051799999999999985,0.014800000000000004,-0.001600000000000005,-0.024399999999999998,0.038
1.2581807112779666,-0.003800000000000004,0.0504,0.0424,0.0442,0.037399999999999996,0.0638,0.0912,0.0606,0.053200000000000004,0.0644,0.0422,0.07160000000000001,0.0324,0.0386,0.019000000000000003,0.0326,0.004799999999999995,0.0029999999999999966,0.06019999999999999,0.014799999999999997,0.004999999999999997,-0.03219999999999999,0.0522
1.2576064908722109,-0.005200000000000006,0.06819999999999998,0.062200000000000005,0.061799999999999994,0.0586,0.07779999999999998,0.1212,0.08059999999999999,0.0598,0.08059999999999999,0.022799999999999994,0.09259999999999999,0.06680000000000001,0.046799999999999994,0.041,0.055600000000000004,0.0374,0.02659999999999999,0.07159999999999998,0.038200000000000005,0.024,-0.010000000000000002,0.0734
1.257032794363627,-0.006200000000000002,0.0638,0.0732,0.062200000000000005,0.0598,0.0746,0.1232,0.08059999999999999,0.062200000000000005,0.06319999999999999,0.007599999999999998,0.08600000000000002,0.07759999999999999,0.056799999999999996,0.0308,0.06179999999999999,0.0338,0.0216,0.06959999999999998,0.019199999999999995,0.011999999999999993,-0.008000000000000004,0.0572
1.2564723525418233,0.007400000000000011,0.07019999999999998,0.07199999999999998,0.061,0.06900000000000002,0.076,0.1154,0.09440000000000001,0.061799999999999994,0.0554,0.018400000000000014,0.08000000000000003,0.0832,0.045399999999999996,0.037200000000000004,0.0562,0.0374,0.016399999999999994,0.06979999999999999,0.016000000000000004,-0.005800000000000003,-0.009800000000000001,0.0576
1.2558996900763668,0.006400000000000002,0.0718,0.08679999999999999,0.0706,0.08220000000000001,0.07979999999999998,0.1134,0.1042,0.0742,0.06819999999999998,0.024200000000000006,0.0866,0.08059999999999999,0.03219999999999999,0.051600000000000014,0.056,0.039200000000000006,0.0298,0.06779999999999999,0.026199999999999998,0.0002000000000000008,0.0014000000000000022,0.0588
1.2553275493779044,0.016200000000000003,0.078,0.0862,0.0782,0.09759999999999999,0.0862,0.1212,0.1222,0.07,0.0546,0.02660000000000001,0.09280000000000001,0.081,0.0442,0.043,0.07160000000000001,0.022199999999999994,0.034,0.07899999999999999,0.034,0.011800000000000007,0.013000000000000001,0.0734
1.2547686267366909,0.0162,0.0698,0.08120000000000001,0.06119999999999999,0.1036,0.0778,0.1202,0.12299999999999998,0.0676,0.03679999999999999,0.030000000000000006,0.083,0.07640000000000001,0.031799999999999995,0.0464,0.0792,0.0148,0.020999999999999998,0.062,0.0208,0.015999999999999997,0.010199999999999996,0.077
1.254197515879759,0.008599999999999995,0.0632,0.06259999999999999,0.040199999999999986,0.09620000000000001,0.06819999999999998,0.10619999999999997,0.10479999999999998,0.056799999999999996,0.026999999999999996,0.0232,0.067,0.060200000000000004,0.0184,0.0354,0.053200000000000004,0.007400000000000002,0.006999999999999998,0.0384,0.006599999999999994,0.008199999999999992,-0.012600000000000005,0.0504
1.2536269246711758,0.017799999999999996,0.07859999999999999,0.0654,0.0518,0.097,0.08340000000000002,0.10939999999999998,0.1114,0.047799999999999995,0.02739999999999999,0.04620000000000001,0.0714,0.0756,0.0332,0.0564,0.05979999999999999,0.023400000000000008,0.025199999999999993,0.054000000000000006,0.027600000000000003,0.021999999999999992,0.0037999999999999965,0.0632
1.253069515041887,0.0102,0.0762,0.060399999999999995,0.0466,0.0888,0.07599999999999998,0.09399999999999999,0.10279999999999999,0.0312,0.02239999999999999,0.0458,0.0564,0.0782,0.030800000000000004,0.0498,0.054799999999999995,0.019,0.018,0.0494,0.02359999999999999,0.023399999999999994,0.008400000000000005,0.056
1.2524999494959699,0.003999999999999997,0.0732,0.0636,0.0366,0.0884,0.07459999999999999,0.0772,0.07519999999999998,0.023600000000000003,0.006999999999999992,0.0502,0.0512,0.0824,0.03,0.039200000000000006,0.0514,0.0308,0.04,0.038200000000000005,0.029799999999999993,0.026399999999999996,0.0212,0.0428
1.2519309014912112,0.0214,0.0616,0.058,0.03679999999999999,0.0876,0.07199999999999998,0.060200000000000004,0.05539999999999997,0.021399999999999995,0.005199999999999995,0.075,0.0494,0.0836,0.023199999999999988,0.02459999999999999,0.0464,0.023600000000000006,0.05,0.049,0.027399999999999997,0.018799999999999994,0.0252,0.024399999999999995
1.2513749987385334,0.040600000000000004,0.07399999999999998,0.0632,0.0538,0.09240000000000001,0.0846,0.06919999999999998,0.05639999999999997,0.040400000000000005,0.023399999999999997,0.0996,0.061600000000000016,0.0902,0.0248,0.035800000000000005,0.054200000000000005,0.0442,0.06719999999999998,0.0676,0.053,0.038,0.030800000000000008,0.0418
1.250806972240155,0.009799999999999998,0.05319999999999999,0.0444,0.0444,0.05919999999999999,0.06699999999999999,0.062,0.024199999999999996,0.0314,0.00839999999999999,0.07159999999999998,0.048799999999999996,0.0674,0.019199999999999995,0.0246,0.035199999999999995,0.034,0.0632,0.0578,0.048,0.031799999999999995,0.0258,0.022
1.2502394611871226,-0.003800000000000004,0.038,0.0314,0.027800000000000002,0.030999999999999993,0.04419999999999999,0.0446,0.0044,0.013999999999999997,-0.018000000000000006,0.051,0.022600000000000002,0.0474,-0.00040000000000000517,-0.005400000000000002,0.025999999999999995,0.009599999999999996,0.03399999999999999,0.03339999999999999,0.03339999999999999,0.019799999999999995,0.008999999999999996,0.009399999999999999
1.2496850592088686,-0.013199999999999998,0.024,0.0282,0.014800000000000002,0.007799999999999998,0.02,0.017399999999999995,-0.011999999999999999,0.005799999999999998,-0.033400000000000006,0.03720000000000001,0.007000000000000002,0.05160000000000001,-0.010999999999999996,-0.009599999999999994,0.013399999999999999,-0.005800000000000004,0.013399999999999995,0.0021999999999999923,0.01599999999999999,0.0036000000000000008,-0.001999999999999999,-0.005399999999999998
1.249118565528357,-0.0212,0.020000000000000004,0.0324,0.013999999999999997,-0.017000000000000005,0.0013999999999999941,-0.006400000000000001,-0.024800000000000003,0.006000000000000002,-0.0378,0.018800000000000004,0.0066000000000000026,0.0576,-0.0033999999999999985,-0.009399999999999997,0.004,-0.014000000000000004,-0.0028000000000000078,-0.0028000000000000026,0.008999999999999989,-0.005000000000000001,-0.006200000000000005,-0.0292
1.2485651569768612,-0.028200000000000006,0.028200000000000006,0.0442,0.024199999999999996,-0.0198,0.005399999999999994,-0.0052,-0.0222,0.006,-0.04760000000000001,0.005399999999999994,0.010199999999999999,0.0498,-0.012200000000000004,-0.0032000000000000028,0.0031999999999999963,-0.018,-0.013800000000000008,0.0037999999999999974,0.009999999999999992,-0.004200000000000003,0.001999999999999996,-0.02640000000000001
1.2479996779355669,-0.039400000000000004,0.0246,0.0396,0.031000000000000007,-0.012799999999999997,-0.002599999999999996,0.004800000000000001,-0.023399999999999997,0.013800000000000003,-0.0362,-0.007599999999999994,0.020000000000000007,0.029399999999999992,-0.031,-0.0074,-0.009200000000000002,-0.02439999999999999,-0.013199999999999998,-0.0035999999999999986,-0.004200000000000003,-0.006600000000000002,0.0011999999999999958,-0.044
1.247434710876826,-0.0502,0.028999999999999998,0.04,0.0322,-0.020600000000000004,-0.0003999999999999976,0.002800000000000001,-0.007999999999999993,0.04100000000000001,-0.021799999999999993,-0.006399999999999997,0.0222,0.021199999999999993,-0.024999999999999994,0.0018000000000000023,-0.011999999999999999,-0.007599999999999991,-0.01159999999999999,-0.0002000000000000006,-0.0030000000000000044,-0.0144,0.005800000000000001,-0.041
1.2468827930174564,-0.0426,0.0402,0.037,0.0348,-0.014799999999999997,0.006600000000000003,0.005400000000000002,0.0128,0.0506,-0.010999999999999992,-0.01099999999999999,0.017199999999999997,0.01799999999999999,-0.0294,0.013000000000000001,-0.0176,-0.004999999999999995,-0.031199999999999995,0.007,-0.004600000000000003,-0.0182,-0.000200000000000001,-0.033600000000000005
1.2463188365010605,-0.0422,0.048799999999999996,0.04240000000000001,0.04880000000000002,-0.018,0.017400000000000006,0.008399999999999998,0.025,0.0638,-0.0011999999999999958,-0.007999999999999998,0.02140000000000001,0.0063999999999999994,-0.009799999999999991,0.030199999999999994,-0.0021999999999999936,-0.007999999999999995,-0.038,0.006600000000000002,-0.0086,-0.008399999999999994,-0.0003999999999999996,-0.0282
1.2457679054020112,-0.0506,0.047400000000000005,0.0508,0.07080000000000002,-0.012599999999999998,0.012000000000000005,0.007200000000000001,0.0272,0.08020000000000002,0.009000000000000015,-0.006799999999999997,0.02640000000000001,0.017800000000000007,-0.0061999999999999954,0.04,0.01220000000000001,-0.008599999999999993,-0.0414,0.002400000000000002,-0.024600000000000004,-0.007599999999999995,0.015200000000000003,-0.032799999999999996
1.2452049567190857,-0.03239999999999999,0.0538,0.06060000000000001,0.07880000000000001,0.012800000000000004,0.012,-0.004400000000000004,0.0366,0.0862,0.03140000000000001,0.005600000000000003,0.025,0.031,-0.0011999999999999958,0.037200000000000004,0.02,-0.003599999999999996,-0.0512,0.010000000000000004,-0.0208,0.0038,0.0166,-0.018399999999999996
1.2446550097364142,-0.027800000000000005,0.060200000000000004,0.044,0.068,0.018999999999999996,0.003999999999999997,-0.0052000000000000015,0.031799999999999995,0.0814,0.0436,0.007399999999999999,0.01659999999999999,0.0458,0.0003999999999999958,0.0376,0.015999999999999993,0.008199999999999999,-0.046,0.020399999999999995,-0.014600000000000002,0.0035999999999999977,-0.0038000000000000156,-0.02260000000000001
1.2440930661877576,-0.030800000000000004,0.0626,0.0356,0.061799999999999994,0.022600000000000002,0.013800000000000008,0.007999999999999997,0.02759999999999999,0.0844,0.06520000000000001,0.012,0.027399999999999997,0.034199999999999994,-0.0025999999999999986,0.030999999999999993,0.014,0.0294,-0.026799999999999994,0.030199999999999994,-0.007000000000000004,0.0037999999999999974,-0.0088,-0.037
1.2435316298287136,-0.022199999999999994,0.0624,0.040799999999999996,0.08220000000000002,0.045399999999999996,0.02659999999999999,0.024999999999999994,0.0378,0.08099999999999999,0.08399999999999999,0.0318,0.0294,0.02159999999999999,0.014600000000000004,0.0314,0.016599999999999997,0.040799999999999996,-0.007999999999999998,0.03359999999999999,-0.0026000000000000016,0.013800000000000002,-0.005400000000000001,-0.024
1.2429831595829992,-0.019200000000000005,0.0484,0.03219999999999999,0.07759999999999999,0.0538,0.020199999999999996,0.028399999999999998,0.042,0.07279999999999999,0.09359999999999996,0.0518,0.027199999999999995,0.030199999999999994,0.016999999999999994,0.030999999999999996,0.020199999999999996,0.035199999999999995,-0.003600000000000005,0.017199999999999993,0.008,0.015999999999999997,0.0021999999999999975,-0.0198
1.2424227243124093,-0.0096,0.0426,0.04300000000000001,0.07480000000000002,0.0616,0.027000000000000007,0.03500000000000001,0.043,0.0702,0.1042,0.046,0.0198,0.0418,0.03140000000000001,0.0482,0.030199999999999994,0.034199999999999994,0.0026000000000000016,0.009199999999999996,0.0184,0.036,0.005399999999999997,-0.0047999999999999935
1.2418752315997155,0.0006000000000000007,0.05400000000000001,0.05600000000000001,0.0856,0.09239999999999998,0.02059999999999999,0.0596,0.053,0.05840000000000001,0.10940000000000001,0.0482,0.0272,0.053200000000000004,0.04300000000000001,0.0598,0.0446,0.040400000000000005,0.001,0.023399999999999997,0.025,0.045399999999999996,-0.004599999999999999,0.007400000000000008
1.241315794742427,0.013000000000000008,0.05800000000000001,0.065,0.0932,0.0872,0.03140000000000001,0.072,0.06999999999999998,0.07019999999999998,0.1134,0.056400000000000006,0.0434,0.0526,0.061000000000000006,0.06780000000000001,0.0586,0.039799999999999995,0.0072,0.027,0.0356,0.0436,-0.004199999999999997,0.0192
1.24076927695171,0.006999999999999998,0.052399999999999995,0.0562,0.07299999999999998,0.0856,0.013799999999999995,0.0746,0.06459999999999999,0.0594,0.09440000000000001,0.0426,0.042,0.05,0.047,0.0496,0.04219999999999999,0.026399999999999996,0.0074,0.014999999999999996,0.0228,0.03459999999999999,-0.0206,0.015399999999999999
1.2402108358420931,-0.00020000000000000258,0.0514,0.0516,0.038799999999999994,0.0844,0.011800000000000007,0.07640000000000001,0.061,0.048400000000000006,0.09000000000000001,0.029999999999999995,0.022199999999999994,0.0436,0.031199999999999995,0.039200000000000006,0.0344,0.0124,0.0066,0.007800000000000001,0.0256,0.0298,-0.036,0.013000000000000003
1.2396652903715997,-0.028200000000000006,0.0546,0.0578,0.04760000000000001,0.0664,0.028,0.08120000000000001,0.0608,0.0538,0.07780000000000001,0.031199999999999995,0.0272,0.0404,0.028399999999999998,0.043,0.038,0.0035999999999999995,0.026600000000000002,-0.010400000000000006,0.024999999999999998,0.023800000000000005,-0.040600000000000004,0.0028
1.2391078423535054,-0.022999999999999996,0.0582,0.0722,0.06720000000000001,0.07440000000000001,0.0572,0.09240000000000001,0.07540000000000001,0.067,0.07840000000000001,0.0516,0.0482,0.04240000000000001,0.0448,0.059,0.0396,0.005,0.03239999999999999,-0.0078,0.04100000000000001,0.026600000000000002,-0.011599999999999997,0.0288
1.2385632666107316,-0.015799999999999995,0.0648,0.0728,0.08979999999999999,0.0844,0.0606,0.101,0.1022,0.0854,0.07780000000000001,0.058,0.055600000000000004,0.05800000000000001,0.05240000000000001,0.062,0.046,0.006800000000000001,0.0242,0.009200000000000007,0.054400000000000004,0.0316,-0.0005999999999999988,0.055200000000000006
1.2380068090374496,-0.013199999999999996,0.09359999999999999,0.0834,0.0964,0.0952,0.084,0.1272,0.1256,0.10380000000000002,0.0864,0.061,0.0834,0.08400000000000002,0.06080000000000002,0.07860000000000002,0.0638,0.022800000000000004,0.0536,0.04020000000000001,0.0772,0.0418,0.016800000000000006,0.0854
1.2374632004391,-0.012600000000000005,0.1056,0.0856,0.1046,0.0876,0.0836,0.1256,0.12879999999999997,0.11520000000000001,0.0892,0.056,0.0902,0.085,0.07079999999999999,0.09440000000000003,0.0704,0.04,0.06,0.0582,0.0734,0.043,0.027600000000000003,0.1002
1.2369077306733167,-0.014600000000000002,0.1026,0.0838,0.092,0.0752,0.07440000000000001,0.127,0.12819999999999998,0.11059999999999999,0.0792,0.06199999999999999,0.09040000000000001,0.0862,0.062000000000000006,0.0818,0.0696,0.046,0.0496,0.0596,0.069,0.04240000000000001,0.039400000000000004,0.09
1.236365086645263,-0.014799999999999997,0.087,0.0702,0.0942,0.055600000000000004,0.08499999999999999,0.1114,0.11799999999999998,0.11500000000000002,0.0654,0.0676,0.088,0.0896,0.056400000000000006,0.06179999999999999,0.062,0.038799999999999994,0.0448,0.0608,0.065,0.0318,0.0436,0.07959999999999999
1.23581060205902,-0.0294,0.0788,0.061,0.0928,0.0516,0.06639999999999997,0.0854,0.09079999999999998,0.09620000000000001,0.047200000000000006,0.051,0.07840000000000001,0.08699999999999998,0.0466,0.0544,0.055200000000000006,0.044,0.03239999999999999,0.045200000000000004,0.0474,0.0368,0.0416,0.07160000000000001
1.235268920036261,-0.04720000000000001,0.060399999999999995,0.059,0.0814,0.039,0.07440000000000001,0.048399999999999985,0.0782,0.0836,0.03819999999999999,0.038200000000000005,0.060399999999999975,0.07119999999999999,0.0444,0.04339999999999999,0.048,0.05840000000000001,0.02739999999999999,0.031999999999999994,0.04699999999999999,0.0386,0.037399999999999996,0.0654
1.2347277126669123,-0.048600000000000004,0.0576,0.0632,0.10080000000000001,0.0368,0.08059999999999999,0.0426,0.072,0.0698,0.02640000000000001,0.04860000000000001,0.063,0.06580000000000001,0.055600000000000004,0.0386,0.0416,0.0678,0.029000000000000005,0.021800000000000003,0.0582,0.0354,0.04240000000000001,0.05719999999999999
1.2341746954375348,-0.039200000000000006,0.0668,0.06019999999999999,0.1034,0.0536,0.07899999999999999,0.039799999999999995,0.07699999999999999,0.0734,0.026600000000000002,0.06260000000000002,0.0634,0.0728,0.0496,0.0394,0.039,0.077,0.023800000000000005,0.0296,0.0592,0.034199999999999994,0.046200000000000005,0.054
1.2336344462573123,-0.041,0.08259999999999999,0.09259999999999999,0.1062,0.0648,0.08879999999999998,0.05340000000000001,0.08699999999999998,0.082,0.0348,0.0638,0.06980000000000001,0.0814,0.0644,0.04379999999999999,0.0328,0.0892,0.0476,0.05060000000000002,0.061,0.054200000000000005,0.05240000000000002,0.05500000000000001
1.233082407692843,-0.039,0.07859999999999999,0.1076,0.09480000000000001,0.06280000000000002,0.1036,0.061399999999999996,0.0838,0.0902,0.0418,0.071,0.05579999999999998,0.0824,0.07020000000000001,0.0666,0.024800000000000003,0.093,0.06180000000000002,0.04560000000000001,0.0644,0.06659999999999999,0.05720000000000001,0.049400000000000006
1.2325431141593362,-0.043,0.054200000000000005,0.1014,0.083,0.05800000000000001,0.07579999999999999,0.05,0.0742,0.0898,0.030800000000000004,0.0588,0.024399999999999998,0.07959999999999999,0.0536,0.054,0.0082,0.07740000000000001,0.035,0.0212,0.0508,0.066,0.035,0.0268
1.231992051664183,-0.0294,0.060200000000000004,0.1052,0.08159999999999999,0.07,0.07859999999999999,0.0456,0.0838,0.0986,0.019600000000000003,0.062,0.014999999999999998,0.0834,0.05,0.03519999999999999,0.0037999999999999996,0.06259999999999999,0.0404,0.017199999999999997,0.0594,0.061,0.025,0.017599999999999998
1.2314537112439667,-0.027400000000000008,0.0678,0.11920000000000001,0.0884,0.0836,0.08080000000000001,0.036,0.0952,0.107,0.025200000000000007,0.0778,0.036,0.09199999999999998,0.05740000000000001,0.0416,0.011400000000000004,0.06860000000000001,0.0438,0.04360000000000001,0.0582,0.0596,0.0254,0.020999999999999998
1.2309158410927357,-0.03480000000000002,0.071,0.128,0.0732,0.0912,0.06959999999999998,0.0246,0.08799999999999998,0.09659999999999999,0.020399999999999998,0.074,0.038799999999999994,0.08220000000000001,0.043,0.048799999999999996,0.0102,0.0688,0.04,0.0458,0.0474,0.0632,0.0242,0.013999999999999993
1.2303662324003055,-0.042800000000000026,0.071,0.121,0.06459999999999999,0.0992,0.05479999999999999,0.02159999999999999,0.0984,0.09359999999999997,0.0322,0.06979999999999999,0.0464,0.08579999999999999,0.03239999999999999,0.0378,0.020800000000000006,0.06079999999999999,0.0474,0.0536,0.0574,0.057,0.016399999999999994,0.004799999999999995
1.229829311593125,-0.032,0.0864,0.1164,0.08459999999999998,0.1166,0.05139999999999999,0.0588,0.11199999999999999,0.1142,0.054799999999999995,0.082,0.06,0.10379999999999999,0.0446,0.0504,0.0318,0.0556,0.0504,0.0668,0.063,0.0494,0.03179999999999998,0.016800000000000002
1.2292928591963994,-0.0366,0.07019999999999998,0.10840000000000001,0.07299999999999998,0.1102,0.0374,0.064,0.12040000000000001,0.121,0.06880000000000001,0.0676,0.0686,0.1044,0.0516,0.052399999999999995,0.026999999999999996,0.043,0.0436,0.08280000000000001,0.0434,0.0428,0.022799999999999994,0.0238
1.2287446985611796,-0.04640000000000001,0.0556,0.1028,0.0476,0.09599999999999999,0.020199999999999996,0.06339999999999998,0.1192,0.1092,0.0712,0.05479999999999999,0.05959999999999999,0.09899999999999999,0.0536,0.0506,0.021199999999999997,0.0474,0.03159999999999999,0.0756,0.034,0.045,0.020199999999999992,0.02059999999999999
1.2282091917591125,-0.056799999999999996,0.047200000000000006,0.0756,0.04240000000000001,0.0892,0.002400000000000001,0.0458,0.1,0.10940000000000001,0.0718,0.03900000000000001,0.0594,0.0882,0.027600000000000003,0.0466,0.01359999999999999,0.039799999999999995,0.0025999999999999942,0.055400000000000005,0.014599999999999995,0.026800000000000004,0.016000000000000004,0.004399999999999998
1.227661996930845,-0.0758,0.0412,0.05379999999999999,0.02259999999999999,0.06919999999999998,-0.026000000000000002,0.021399999999999992,0.0848,0.08059999999999999,0.0498,0.015599999999999998,0.055199999999999985,0.0726,0.009599999999999997,0.031,-0.002600000000000005,0.0318,-0.01840000000000001,0.04,-0.008600000000000002,0.006,-0.0016000000000000022,-0.018
1.227127433225465,-0.0852,0.040799999999999996,0.031199999999999988,0.007199999999999997,0.04879999999999998,-0.0366,-0.0020000000000000005,0.05819999999999999,0.0596,0.03499999999999999,0.002599999999999997,0.053599999999999995,0.0536,-0.0003999999999999998,0.022600000000000002,-0.010800000000000002,0.030600000000000002,-0.034800000000000005,0.0322,-0.0198,-0.011200000000000002,-0.0004000000000000012,-0.0308
1.2265933348500886,-0.0922,0.03540000000000001,0.031799999999999995,0.005399999999999997,0.04159999999999999,-0.038200000000000005,0.008000000000000004,0.0436,0.0416,0.04379999999999999,-0.0046000000000000025,0.058799999999999984,0.049,-0.0004000000000000022,0.024399999999999995,-0.002000000000000001,0.0356,-0.0422,0.0338,-0.030600000000000002,-0.0020000000000000005,0.0158,-0.022999999999999993
1.2260475785560323,-0.0814,0.0342,0.01280000000000001,0.005600000000000004,0.0216,-0.0476,-0.001,0.011199999999999995,0.034600000000000006,0.032999999999999995,-0.016199999999999996,0.0368,0.0378,-0.011000000000000001,0.019,-0.004599999999999994,0.031,-0.053,0.003599999999999997,-0.048400000000000006,-0.024000000000000004,0.0056,-0.020399999999999995
1.2255144195607914,-0.0734,0.02259999999999999,0.006000000000000004,0.012800000000000004,0.0049999999999999975,-0.0522,-0.010800000000000004,-0.002600000000000005,0.0308,0.03439999999999999,-0.03540000000000001,0.0224,0.029,-0.0178,0.019,-0.0108,0.017199999999999997,-0.0526,-0.0176,-0.054200000000000005,-0.027800000000000005,-2.6645352591003758e-18,-0.012599999999999998
1.2249817240629879,-0.0424,0.04120000000000001,0.025400000000000013,0.026199999999999998,0.019199999999999995,-0.0314,0.004999999999999998,-0.0027999999999999995,0.0412,0.038,-0.022999999999999993,0.021000000000000005,0.0508,-0.002199999999999994,0.046000000000000006,-0.010399999999999994,0.0208,-0.04,-0.011399999999999995,-0.05679999999999999,-0.021,0.0112,0.004000000000000005
1.2244374006378924,-0.022799999999999994,0.05700000000000001,0.05660000000000001,0.044000000000000004,0.033800000000000004,-0.011599999999999994,0.016399999999999998,0.018400000000000014,0.027800000000000005,0.045200000000000004,-0.0015999999999999908,0.03520000000000001,0.07700000000000001,0.004400000000000004,0.0698,0.010800000000000006,0.0342,-0.031199999999999995,0.003600000000000005,-0.04079999999999999,0.001600000000000005,0.026600000000000002,0.021200000000000007
1.2239056408231752,-0.023400000000000008,0.05979999999999999,0.0544,0.0444,0.02159999999999999,-0.018800000000000004,0.0007999999999999936,0.0192,0.011799999999999998,0.016599999999999993,-0.011199999999999996,0.017199999999999997,0.061799999999999994,-0.0122,0.05939999999999999,0.004,0.025999999999999992,-0.04440000000000001,-0.012400000000000001,-0.0434,-0.0024000000000000037,0.017399999999999992,0.009599999999999997
1.2233743426829389,0.000400000000000002,0.0686,0.0554,0.06420000000000001,0.034,-0.009599999999999997,0.005999999999999997,0.027800000000000002,0.030800000000000008,0.027800000000000005,-0.0037999999999999935,0.0264,0.060200000000000004,0.0016000000000000031,0.07019999999999998,0.017799999999999996,0.029,-0.0368,0.009800000000000007,-0.03059999999999999,0.0034000000000000037,0.0228,0.02540000000000001
1.2228435056162046,0.0001999999999999948,0.0574,0.05140000000000001,0.0596,0.0332,-0.0124,0.007399999999999999,0.046,0.0328,0.0222,0.006600000000000005,0.0202,0.06,0.020600000000000007,0.061,0.0386,0.0246,-0.0248,0.008399999999999996,-0.01719999999999999,0.0046,0.008799999999999994,0.0296
1.2223010803564387,0.019000000000000003,0.0688,0.0732,0.09459999999999999,0.056799999999999996,0.0032000000000000028,0.0264,0.06200000000000001,0.0498,0.0346,0.023800000000000005,0.0256,0.07920000000000002,0.0378,0.06880000000000001,0.06720000000000001,0.03400000000000001,-0.011399999999999999,0.011999999999999999,0.005600000000000008,0.014600000000000002,0.022199999999999994,0.048600000000000004
1.2217711740826864,0.03360000000000001,0.0768,0.0996,0.1172,0.0782,0.027600000000000003,0.0432,0.0902,0.0676,0.055200000000000006,0.0442,0.0458,0.1028,0.049600000000000005,0.0862,0.08259999999999999,0.05080000000000002,0.016000000000000004,0.024399999999999998,0.025800000000000003,0.03520000000000001,0.028999999999999995,0.062200000000000005
1.2212417270721714,0.0404,0.0732,0.0864,0.1262,0.09079999999999998,0.037399999999999996,0.0362,0.087,0.07659999999999999,0.049,0.0592,0.0512,0.0978,0.046599999999999996,0.0916,0.0868,0.0482,0.022999999999999996,0.0346,0.03219999999999999,0.0376,0.005599999999999992,0.0628
1.2207007215916363,0.03,0.0684,0.0844,0.1258,0.09359999999999999,0.0446,0.0426,0.08779999999999999,0.06479999999999998,0.048600000000000004,0.06559999999999999,0.056600000000000004,0.0866,0.0508,0.0778,0.07799999999999999,0.0338,0.030600000000000002,0.0386,0.0466,0.0394,-0.012600000000000009,0.0554
1.2201722017220171,0.024399999999999995,0.09079999999999999,0.0896,0.123,0.11120000000000001,0.073,0.0694,0.09779999999999998,0.07759999999999999,0.0616,0.0772,0.0732,0.09540000000000001,0.062,0.0804,0.08699999999999998,0.0522,0.04219999999999999,0.0474,0.0636,0.048799999999999996,-0.008400000000000003,0.06139999999999998
1.2196441393148354,0.01840000000000001,0.0968,0.091,0.12940000000000002,0.1066,0.09240000000000001,0.08159999999999999,0.10679999999999999,0.0874,0.076,0.08880000000000002,0.0886,0.0882,0.0704,0.07900000000000001,0.07840000000000001,0.0738,0.0384,0.0498,0.074,0.052000000000000005,0.0108,0.0686
1.21911653377641,0.018800000000000004,0.0912,0.0862,0.12780000000000002,0.1052,0.0778,0.08020000000000001,0.114,0.11379999999999998,0.0714,0.08680000000000002,0.09580000000000001,0.08520000000000001,0.081,0.0782,0.07920000000000002,0.08600000000000002,0.0384,0.0534,0.078,0.06080000000000002,0.012000000000000004,0.0598
1.2185774091471924,0.02259999999999999,0.1,0.09140000000000001,0.12500000000000003,0.12,0.07840000000000001,0.099,0.112,0.1242,0.09140000000000001,0.1034,0.10500000000000001,0.08940000000000001,0.0928,0.0948,0.0854,0.103,0.0516,0.0664,0.0832,0.07440000000000001,0.0282,0.069
1.2180507259189408,0.024800000000000003,0.105,0.1066,0.1238,0.1272,0.09359999999999999,0.1156,0.1262,0.11799999999999998,0.0974,0.10880000000000001,0.111,0.0942,0.0906,0.11320000000000001,0.08720000000000001,0.08979999999999998,0.0654,0.071,0.08180000000000001,0.0736,0.03660000000000001,0.0742
1.2175244977711446,0.0358,0.1004,0.1072,0.10879999999999998,0.12819999999999998,0.09399999999999999,0.10979999999999998,0.10959999999999999,0.10740000000000001,0.0996,0.09820000000000001,0.1102,0.08979999999999998,0.078,0.12139999999999998,0.08,0.09179999999999999,0.0674,0.075,0.06679999999999998,0.071,0.0376,0.0714
1.2169987241142408,0.0264,0.078,0.0834,0.09340000000000001,0.10959999999999999,0.0768,0.08959999999999999,0.08259999999999999,0.10179999999999999,0.084,0.0752,0.09620000000000001,0.057,0.06459999999999999,0.0902,0.0698,0.0732,0.0578,0.0724,0.0436,0.062400000000000004,0.02159999999999999,0.058
1.216461470544955,0.013999999999999995,0.061,0.057399999999999986,0.0726,0.08639999999999998,0.0632,0.07599999999999998,0.0494,0.0836,0.055200000000000006,0.05899999999999999,0.07940000000000001,0.019799999999999995,0.0526,0.060799999999999986,0.060399999999999995,0.048,0.0364,0.061,0.023199999999999995,0.048799999999999996,0.016599999999999997,0.03419999999999999
1.2159366144010042,0.020800000000000006,0.07859999999999999,0.0834,0.0832,0.0824,0.07540000000000001,0.09079999999999998,0.0734,0.1012,0.06319999999999999,0.0636,0.088,0.04,0.07479999999999999,0.0708,0.0598,0.06679999999999998,0.046,0.0632,0.0494,0.0528,0.0376,0.047800000000000016
1.2154122109720358,0.0256,0.08120000000000001,0.09160000000000003,0.07879999999999998,0.0856,0.0762,0.091,0.08439999999999998,0.10740000000000001,0.06520000000000001,0.0614,0.07740000000000001,0.054799999999999995,0.0864,0.0762,0.048600000000000004,0.08199999999999999,0.052399999999999995,0.06719999999999998,0.052,0.0506,0.053,0.06300000000000001
1.214888259672568,0.0394,0.07119999999999999,0.09640000000000001,0.0854,0.0824,0.053399999999999996,0.0706,0.09079999999999998,0.1024,0.057,0.06219999999999999,0.07080000000000002,0.0582,0.0974,0.0664,0.048,0.071,0.04519999999999999,0.06499999999999999,0.054200000000000005,0.0528,0.052,0.052
1.2143647599181282,0.035,0.0476,0.088,0.06219999999999999,0.0704,0.013599999999999994,0.050799999999999984,0.0752,0.084,0.030600000000000002,0.034199999999999994,0.0586,0.052,0.074,0.04359999999999999,0.0492,0.03919999999999999,0.0364,0.0638,0.0498,0.0456,0.035399999999999994,0.022199999999999994
1.2138417111252509,0.023600000000000003,0.03979999999999999,0.07299999999999998,0.054200000000000005,0.06720000000000002,0.028800000000000003,0.04219999999999999,0.06140000000000001,0.062200000000000005,0.020200000000000006,0.028399999999999998,0.0414,0.033800000000000004,0.0636,0.0376,0.030800000000000004,0.019,0.040400000000000005,0.0572,0.0428,0.030199999999999998,0.030199999999999994,0.023200000000000005
1.213307240704501,0.02159999999999999,0.037399999999999996,0.0696,0.0642,0.0748,0.047799999999999995,0.04679999999999999,0.05960000000000001,0.053399999999999996,0.025200000000000007,0.031,0.055799999999999995,0.046200000000000005,0.0616,0.0374,0.0348,0.0188,0.053000000000000005,0.053,0.0496,0.0282,0.0292,0.0256
1.2127851023042917,0.013399999999999999,0.0446,0.04919999999999999,0.0596,0.0664,0.045399999999999996,0.051,0.0444,0.0496,0.0108,0.026199999999999994,0.061,0.0466,0.0582,0.038400000000000004,0.025800000000000003,0.026,0.045200000000000004,0.0458,0.0456,0.033800000000000004,0.026600000000000006,0.017200000000000003
1.212263413108087,0.0224,0.055,0.0574,0.08099999999999999,0.0738,0.0506,0.0646,0.0576,0.0538,0.004200000000000001,0.0456,0.065,0.0464,0.05979999999999999,0.046,0.0456,0.024399999999999998,0.05160000000000001,0.052399999999999995,0.055200000000000006,0.0404,0.047,0.026000000000000006
1.21174217253645,0.02059999999999999,0.0632,0.08180000000000001,0.0778,0.09140000000000001,0.048799999999999996,0.0824,0.0714,0.046,0.0112,0.07160000000000001,0.069,0.0684,0.06819999999999998,0.0642,0.0476,0.0394,0.0634,0.068,0.0598,0.0496,0.0554,0.041400000000000006
1.2112213800109402,0.030199999999999998,0.0698,0.09579999999999998,0.08259999999999999,0.0996,0.053399999999999996,0.1022,0.08380000000000001,0.0528,0.04,0.08220000000000001,0.0834,0.08919999999999997,0.07640000000000001,0.0762,0.0386,0.05140000000000001,0.0752,0.0798,0.07540000000000001,0.0416,0.054,0.062400000000000004
1.2107010349541105,0.0218,0.0578,0.1002,0.0696,0.0992,0.044,0.0998,0.056600000000000004,0.0416,0.02439999999999999,0.0674,0.07859999999999999,0.0838,0.07199999999999998,0.061399999999999996,0.028800000000000003,0.0428,0.071,0.0818,0.0466,0.0264,0.0504,0.0518
1.210169326111355,0.017,0.052,0.1174,0.073,0.09800000000000002,0.0474,0.09279999999999998,0.0694,0.045399999999999996,0.0334,0.07259999999999998,0.0834,0.083,0.07199999999999998,0.0638,0.05120000000000001,0.0424,0.0692,0.07940000000000001,0.051,0.039799999999999995,0.061200000000000004,0.0526
1.2096498844003942,0.019200000000000005,0.0804,0.121,0.0788,0.10840000000000002,0.0708,0.11099999999999999,0.08940000000000001,0.05980000000000002,0.0538,0.099,0.09440000000000001,0.1004,0.0878,0.077,0.062400000000000004,0.0512,0.09080000000000002,0.09559999999999999,0.0626,0.056600000000000004,0.08600000000000002,0.08159999999999999
1.2091308884186713,0.002399999999999995,0.0864,0.124,0.09040000000000001,0.1176,0.09240000000000001,0.1308,0.11100000000000002,0.066,0.07,0.11859999999999998,0.09299999999999999,0.1138,0.1006,0.07540000000000001,0.0658,0.061799999999999994,0.0974,0.0964,0.056799999999999996,0.0664,0.0862,0.08679999999999999
1.2086123375927171,-0.005600000000000002,0.0768,0.11899999999999998,0.07899999999999999,0.1014,0.0906,0.13379999999999997,0.1016,0.0628,0.081,0.10699999999999998,0.09820000000000001,0.1134,0.0948,0.074,0.058,0.0492,0.09540000000000001,0.0922,0.046,0.061,0.0676,0.0804
1.2080942313500451,-0.002800000000000001,0.0752,0.113,0.0726,0.09820000000000001,0.08699999999999998,0.12479999999999998,0.10779999999999999,0.07400000000000001,0.07659999999999999,0.11259999999999998,0.0872,0.1028,0.1076,0.0844,0.062,0.0564,0.1002,0.09780000000000001,0.0424,0.06,0.07740000000000001,0.09820000000000001
1.207576569119151,-0.0019999999999999983,0.061799999999999994,0.11200000000000002,0.08059999999999999,0.09479999999999998,0.08159999999999999,0.11199999999999999,0.1108,0.0696,0.0782,0.1162,0.06819999999999998,0.0938,0.11379999999999998,0.0658,0.0572,0.063,0.0876,0.08880000000000002,0.034199999999999994,0.053200000000000004,0.0662,0.1042
1.2070593503295077,-0.0188,0.06,0.11000000000000001,0.07399999999999998,0.0726,0.08159999999999999,0.10579999999999999,0.1024,0.0592,0.0964,0.10359999999999997,0.060200000000000004,0.09340000000000001,0.10079999999999999,0.0496,0.03459999999999999,0.061200000000000004,0.0852,0.085,0.023,0.0432,0.0512,0.09899999999999999
1.2065425744115672,-0.03200000000000001,0.055799999999999995,0.0902,0.0724,0.0458,0.08120000000000001,0.0906,0.0876,0.0518,0.092,0.09140000000000001,0.055600000000000004,0.08320000000000002,0.0818,0.03219999999999999,0.03300000000000001,0.0614,0.0762,0.0694,0.008799999999999997,0.026399999999999996,0.0416,0.0722
1.2060262407967552,-0.04,0.056,0.0906,0.08259999999999998,0.0456,0.0876,0.07859999999999999,0.0874,0.07000000000000002,0.0896,0.10399999999999998,0.0502,0.08340000000000002,0.0882,0.0368,0.053000000000000005,0.08480000000000001,0.07959999999999999,0.0778,0.004800000000000012,0.03960000000000001,0.045799999999999993,0.06579999999999998
1.2055103489174712,-0.03239999999999999,0.0678,0.08300000000000002,0.0896,0.0424,0.09259999999999999,0.076,0.1042,0.06720000000000001,0.1098,0.1296,0.05180000000000002,0.07840000000000003,0.09820000000000001,0.05,0.0516,0.08480000000000001,0.0714,0.0752,0.017400000000000002,0.054,0.0344,0.0586
1.2049831885409987,-0.018399999999999993,0.0828,0.0726,0.09540000000000001,0.0434,0.09980000000000001,0.09980000000000001,0.0958,0.0758,0.1202,0.1312,0.06060000000000001,0.08000000000000003,0.10280000000000002,0.0554,0.054799999999999995,0.08900000000000001,0.0852,0.09259999999999999,0.0214,0.0692,0.0328,0.05840000000000001
1.2044681884409907,-0.02659999999999999,0.058,0.0626,0.0716,0.040799999999999996,0.07759999999999999,0.0998,0.08000000000000002,0.06019999999999999,0.1092,0.119,0.053399999999999996,0.0594,0.0884,0.0466,0.045200000000000004,0.09340000000000001,0.0734,0.0872,0.009000000000000003,0.055200000000000006,0.0182,0.03239999999999999
1.203953628366701,-0.020000000000000007,0.03719999999999999,0.0522,0.0576,0.025399999999999995,0.0526,0.08019999999999998,0.0638,0.044,0.0912,0.1022,0.0482,0.030399999999999993,0.06819999999999998,0.0506,0.0456,0.08020000000000001,0.0636,0.06579999999999998,0.007400000000000001,0.0484,0.010399999999999998,0.031
1.2034395077544207,-0.027400000000000008,0.021399999999999985,0.048799999999999996,0.04779999999999998,0.022399999999999996,0.024399999999999998,0.059,0.0484,0.029199999999999997,0.08059999999999999,0.08899999999999998,0.027199999999999995,0.010599999999999997,0.04699999999999999,0.033999999999999996,0.033999999999999996,0.0772,0.0506,0.041,-0.009800000000000008,0.0384,0.011799999999999995,0.013399999999999999
1.202925826041404,-0.04560000000000001,0.00979999999999999,0.0432,0.038,-0.004200000000000005,0.0037999999999999996,0.05579999999999999,0.029199999999999997,0.0242,0.06620000000000001,0.0752,0.017599999999999994,0.013800000000000007,0.023799999999999984,0.015,0.0246,0.0624,0.031,0.020600000000000004,-0.018600000000000002,0.019999999999999983,-0.008400000000000001,-0.0112
1.2024125826658651,-0.0554,-0.004000000000000008,0.043,0.0288,-0.005799999999999999,-0.0024000000000000002,0.0632,0.011800000000000001,0.015199999999999998,0.06080000000000002,0.053399999999999996,0.015600000000000001,0.007399999999999997,0.017799999999999996,0.016200000000000006,0.0338,0.0434,0.03239999999999999,0.0218,-0.0174,0.0055999999999999965,-0.0136,-0.0208
1.2018997770669768,-0.0596,-0.009800000000000001,0.049600000000000005,0.0384,-0.0022,-0.004800000000000004,0.061,0.011,0.0166,0.037399999999999996,0.057000000000000016,0.012399999999999994,0.003200000000000002,0.033,0.0166,0.0376,0.0396,0.0222,0.013599999999999998,-0.0144,0.008199999999999995,-0.017,-0.017599999999999994
1.2013874086848682,-0.047,-0.006,0.06060000000000001,0.04100000000000001,0.014599999999999998,-0.005600000000000006,0.0658,0.017799999999999996,0.022,0.0446,0.0508,0.019600000000000003,0.000400000000000002,0.0444,0.0304,0.034199999999999994,0.016599999999999993,0.0232,-0.007400000000000008,-0.0010000000000000063,0.019999999999999993,-0.0146,-0.003999999999999998
1.200875476960623,-0.0384,-0.0052000000000000015,0.07080000000000002,0.0422,0.028800000000000017,-0.013800000000000002,0.0678,0.0152,-0.005400000000000001,0.043,0.045399999999999996,0.02440000000000001,0.009800000000000008,0.041400000000000006,0.031200000000000006,0.0308,-0.015000000000000001,0.029000000000000005,-0.032600000000000004,0.012200000000000003,0.019199999999999995,-0.010399999999999994,0.0012000000000000038
1.200363981336276,-0.0474,-0.0218,0.08059999999999999,0.0438,0.0498,-0.0148,0.055,0.009600000000000001,-0.011800000000000001,0.041400000000000006,0.050400000000000014,0.0328,0.023600000000000006,0.0286,0.03560000000000001,0.0506,-0.026,0.045,-0.03599999999999998,0.0202,0.02,5.329070518200752e-18,-4.440892098500626e-19
1.199852921254814,-0.05199999999999999,-0.013999999999999993,0.0856,0.0432,0.0632,-0.027,0.0358,0.0182,-0.007399999999999994,0.042,0.04660000000000001,0.034800000000000005,0.038400000000000004,0.0296,0.04980000000000002,0.0494,-0.030599999999999992,0.034800000000000005,-0.04719999999999999,0.02760000000000001,-0.0038000000000000017,-0.002999999999999999,0.0010000000000000057
1.19934229616017,-0.0616,-0.023200000000000005,0.07759999999999999,0.0466,0.0518,-0.0258,0.030199999999999998,0.009800000000000001,-0.011399999999999999,0.030600000000000002,0.033600000000000005,0.02559999999999999,0.036,0.018199999999999997,0.0402,0.0376,-0.0404,0.013,-0.05679999999999999,0.017999999999999995,-0.0312,-0.014400000000000001,-0.0026000000000000016
1.1988321054972253,-0.06919999999999998,-0.0164,0.08059999999999999,0.055799999999999995,0.0658,-0.010800000000000002,0.0366,0.008000000000000004,0.0034000000000000007,0.022799999999999994,0.038200000000000005,0.024199999999999992,0.0424,0.027999999999999994,0.0376,0.0328,-0.035,0.015999999999999997,-0.0522,0.018399999999999996,-0.0434,-0.011400000000000006,0.007000000000000002
1.1983223487118035,-0.06520000000000001,0.00019999999999999578,0.06959999999999998,0.06559999999999999,0.056799999999999996,0.003999999999999999,0.03159999999999999,0.018600000000000002,0.005799999999999995,-0.007200000000000006,0.03839999999999998,0.01939999999999999,0.0482,0.02739999999999999,0.041,0.039200000000000006,-0.03319999999999999,0.002999999999999997,-0.053200000000000004,0.0318,-0.056799999999999996,-0.01720000000000001,0.010399999999999996
1.1978130252506713,-0.0498,0.009999999999999998,0.1072,0.08220000000000001,0.0642,0.03420000000000001,0.0416,0.036,0.007800000000000004,-0.007200000000000007,0.03219999999999999,0.028600000000000004,0.051000000000000004,0.0332,0.05620000000000001,0.055,-0.027600000000000003,0.0022000000000000027,-0.0458,0.0484,-0.053,-0.011399999999999999,0.024
1.1973041345615356,-0.038,0.033,0.1308,0.09540000000000003,0.0742,0.0492,0.039200000000000006,0.048799999999999996,0.03640000000000001,0.011200000000000003,0.04580000000000002,0.05200000000000001,0.07339999999999998,0.045000000000000005,0.066,0.0514,-0.015199999999999995,-0.00020000000000000258,-0.0464,0.07060000000000002,-0.0474,0.012800000000000004,0.04700000000000001
1.1967956760930414,-0.0326,0.0446,0.12299999999999998,0.09720000000000001,0.09040000000000001,0.0616,0.0466,0.05600000000000001,0.0538,0.016999999999999998,0.031999999999999994,0.0756,0.073,0.05420000000000001,0.077,0.058600000000000006,-0.011400000000000002,0.007600000000000008,-0.046,0.0836,-0.03979999999999998,0.0294,0.045
1.1962876492947692,-0.04,0.047,0.11199999999999999,0.0986,0.08940000000000001,0.06219999999999999,0.0514,0.051,0.06,0.009999999999999995,0.035199999999999995,0.0722,0.0716,0.0544,0.086,0.05059999999999999,-0.0012000000000000023,0.008600000000000002,-0.0198,0.08179999999999998,-0.0444,0.0368,0.0528
1.1957800536172347,-0.0362,0.047,0.11259999999999999,0.09,0.07880000000000001,0.0704,0.0518,0.05879999999999999,0.0738,0.013999999999999993,0.037,0.060200000000000004,0.054799999999999995,0.052399999999999995,0.08,0.029999999999999992,0.009800000000000001,-0.007000000000000002,-0.004199999999999996,0.07059999999999998,-0.049399999999999986,0.03359999999999999,0.0588
1.195272888511885,-0.028999999999999998,0.0538,0.1002,0.09399999999999999,0.07060000000000001,0.08580000000000002,0.0674,0.07640000000000001,0.085,0.0146,0.026800000000000004,0.05,0.0496,0.06720000000000001,0.0756,0.02900000000000001,0.0246,-0.004799999999999996,0.007600000000000008,0.07840000000000001,-0.036399999999999974,0.0338,0.079
1.1947776653659008,-0.04919999999999999,0.022399999999999993,0.0838,0.09879999999999999,0.0746,0.1006,0.0654,0.0726,0.08580000000000002,-0.0021999999999999962,0.015999999999999997,0.03559999999999999,0.0296,0.055600000000000004,0.060200000000000004,0.0202,0.0252,-0.001199999999999992,0.011200000000000007,0.06580000000000001,-0.029599999999999984,0.02259999999999999,0.0756
1.1942713500081865,-0.056799999999999996,0.022999999999999993,0.0832,0.1004,0.07039999999999998,0.10640000000000001,0.0484,0.0594,0.08199999999999999,-0.006399999999999986,0.009199999999999996,0.03319999999999999,0.0298,0.045399999999999996,0.0694,0.01859999999999999,0.027600000000000003,0.009000000000000001,0.0078,0.069,-0.016999999999999998,0.010599999999999995,0.0814
1.1937654635949668,-0.0572,0.0326,0.08599999999999998,0.10079999999999999,0.05239999999999998,0.1162,0.047,0.06219999999999999,0.08120000000000001,0.023000000000000003,0.020399999999999998,0.03459999999999999,0.0348,0.0476,0.0844,0.016799999999999995,0.0258,0.0256,0.026600000000000002,0.0574,-0.010199999999999997,0.006399999999999997,0.076
1.1932600055813773,-0.056,0.035,0.09199999999999998,0.09459999999999999,0.0714,0.109,0.0742,0.0528,0.0902,0.0404,0.037200000000000004,0.05379999999999999,0.0366,0.06399999999999999,0.0814,0.0374,0.02959999999999999,0.040799999999999996,0.0364,0.06059999999999998,0.004599999999999995,0.014399999999999994,0.0858
1.1927549754234763,-0.0522,0.0516,0.0578,0.088,0.0922,0.09479999999999998,0.0736,0.054,0.0948,0.052399999999999995,0.0474,0.06779999999999999,0.025999999999999992,0.07679999999999998,0.086,0.0498,0.023399999999999997,0.0456,0.0412,0.07900000000000001,0.011599999999999997,0.017400000000000002,0.07799999999999999
1.1922503725782414,-0.0598,0.055200000000000006,0.0422,0.08059999999999999,0.09679999999999998,0.09720000000000001,0.08059999999999999,0.062200000000000005,0.0854,0.0436,0.04800000000000001,0.06620000000000001,0.0198,0.0634,0.07559999999999999,0.0564,0.0286,0.0688,0.046,0.0722,0.018600000000000002,0.0134,0.06559999999999999
1.1917461965035705,-0.056600000000000004,0.0522,0.037,0.0716,0.08679999999999999,0.0932,0.08159999999999999,0.057,0.08299999999999999,0.046799999999999994,0.055,0.0632,0.0224,0.0464,0.0582,0.057,0.03,0.06719999999999998,0.0516,0.060399999999999995,0.017600000000000005,0.005400000000000002,0.05579999999999999
1.1912424466582767,-0.048,0.039399999999999984,0.04240000000000001,0.05119999999999999,0.0848,0.11040000000000001,0.0752,0.0694,0.0772,0.046799999999999994,0.05680000000000002,0.07019999999999998,0.0304,0.04519999999999999,0.040600000000000004,0.066,0.0338,0.062200000000000005,0.052000000000000005,0.0628,0.0232,-0.003000000000000004,0.045
1.1907391225020887,-0.061000000000000006,0.0364,0.030199999999999998,0.055799999999999995,0.0862,0.10940000000000001,0.076,0.0734,0.07540000000000001,0.048600000000000004,0.045200000000000004,0.069,0.032799999999999996,0.0436,0.036,0.07659999999999999,0.037399999999999996,0.06459999999999999,0.0482,0.054799999999999995,0.019600000000000003,0.005200000000000004,0.045
1.1902362234956472,-0.07099999999999998,0.0368,0.0338,0.0466,0.0874,0.09880000000000001,0.0734,0.0592,0.06979999999999999,0.0576,0.038200000000000005,0.066,0.034800000000000005,0.039200000000000006,0.033800000000000004,0.0726,0.035800000000000005,0.059,0.0446,0.041400000000000006,0.002000000000000002,0.012600000000000005,0.0404
1.1897451642615904,-0.055799999999999995,0.045,0.0356,0.0352,0.07859999999999999,0.0832,0.0746,0.054200000000000005,0.059,0.0688,0.0396,0.07959999999999999,0.043,0.037399999999999996,0.0298,0.07379999999999999,0.0368,0.057,0.0466,0.0508,0.009400000000000002,0.023399999999999997,0.0348
1.189243104308129,-0.0412,0.05940000000000001,0.054200000000000005,0.0536,0.1046,0.08080000000000001,0.0902,0.0702,0.0664,0.09079999999999999,0.05240000000000001,0.1044,0.056799999999999996,0.053,0.040400000000000005,0.08259999999999999,0.039,0.061200000000000004,0.0546,0.0632,0.023800000000000005,0.03479999999999999,0.0402
1.1887414679039805,-0.0218,0.05040000000000001,0.0466,0.0582,0.1144,0.0634,0.08779999999999999,0.0638,0.0658,0.07399999999999998,0.046200000000000005,0.10359999999999998,0.0594,0.0494,0.028199999999999996,0.0836,0.0418,0.048600000000000004,0.03139999999999999,0.07259999999999998,0.024399999999999998,0.038,0.0464
1.1882402545133965,-0.0019999999999999944,0.0438,0.0484,0.051,0.11099999999999999,0.0732,0.07659999999999997,0.06779999999999999,0.06899999999999999,0.08779999999999999,0.0474,0.09319999999999998,0.0608,0.0446,0.0416,0.076,0.047400000000000005,0.0436,0.0432,0.07019999999999998,0.027999999999999997,0.0404,0.0484
1.1877394636015326,0.006600000000000003,0.039400000000000004,0.055799999999999995,0.055600000000000004,0.1156,0.08480000000000001,0.07199999999999998,0.0684,0.0772,0.0912,0.0588,0.08799999999999998,0.07859999999999999,0.047200000000000006,0.045399999999999996,0.05579999999999999,0.07400000000000001,0.05560000000000001,0.045399999999999996,0.0454,0.0492,0.045399999999999996,0.0598
1.187239094634445,0.007400000000000001,0.0314,0.045,0.0516,0.10299999999999998,0.0716,0.038799999999999994,0.0586,0.0584,0.08699999999999998,0.0544,0.0708,0.0814,0.0444,0.036,0.0384,0.0652,0.042600000000000006,0.0366,0.03219999999999999,0.049400000000000006,0.0364,0.0456
1.1867391470790902,0.008399999999999998,0.0286,0.05,0.0564,0.10959999999999999,0.067,0.0318,0.0564,0.039,0.0862,0.0522,0.0598,0.086,0.05279999999999999,0.031999999999999994,0.03359999999999999,0.068,0.03440000000000001,0.02839999999999999,0.0282,0.0464,0.0238,0.0572
1.186250968612182,0.016400000000000005,0.048799999999999996,0.0492,0.0722,0.1174,0.0644,0.037200000000000004,0.06079999999999999,0.0428,0.09479999999999998,0.0606,0.060200000000000004,0.09559999999999999,0.0626,0.033199999999999986,0.034,0.0664,0.0352,0.027800000000000002,0.0448,0.0456,0.022199999999999994,0.07400000000000001
1.18575185273727,0.015599999999999998,0.0598,0.06220000000000001,0.0762,0.115,0.0676,0.028800000000000006,0.057,0.048,0.1044,0.068,0.065,0.1144,0.06259999999999999,0.0424,0.047599999999999996,0.0678,0.0386,0.0324,0.0668,0.0442,0.021000000000000008,0.07740000000000001
1.185253156692379,0.004199999999999994,0.052399999999999995,0.0484,0.0664,0.0932,0.0522,0.008599999999999997,0.042,0.03559999999999999,0.07779999999999998,0.0554,0.05899999999999999,0.1028,0.0424,0.032,0.0268,0.0474,0.036000000000000004,0.016800000000000002,0.040999999999999995,0.022799999999999994,0.008199999999999999,0.0526
1.1847548799480236,-0.0001999999999999992,0.059,0.045399999999999996,0.0738,0.1028,0.0584,0.028200000000000006,0.061200000000000004,0.0338,0.07200000000000001,0.0656,0.06079999999999999,0.1058,0.0446,0.0386,0.0212,0.0536,0.0404,0.014200000000000003,0.035,0.0176,0.017800000000000007,0.0512
1.1842570219756081,-0.0012000000000000018,0.0456,0.008599999999999991,0.0506,0.0834,0.05979999999999999,0.0192,0.0792,0.02759999999999999,0.0628,0.056600000000000004,0.0412,0.09179999999999999,0.031999999999999994,0.022399999999999996,0.002399999999999996,0.049400000000000006,0.0338,0.006799999999999999,0.023399999999999997,0.016200000000000003,0.0228,0.0422
1.1837708830548925,-0.017400000000000002,0.0458,0.014600000000000002,0.039999999999999994,0.07,0.0718,0.0184,0.0762,0.01919999999999999,0.06880000000000001,0.05319999999999999,0.048600000000000004,0.08259999999999998,0.0326,0.014399999999999994,-0.007000000000000002,0.0494,0.02059999999999999,0.012599999999999997,0.02059999999999999,0.0174,0.014199999999999994,0.041
1.1832738515563868,-0.024199999999999996,0.054200000000000005,0.036,0.0554,0.0674,0.07440000000000001,0.022000000000000002,0.0842,0.02039999999999999,0.0738,0.05279999999999999,0.0636,0.08059999999999998,0.03239999999999999,0.0076,-0.008999999999999998,0.05360000000000001,0.02559999999999999,0.0206,0.018999999999999993,0.0164,0.018199999999999997,0.040600000000000004
1.1827772372612984,-0.0312,0.0628,0.047800000000000016,0.056600000000000004,0.0466,0.062200000000000005,0.0232,0.07499999999999998,0.012399999999999998,0.06520000000000001,0.0506,0.05780000000000002,0.07379999999999999,0.021199999999999997,-0.0144,-0.0037999999999999957,0.0396,0.0106,0.0322,0.018399999999999996,0.011000000000000012,0.023,0.037200000000000004
1.182281039644553,-0.017799999999999993,0.0712,0.059,0.06,0.058000000000000024,0.06819999999999998,0.0436,0.0772,0.0188,0.05740000000000001,0.048600000000000004,0.07200000000000001,0.0718,0.031200000000000006,-0.0031999999999999984,0.012000000000000004,0.048799999999999996,0.018,0.0428,0.016999999999999998,0.02040000000000001,0.032,0.047
1.1817965213247559,-0.0166,0.0632,0.0574,0.061399999999999996,0.05960000000000001,0.05319999999999999,0.037,0.07740000000000001,0.011399999999999995,0.060200000000000004,0.05,0.0698,0.05999999999999999,0.0264,0.0114,0.0001999999999999956,0.039,0.028,0.055799999999999995,0.02159999999999999,0.025,0.046200000000000005,0.0394
1.1813011460526441,-0.0242,0.056799999999999996,0.048600000000000004,0.055799999999999995,0.059,0.03879999999999999,0.030600000000000002,0.0642,-0.0014000000000000056,0.04179999999999999,0.039799999999999995,0.0682,0.04319999999999999,0.0128,0.0182,-0.0036000000000000016,0.03599999999999999,0.0268,0.03279999999999999,0.0019999999999999996,0.0184,0.052599999999999994,0.015999999999999997
1.180806185900793,-0.0222,0.0424,0.0304,0.045,0.05579999999999999,0.02559999999999999,0.04140000000000001,0.0506,-0.0128,0.015599999999999998,0.020199999999999996,0.07300000000000001,0.026600000000000002,0.012400000000000001,0.0086,-0.006599999999999994,0.027800000000000002,0.0238,0.008599999999999995,-0.016399999999999998,0.030000000000000006,0.027999999999999994,-0.0031999999999999984
1.1803116403476208,-0.0052000000000000015,0.0474,0.038799999999999994,0.0456,0.057,0.0314,0.053200000000000004,0.06659999999999999,-0.001399999999999997,0.020999999999999994,0.0242,0.08,0.010399999999999989,0.0184,0.013,-0.008400000000000006,0.0414,0.014999999999999996,0.017200000000000003,-0.004,0.0418,0.02359999999999999,0.009800000000000003
1.1798287345385348,-0.014200000000000004,0.0446,0.039400000000000004,0.034800000000000005,0.0416,0.0228,0.037200000000000004,0.060399999999999995,-0.004600000000000001,0.014,0.013200000000000002,0.071,-0.016200000000000003,0.0176,0.011,-0.008799999999999997,0.0264,0.0056000000000000025,0.016800000000000002,-0.02,0.041,0.020399999999999995,0.0037999999999999987
1.1793350072281823,-0.027400000000000008,0.0482,0.059,0.03339999999999999,0.029999999999999992,0.010599999999999998,0.0362,0.0458,-0.008800000000000004,-0.003600000000000003,0.0076,0.06720000000000001,-0.030600000000000002,0.0188,0.010199999999999996,-0.002800000000000005,0.026399999999999996,0.012399999999999998,0.021000000000000005,-0.031000000000000007,0.029999999999999995,0.011799999999999998,0.010000000000000002
1.1788416929687795,-0.027800000000000005,0.052,0.04379999999999999,0.0386,0.027399999999999994,0.0003999999999999994,0.0348,0.060200000000000004,0.000200000000000001,-0.008400000000000001,0.000599999999999997,0.0562,-0.023199999999999995,0.00619999999999999,0.010399999999999994,0.003,0.019399999999999997,0.0282,0.012399999999999993,-0.03660000000000001,0.038200000000000005,0.011799999999999993,0.00039999999999999856
1.1783599889766325,-0.0334,0.047200000000000006,0.03819999999999999,0.059200000000000016,0.0248,-0.0092,0.04440000000000001,0.065,0.0010000000000000022,-0.003399999999999994,-0.001799999999999998,0.047799999999999995,-0.0214,-0.005600000000000005,0.0019999999999999957,0.0074,0.0248,0.0338,0.012000000000000005,-0.029399999999999996,0.039,0.0003999999999999968,-0.0036000000000000008
1.1778674899073853,-0.03159999999999999,0.03359999999999999,0.0224,0.0748,0.030000000000000006,-0.011799999999999998,0.048799999999999996,0.07440000000000001,0.0004000000000000038,-0.002,-0.014399999999999996,0.055600000000000004,-0.0326,-0.004399999999999997,0.012600000000000004,0.005200000000000004,0.0202,0.03559999999999999,0.013600000000000004,-0.0214,0.033999999999999996,-0.0054,-0.000999999999999991
1.1773754023490537,-0.053,0.0152,0.013399999999999999,0.07859999999999999,0.0029999999999999966,-0.030199999999999994,0.048,0.074,0.009600000000000004,0.004600000000000002,-0.009999999999999995,0.046799999999999994,-0.047,-0.023399999999999997,0.009600000000000003,0.005200000000000003,0.010400000000000003,0.0288,0.007000000000000002,-0.0192,0.022,-0.017199999999999997,-0.0007999999999999971
1.1768837257860918,-0.0414,0.0334,0.0136,0.08,0.007400000000000008,-0.016599999999999993,0.0598,0.0828,0.0312,0.006200000000000003,0.008000000000000009,0.065,-0.04479999999999999,-0.017799999999999996,0.011200000000000003,0.0224,0.019,0.028000000000000004,0.0025999999999999973,-0.013199999999999998,0.0176,-0.015999999999999997,-0.0006000000000000004
1.1764036202872703,-0.030799999999999984,0.027600000000000003,0.029800000000000007,0.0874,0.008000000000000004,-0.008399999999999998,0.0718,0.083,0.0438,0.0252,0.016600000000000004,0.065,-0.021399999999999992,-0.0027999999999999982,0.009599999999999997,0.0296,0.0368,0.037399999999999996,0.027399999999999997,-0.0028000000000000017,0.04,-0.011799999999999998,0.0144
1.1759127548601234,-0.017999999999999995,0.03779999999999999,0.047799999999999995,0.0882,0.0078,-0.0052,0.0586,0.0886,0.0494,0.0438,0.0362,0.06659999999999999,0.00220000000000001,0.010400000000000006,0.0162,0.035,0.039,0.055,0.0422,0.011600000000000004,0.03860000000000001,0.0074,0.0322
1.1754222988985155,-0.022999999999999996,0.033,0.0436,0.09720000000000001,0.0114,0.004800000000000006,0.056799999999999996,0.072,0.0414,0.064,0.048799999999999996,0.0588,0.0166,0.016200000000000003,0.010999999999999996,0.051,0.0474,0.0598,0.037399999999999996,0.0208,0.051,0.014600000000000002,0.038400000000000004
1.1749433847844832,-0.018800000000000004,0.0338,0.038200000000000005,0.1018,0.0025999999999999947,0.018000000000000002,0.055600000000000004,0.0442,0.03479999999999999,0.05759999999999999,0.04,0.04359999999999999,0.02559999999999999,0.015600000000000001,0.01,0.054799999999999995,0.058,0.04519999999999999,0.0348,0.027399999999999997,0.0538,0.0021999999999999967,0.05240000000000001
1.1744537369413057,-0.012199999999999999,0.0414,0.02159999999999999,0.1216,0.009400000000000002,0.0224,0.061,0.02659999999999999,0.034199999999999994,0.06299999999999999,0.03879999999999999,0.047,0.0412,0.016999999999999998,0.012199999999999997,0.055799999999999995,0.0648,0.03279999999999999,0.0404,0.0348,0.05059999999999999,0.005599999999999999,0.0446
1.17396449704142,0.0005999999999999996,0.043,0.0286,0.1286,0.0238,0.02959999999999999,0.0676,0.01,0.0342,0.07399999999999998,0.040600000000000004,0.05980000000000002,0.0404,0.031799999999999995,0.0258,0.048799999999999996,0.07379999999999999,0.01799999999999999,0.05779999999999999,0.0538,0.0396,0.0154,0.0528
1.1734867698830298,-0.004600000000000002,0.037,0.0182,0.09299999999999999,0.027,0.0326,0.0506,0.0006000000000000049,0.028399999999999998,0.0658,0.02939999999999999,0.051,0.03679999999999999,0.0516,0.047400000000000005,0.028999999999999995,0.0584,0.00559999999999999,0.0444,0.053599999999999995,0.02659999999999999,0.0246,0.04719999999999999
1.1729983350991373,-0.020600000000000004,0.018799999999999994,0.007,0.05579999999999999,0.019399999999999997,0.022999999999999996,0.0338,-0.0144,0.014199999999999992,0.055399999999999984,0.019799999999999995,0.021999999999999992,0.0324,0.0324,0.02619999999999999,0.005999999999999992,0.0424,-0.010000000000000009,0.021199999999999993,0.02319999999999999,0.010399999999999994,-0.00040000000000000555,0.02519999999999999
1.1725213937875278,-0.003600000000000007,0.0362,0.022200000000000008,0.05319999999999999,0.032199999999999986,0.03139999999999999,0.047200000000000006,-0.0013999999999999941,0.02560000000000001,0.06980000000000001,0.02840000000000001,0.013199999999999998,0.048600000000000004,0.046200000000000005,0.026999999999999996,0.007000000000000004,0.0378,-0.0019999999999999983,0.0318,0.015600000000000003,0.0142,0.008200000000000002,0.016399999999999998
1.1720337621338577,-0.011599999999999997,0.0422,0.029600000000000005,0.0502,0.022800000000000004,0.027399999999999997,0.053,0.0052000000000000084,0.022800000000000004,0.0714,0.017200000000000003,0.000400000000000002,0.065,0.04179999999999999,0.0222,0.0033999999999999985,0.039799999999999995,0.0184,0.035,0.007600000000000006,0.014999999999999996,0.019800000000000005,0.0011999999999999945
1.1715465359069566,-0.0316,0.0416,0.026600000000000002,0.0396,0.016399999999999998,0.0314,0.0432,0.013600000000000004,0.030600000000000002,0.06499999999999999,0.012400000000000005,0.001200000000000001,0.0434,0.0402,0.0258,-0.012400000000000001,0.0224,0.025,0.027399999999999994,-0.0039999999999999975,-0.008,0.014999999999999996,-0.003400000000000006
1.1710707742288877,-0.03559999999999999,0.048,0.0162,0.04800000000000001,0.0246,0.0418,0.0572,0.023,0.0346,0.0526,0.006000000000000004,-0.013399999999999999,0.0328,0.0418,0.025999999999999995,-0.02859999999999999,0.019600000000000006,0.013399999999999995,0.027999999999999997,-0.019399999999999994,-0.011999999999999995,0.013599999999999998,-0.009800000000000003
1.1705843481544416,-0.030199999999999998,0.0584,0.0136,0.038799999999999994,0.021199999999999997,0.04,0.0658,0.037200000000000004,0.038200000000000005,0.0458,-0.005799999999999995,-0.0003999999999999932,0.037,0.043,0.0308,-0.038200000000000005,0.020200000000000006,0.012199999999999996,0.022199999999999994,-0.01639999999999999,-0.015799999999999995,0.015000000000000001,-0.0182
1.1700983260044917,-0.03700000000000001,0.0576,0.0156,0.02319999999999999,0.009399999999999995,0.032600000000000004,0.065,0.05600000000000001,0.0504,0.0424,0.014800000000000008,0.015600000000000003,0.027999999999999994,0.038799999999999994,0.025399999999999995,-0.0446,0.0096,0.013799999999999993,0.013199999999999996,-0.009599999999999992,-0.02159999999999999,0.013799999999999996,-0.038799999999999994
1.1696237395889337,-0.02959999999999999,0.0732,0.0458,0.0292,0.02640000000000001,0.049,0.07740000000000001,0.08720000000000001,0.0732,0.0554,0.04920000000000001,0.03140000000000001,0.0282,0.059000000000000004,0.045399999999999996,-0.00999999999999999,0.019000000000000006,0.028,0.02759999999999999,0.01020000000000001,-0.0003999999999999922,0.023999999999999997,-0.021399999999999992
1.1691385146283744,-0.033600000000000005,0.09079999999999999,0.06480000000000001,0.03960000000000001,0.030600000000000006,0.060200000000000004,0.09259999999999999,0.11259999999999999,0.0932,0.059,0.0724,0.04060000000000001,0.04020000000000001,0.0734,0.0626,0.018800000000000008,0.032,0.0424,0.035800000000000005,0.02140000000000001,0.01840000000000001,0.04200000000000001,-0.0061999999999999954
1.168664706325869,-0.0184,0.11159999999999998,0.08020000000000001,0.0592,0.04720000000000001,0.06319999999999999,0.10499999999999998,0.124,0.111,0.0648,0.086,0.05140000000000001,0.0578,0.07960000000000002,0.0644,0.0516,0.04240000000000001,0.0544,0.053,0.03860000000000001,0.0504,0.0528,0.017400000000000006
1.168180276594943,-0.005399999999999999,0.129,0.08979999999999999,0.0746,0.055,0.06679999999999998,0.11040000000000001,0.1396,0.1114,0.0762,0.089,0.07099999999999998,0.0608,0.10400000000000001,0.0746,0.0726,0.056400000000000006,0.06459999999999999,0.0592,0.062,0.06219999999999999,0.069,0.0258
1.1677072444934127,-0.0108,0.11559999999999998,0.0808,0.07579999999999999,0.047799999999999995,0.07179999999999999,0.1016,0.1408,0.0986,0.061,0.0798,0.08459999999999998,0.05400000000000001,0.10620000000000002,0.0696,0.0678,0.07080000000000002,0.0572,0.0432,0.0716,0.052399999999999995,0.0638,0.0364
1.1672236080387821,-0.031000000000000007,0.10479999999999999,0.0792,0.08580000000000002,0.0458,0.0892,0.0906,0.12599999999999997,0.09620000000000001,0.060399999999999995,0.0884,0.0842,0.05520000000000002,0.09999999999999999,0.0772,0.0722,0.07540000000000001,0.040400000000000005,0.0386,0.08180000000000001,0.05999999999999999,0.055,0.062200000000000005
1.1667513502324094,-0.0256,0.1102,0.07399999999999998,0.0996,0.0434,0.0834,0.0842,0.1216,0.09,0.07179999999999999,0.0948,0.0804,0.053399999999999996,0.0808,0.069,0.0872,0.07840000000000001,0.032,0.0466,0.0886,0.0662,0.061200000000000004,0.07019999999999998
1.1662685051071273,-0.039400000000000004,0.0884,0.0662,0.07740000000000001,0.02059999999999999,0.06239999999999998,0.054599999999999996,0.10740000000000001,0.07079999999999999,0.05759999999999999,0.06879999999999999,0.0664,0.017199999999999997,0.04299999999999999,0.04479999999999999,0.08199999999999999,0.0684,0.011399999999999995,0.0384,0.08399999999999999,0.05419999999999999,0.0474,0.054799999999999995
1.1657860594550888,-0.04700000000000001,0.07659999999999999,0.061,0.06879999999999999,0.030600000000000006,0.052,0.03579999999999999,0.1006,0.057399999999999986,0.0394,0.050799999999999984,0.054,0.01039999999999999,0.028199999999999996,0.0362,0.0724,0.052399999999999995,0.011000000000000001,0.0396,0.06599999999999999,0.047799999999999995,0.0344,0.057399999999999986
1.1653149639598155,-0.032999999999999995,0.07740000000000001,0.06299999999999999,0.08979999999999999,0.0554,0.0526,0.0386,0.09299999999999999,0.056600000000000004,0.045,0.0394,0.0448,0.01359999999999999,0.04420000000000001,0.042,0.0728,0.059,0.010199999999999999,0.046200000000000005,0.06839999999999997,0.053,0.037399999999999996,0.0752
1.1648333067175185,-0.043,0.05219999999999999,0.056799999999999996,0.0832,0.039799999999999995,0.0376,0.037,0.06899999999999999,0.03799999999999999,0.017999999999999988,0.026600000000000006,0.027600000000000006,0.005599999999999992,0.035,0.01279999999999999,0.0512,0.05,-0.006,0.0214,0.052,0.026199999999999994,0.028,0.060399999999999995
1.1643629807692308,-0.049,0.0458,0.055400000000000005,0.0874,0.04460000000000001,0.03339999999999999,0.0224,0.06579999999999998,0.020999999999999994,0.009400000000000002,0.0192,0.020400000000000012,-0.0166,0.02059999999999999,-0.004399999999999998,0.048400000000000006,0.0536,-0.004199999999999994,0.020600000000000007,0.04580000000000002,0.009599999999999996,0.028200000000000006,0.0466
1.1638821100056316,-0.0422,0.058600000000000006,0.07120000000000001,0.10980000000000001,0.06100000000000001,0.041,0.0272,0.0792,0.030200000000000008,0.017800000000000007,0.04360000000000001,0.04120000000000001,-0.007599999999999994,0.028000000000000008,-0.0005999999999999934,0.06220000000000002,0.06659999999999999,-0.0031999999999999963,0.026200000000000008,0.06120000000000002,0.0072000000000000015,0.0362,0.048400000000000006
1.1634125517202556,-0.038,0.06340000000000001,0.08120000000000001,0.121,0.0778,0.0592,0.0446,0.0818,0.0522,0.020000000000000004,0.0688,0.054200000000000005,0.011600000000000004,0.0304,0.0062,0.0572,0.07479999999999999,0.011800000000000001,0.0334,0.079,0.010399999999999998,0.0446,0.060399999999999995
1.1629324655106117,-0.032799999999999996,0.0788,0.097,0.11700000000000002,0.09880000000000001,0.066,0.053000000000000005,0.07379999999999999,0.056600000000000004,0.02840000000000001,0.082,0.060399999999999995,0.017400000000000002,0.0326,0.02140000000000001,0.0752,0.0856,0.015400000000000006,0.0474,0.0916,0.03979999999999999,0.05140000000000001,0.0742
1.1624636730102185,-0.0192,0.08499999999999999,0.111,0.1076,0.1016,0.0644,0.0592,0.0726,0.0546,0.0282,0.0724,0.0682,0.023200000000000005,0.0344,0.026000000000000002,0.0686,0.0932,0.0058000000000000005,0.0514,0.1016,0.035,0.0534,0.0726
1.1619843694360625,-0.014199999999999999,0.08020000000000001,0.126,0.0968,0.10840000000000001,0.064,0.078,0.07019999999999998,0.055799999999999995,0.020800000000000006,0.062400000000000004,0.07540000000000001,0.025199999999999997,0.0414,0.039200000000000006,0.068,0.097,0.003400000000000003,0.045200000000000004,0.10479999999999999,0.030600000000000002,0.053399999999999996,0.06299999999999999
1.1615163408488438,-0.0007999999999999968,0.112,0.14939999999999998,0.12300000000000001,0.1412,0.077,0.11540000000000002,0.07499999999999998,0.07440000000000001,0.0446,0.0882,0.10579999999999998,0.0564,0.072,0.0696,0.07799999999999999,0.10559999999999999,0.032600000000000004,0.061799999999999994,0.1164,0.0518,0.0694,0.0762
1.1610378179979588,0.017200000000000003,0.1438,0.17860000000000004,0.1492,0.172,0.094,0.1596,0.0912,0.1016,0.0674,0.1216,0.12179999999999999,0.08580000000000002,0.10940000000000001,0.09340000000000001,0.10940000000000001,0.1248,0.055200000000000006,0.08679999999999999,0.1364,0.0676,0.0886,0.085
1.1605705514582008,0.030600000000000006,0.1578,0.2042,0.166,0.17759999999999995,0.10940000000000001,0.1688,0.10959999999999999,0.11120000000000001,0.0952,0.1442,0.1324,0.11080000000000001,0.118,0.1192,0.12840000000000001,0.12099999999999998,0.08880000000000002,0.0998,0.1366,0.0798,0.09259999999999999,0.09980000000000001
1.1601036608755042,0.0366,0.16360000000000002,0.22219999999999998,0.17880000000000001,0.18480000000000002,0.1258,0.1748,0.10779999999999998,0.1268,0.11599999999999999,0.13859999999999997,0.1462,0.12480000000000001,0.113,0.156,0.1342,0.10859999999999997,0.09839999999999997,0.10840000000000001,0.1432,0.0916,0.10779999999999998,0.12179999999999999
1.1596263010726544,0.041,0.1604,0.21419999999999997,0.16939999999999997,0.1844,0.13199999999999998,0.18159999999999996,0.09440000000000001,0.1272,0.1226,0.1432,0.148,0.1336,0.1198,0.15639999999999998,0.1276,0.1004,0.0902,0.1056,0.1426,0.08919999999999997,0.09779999999999998,0.1354
1.1591601697608764,0.0224,0.15059999999999996,0.19919999999999996,0.1424,0.15299999999999997,0.1326,0.17320000000000002,0.0752,0.10499999999999998,0.11040000000000001,0.13419999999999999,0.1278,0.1158,0.0974,0.14899999999999997,0.1026,0.09559999999999998,0.08940000000000001,0.0858,0.11479999999999999,0.07779999999999998,0.07959999999999999,0.122
1.158683585938814,0.019999999999999997,0.1534,0.1936,0.1374,0.14439999999999997,0.12140000000000001,0.165,0.0704,0.09259999999999997,0.1022,0.12059999999999998,0.1162,0.1162,0.08940000000000001,0.1538,0.10779999999999998,0.0912,0.08300000000000002,0.0734,0.09620000000000001,0.08199999999999999,0.0674,0.12
1.1582182120473377,0.0003999999999999954,0.1304,0.1664,0.1316,0.1262,0.1012,0.1334,0.06340000000000001,0.08020000000000001,0.075,0.10199999999999998,0.1028,0.11180000000000001,0.08099999999999999,0.14079999999999998,0.0844,0.0702,0.075,0.05379999999999999,0.07740000000000001,0.0642,0.0514,0.09439999999999998
1.1577424023154848,0.0156,0.1342,0.163,0.1368,0.1318,0.10959999999999999,0.1402,0.076,0.1,0.0866,0.1198,0.1066,0.12060000000000003,0.11080000000000001,0.1528,0.0992,0.081,0.09659999999999999,0.06980000000000001,0.091,0.0858,0.062,0.10859999999999999
1.1572777839997013,0.025199999999999997,0.15380000000000002,0.168,0.15560000000000002,0.1452,0.12840000000000001,0.149,0.0848,0.1238,0.10200000000000001,0.129,0.1184,0.1428,0.131,0.1732,0.097,0.1006,0.10959999999999999,0.0994,0.107,0.114,0.08480000000000001,0.13479999999999998
1.1568135384500564,0.0242,0.1358,0.14660000000000004,0.1412,0.1306,0.12140000000000001,0.13819999999999996,0.0874,0.1194,0.08479999999999999,0.13319999999999999,0.11320000000000001,0.13119999999999998,0.12,0.16759999999999997,0.1006,0.1144,0.10379999999999999,0.0958,0.101,0.0996,0.0838,0.14360000000000003
1.1563388818949039,0.0112,0.1092,0.1348,0.13520000000000001,0.1144,0.11259999999999999,0.11679999999999999,0.0852,0.1238,0.08239999999999997,0.1248,0.10540000000000001,0.10099999999999999,0.09999999999999999,0.14479999999999998,0.0862,0.11000000000000001,0.09439999999999998,0.0844,0.09040000000000001,0.0984,0.0736,0.134
1.1558753891757862,-0.0007999999999999988,0.1024,0.1178,0.1114,0.11179999999999998,0.11279999999999998,0.1212,0.08159999999999999,0.11699999999999998,0.06819999999999998,0.11359999999999999,0.104,0.08299999999999999,0.08259999999999999,0.1154,0.07740000000000001,0.12320000000000002,0.0846,0.07840000000000001,0.08599999999999998,0.0958,0.07379999999999999,0.1222
1.1554015020219526,0.005600000000000003,0.1114,0.1034,0.10220000000000001,0.1166,0.1198,0.124,0.1062,0.10859999999999999,0.088,0.1166,0.1056,0.0974,0.0886,0.09780000000000001,0.08059999999999999,0.1482,0.10439999999999998,0.0832,0.09079999999999999,0.1144,0.0772,0.11379999999999998
1.154938760303637,0.0164,0.1176,0.1128,0.10980000000000001,0.12819999999999998,0.1266,0.12479999999999998,0.127,0.1252,0.0892,0.12179999999999999,0.1138,0.11059999999999999,0.09999999999999999,0.10380000000000002,0.078,0.14800000000000002,0.12259999999999999,0.0858,0.0948,0.13279999999999997,0.0844,0.11899999999999998
1.1544763890957843,0.019399999999999997,0.1154,0.1184,0.11480000000000001,0.1336,0.1366,0.13519999999999996,0.13079999999999997,0.14179999999999998,0.0874,0.10639999999999998,0.12340000000000001,0.126,0.1138,0.103,0.0742,0.15000000000000002,0.1252,0.0948,0.09799999999999999,0.14759999999999995,0.10579999999999999,0.11659999999999998
1.154003648140565,0.0208,0.1034,0.115,0.10940000000000001,0.13,0.1316,0.12899999999999998,0.13119999999999998,0.14579999999999999,0.1,0.09959999999999998,0.1284,0.1176,0.12059999999999998,0.09440000000000001,0.071,0.15680000000000002,0.12539999999999998,0.1076,0.1036,0.1392,0.10999999999999999,0.1076
1.1535420252104749,0.037200000000000004,0.121,0.1138,0.1056,0.13479999999999998,0.13679999999999998,0.13999999999999996,0.12299999999999998,0.14439999999999997,0.11799999999999998,0.09540000000000003,0.13,0.10399999999999998,0.12079999999999998,0.0838,0.0814,0.162,0.1194,0.11359999999999999,0.1036,0.13279999999999997,0.1148,0.11479999999999999
1.153080771448232,0.0366,0.115,0.0952,0.08979999999999999,0.12539999999999998,0.11179999999999998,0.1354,0.10779999999999998,0.12739999999999999,0.1026,0.07420000000000002,0.119,0.07599999999999998,0.08239999999999997,0.053399999999999996,0.08059999999999999,0.142,0.09339999999999998,0.0896,0.07100000000000001,0.11199999999999999,0.0932,0.08559999999999998
1.152609172538157,0.014199999999999994,0.0844,0.0698,0.07479999999999998,0.09339999999999998,0.0854,0.1162,0.08399999999999999,0.10740000000000001,0.0798,0.06420000000000001,0.1038,0.06,0.05179999999999999,0.0248,0.07279999999999999,0.10940000000000001,0.07379999999999998,0.0594,0.054799999999999995,0.07759999999999997,0.06499999999999999,0.0498
1.1521486643437864,0.0037999999999999996,0.077,0.057999999999999996,0.07279999999999999,0.08279999999999998,0.082,0.1088,0.07899999999999999,0.09559999999999998,0.0664,0.06920000000000001,0.0952,0.07359999999999998,0.0432,0.014599999999999998,0.0652,0.08679999999999999,0.06779999999999999,0.046799999999999994,0.054,0.061599999999999995,0.059,0.025799999999999993
1.1516885239811272,0.003400000000000002,0.07940000000000001,0.04340000000000001,0.0678,0.052,0.07780000000000001,0.0998,0.07579999999999999,0.08020000000000001,0.040999999999999995,0.0576,0.0858,0.07759999999999999,0.027399999999999997,0.016399999999999998,0.0644,0.06939999999999998,0.05579999999999999,0.031,0.047200000000000006,0.058,0.0512,0.020999999999999994
1.151218062982769,-0.014800000000000004,0.07540000000000002,0.0316,0.056,0.04719999999999999,0.06079999999999999,0.0732,0.0554,0.0628,0.022999999999999993,0.025399999999999992,0.060799999999999986,0.0746,0.002399999999999996,0.007,0.04879999999999999,0.0456,0.03579999999999999,0.014599999999999998,0.0374,0.0402,0.0416,0.000999999999999994
1.1507586654911606,-0.0256,0.07840000000000001,0.028200000000000006,0.047799999999999995,0.049,0.048600000000000004,0.0592,0.046200000000000005,0.06720000000000001,0.006399999999999998,0.003399999999999995,0.0442,0.0484,-0.015600000000000001,0.004800000000000004,0.045000000000000005,0.0316,0.03400000000000001,0.01580000000000001,0.029999999999999995,0.026200000000000008,0.0286,-0.014800000000000004
1.1502996345015677,-0.018799999999999994,0.0708,0.03820000000000002,0.038,0.03900000000000001,0.0412,0.0666,0.038400000000000004,0.07020000000000001,0.014200000000000006,-0.011199999999999993,0.0334,0.0434,-0.020999999999999994,0.004200000000000005,0.046200000000000005,0.0268,0.039400000000000004,0.029600000000000008,0.037000000000000005,0.0178,0.027000000000000007,-0.013799999999999986
1.1498303073014224,-0.02,0.06,0.0252,0.020399999999999998,0.032799999999999996,0.022600000000000002,0.054799999999999995,0.020399999999999995,0.0444,0.011199999999999996,-0.013599999999999998,0.016399999999999998,0.034199999999999994,-0.0312,-0.0074,0.0378,-0.0024000000000000093,0.0354,0.016399999999999998,0.022399999999999996,-0.003400000000000003,0.0074,-0.0206
1.14937201649905,-0.015999999999999993,0.059,0.035,0.019600000000000006,0.030600000000000002,0.0422,0.054200000000000005,0.011799999999999998,0.03559999999999999,-0.006800000000000001,-0.008199999999999994,0.007400000000000002,0.02359999999999999,-0.0476,-0.009800000000000001,0.0348,-0.015199999999999997,0.031,0.009400000000000002,0.018,0.0002,0.0106,-0.018800000000000004
1.1489140908753985,-0.007199999999999997,0.073,0.0682,0.04180000000000002,0.0396,0.062200000000000005,0.0758,0.030800000000000004,0.0528,0.0014000000000000048,0.02700000000000002,0.01960000000000001,0.057400000000000014,-0.0318,0.011000000000000003,0.04319999999999999,0.002000000000000007,0.062000000000000006,0.026999999999999996,0.044000000000000004,0.018000000000000006,0.0164,-0.005399999999999997
1.1484565299941651,-0.0067999999999999935,0.07959999999999999,0.09,0.0466,0.05000000000000001,0.08120000000000001,0.0832,0.0312,0.049,0.0036000000000000034,0.03640000000000001,0.0206,0.0654,-0.019600000000000003,0.0214,0.038400000000000004,0.002400000000000002,0.08059999999999999,0.03459999999999999,0.056,0.0208,0.0224,0.0114
1.1479887052724158,-0.0014000000000000039,0.09239999999999998,0.1024,0.0376,0.072,0.092,0.07679999999999998,0.04419999999999999,0.0448,0.009600000000000001,0.029999999999999995,0.025000000000000005,0.054,-0.016000000000000004,0.029,0.0454,0.009199999999999998,0.08199999999999999,0.031799999999999995,0.05600000000000001,0.012399999999999991,0.017799999999999996,0.019799999999999995
1.147531881026856,-0.024200000000000017,0.10259999999999998,0.11759999999999998,0.048799999999999996,0.086,0.1062,0.08059999999999999,0.048199999999999986,0.046200000000000005,0.029,0.0027999999999999865,0.025,0.043,-0.001599999999999997,0.039,0.054200000000000005,0.0208,0.0834,0.035,0.06420000000000001,0.02159999999999999,0.013199999999999998,0.022399999999999993
1.1470754202088786,-0.034,0.10279999999999999,0.11799999999999998,0.045,0.107,0.10679999999999999,0.07039999999999998,0.0474,0.0364,0.0496,0.011200000000000007,0.016599999999999993,0.0428,0.001999999999999999,0.055600000000000004,0.0632,0.026399999999999996,0.07740000000000001,0.03419999999999999,0.06219999999999999,0.003199999999999994,0.022,0.024199999999999996
1.146619322384968,-0.018600000000000002,0.10899999999999999,0.11040000000000001,0.0546,0.11140000000000003,0.11199999999999999,0.08120000000000001,0.0634,0.05320000000000001,0.0698,0.042,0.034199999999999994,0.05240000000000001,0.023000000000000003,0.0712,0.09280000000000001,0.032,0.10099999999999999,0.042,0.0628,0.012,0.034,0.0338
1.1461529929382186,-0.010800000000000006,0.1062,0.11259999999999999,0.052,0.0912,0.1022,0.07759999999999999,0.055600000000000004,0.0508,0.07540000000000001,0.0718,0.04419999999999999,0.066,0.044,0.07940000000000001,0.0886,0.03640000000000001,0.09679999999999998,0.0396,0.0616,0.015400000000000002,0.0342,0.0476
1.1456976282211198,-0.0031999999999999845,0.1172,0.1162,0.05000000000000001,0.07940000000000001,0.09540000000000001,0.0716,0.0528,0.0424,0.0668,0.07579999999999998,0.0422,0.0574,0.03540000000000001,0.0706,0.0818,0.0368,0.0898,0.0218,0.0506,0.02660000000000001,0.0308,0.03480000000000001
1.1452426251916434,0.010999999999999998,0.12959999999999997,0.1262,0.0724,0.08699999999999998,0.1018,0.08179999999999998,0.0638,0.067,0.0864,0.09199999999999998,0.060399999999999995,0.05119999999999999,0.037000000000000005,0.0792,0.0948,0.0598,0.098,0.0308,0.059,0.040400000000000005,0.03540000000000001,0.046799999999999994
1.1447879834190384,0.004799999999999995,0.14299999999999996,0.12039999999999998,0.072,0.0886,0.0998,0.09359999999999999,0.06919999999999998,0.0846,0.1066,0.10199999999999998,0.0648,0.0664,0.039,0.0828,0.0958,0.0536,0.1102,0.042,0.05,0.0314,0.0332,0.05560000000000001
1.1443231420898663,0.008400000000000001,0.1528,0.109,0.060399999999999995,0.0902,0.096,0.1002,0.06900000000000002,0.0718,0.1092,0.09359999999999999,0.0526,0.055799999999999995,0.025000000000000005,0.08200000000000002,0.0886,0.033400000000000006,0.1076,0.03540000000000001,0.037,0.02540000000000001,0.035,0.05980000000000002
1.1438692299177153,-0.010600000000000004,0.145,0.0912,0.0596,0.0828,0.0818,0.09540000000000001,0.06719999999999998,0.06799999999999999,0.11059999999999999,0.0838,0.053399999999999996,0.0384,0.0228,0.0872,0.0974,0.0218,0.10080000000000001,0.0308,0.0338,0.018,0.024199999999999996,0.046799999999999994
1.1434156777043163,-0.0021999999999999928,0.1434,0.0866,0.061,0.08220000000000001,0.07840000000000001,0.1144,0.0752,0.0726,0.11780000000000002,0.0994,0.054200000000000005,0.046200000000000005,0.042600000000000006,0.09240000000000001,0.10479999999999999,0.0228,0.10540000000000001,0.04,0.04,0.0352,0.04060000000000001,0.046799999999999994
1.1429624850216609,0.0312,0.141,0.0978,0.05379999999999999,0.08120000000000001,0.0866,0.12040000000000001,0.0828,0.07759999999999999,0.11980000000000002,0.12139999999999998,0.0606,0.06340000000000001,0.046000000000000006,0.10540000000000001,0.1052,0.027,0.10640000000000001,0.046200000000000005,0.047400000000000005,0.0446,0.0614,0.06720000000000001
1.1425096514424185,0.05419999999999999,0.1498,0.123,0.062,0.0886,0.0968,0.141,0.0912,0.09980000000000001,0.1262,0.1254,0.0746,0.0756,0.0394,0.1058,0.10379999999999999,0.0346,0.1212,0.058,0.0684,0.07520000000000002,0.0638,0.0686
1.142046658132017,0.05879999999999999,0.15839999999999999,0.1472,0.066,0.101,0.10479999999999999,0.145,0.0958,0.11480000000000001,0.1274,0.1336,0.07840000000000001,0.073,0.03459999999999999,0.1032,0.08559999999999998,0.0412,0.1072,0.07479999999999999,0.0852,0.075,0.0638,0.061399999999999996
1.1415945498066653,0.0544,0.1624,0.15919999999999998,0.08059999999999999,0.11040000000000001,0.12240000000000001,0.1476,0.1,0.12480000000000001,0.1352,0.1196,0.086,0.0664,0.027,0.0882,0.08959999999999999,0.03820000000000001,0.10640000000000001,0.0698,0.092,0.07679999999999998,0.0726,0.0494
1.1411427992969088,0.04664242424242421,0.15963636363636355,0.1602909090909091,0.08100606060606057,0.11409696969696966,0.1270060606060606,0.14349090909090903,0.10221818181818178,0.1253818181818181,0.13487272727272723,0.1180484848484848,0.08587878787878782,0.0685090909090909,0.027187878787878778,0.08938181818181815,0.09076363636363635,0.04027878787878788,0.1020727272727272,0.07147878787878785,0.09856969696969696,0.07719999999999998,0.0751151515151515,0.040339393939393904
1.140691406178132,0.031127272727272698,0.1541090909090908,0.16247272727272724,0.08181818181818179,0.12149090909090904,0.1362181818181818,0.1352727272727272,0.1066545454545454,0.1265454545454545,0.13421818181818176,0.11494545454545448,0.08563636363636357,0.07272727272727272,0.02756363636363635,0.09174545454545452,0.0930909090909091,0.044436363636363635,0.09341818181818176,0.07483636363636362,0.11170909090909092,0.07799999999999999,0.08014545454545453,0.02221818181818179
1.140240370026391,0.015612121212121181,0.14858181818181804,0.16465454545454541,0.08263030303030303,0.12888484848484844,0.14543030303030302,0.1270545454545454,0.11109090909090903,0.12770909090909083,0.1335636363636363,0.11184242424242419,0.08539393939393933,0.07694545454545457,0.027939393939393924,0.09410909090909089,0.09541818181818182,0.048593939393939384,0.08476363636363632,0.07819393939393936,0.12484848484848485,0.07879999999999998,0.08517575757575756,0.00409696969696968
1.139789690418413,9.69696969696656e-05,0.14305454545454535,0.16683636363636362,0.08344242424242422,0.13627878787878786,0.15464242424242422,0.11883636363636359,0.11552727272727267,0.1288727272727272,0.13290909090909084,0.1087393939393939,0.0851515151515151,0.08116363636363637,0.028315151515151498,0.09647272727272725,0.09774545454545457,0.05275151515151513,0.07610909090909086,0.08155151515151514,0.13798787878787877,0.07959999999999998,0.09020606060606058,-0.01402424242424243
1.139328898526223,-0.01541818181818185,0.13752727272727258,0.1690181818181818,0.08425454545454544,0.14367272727272723,0.16385454545454545,0.11061818181818175,0.11996363636363633,0.13003636363636356,0.1322545454545454,0.1056363636363636,0.08490909090909086,0.08538181818181818,0.028690909090909072,0.09883636363636361,0.10007272727272727,0.0569090909090909,0.06745454545454542,0.08490909090909088,0.15112727272727272,0.08039999999999997,0.0952363636363636,-0.03214545454545455
